,glucose,glucose.1,glucose.2,acetate,acetate.1,acetate.2,pyruvate,pyruvate.1,pyruvate.2
gnd,1394131.0,1422471.0,1410036.0,0.0,0.0,0.0,0.0,0.0,0.0
frdA,0.0,0.0,0.0,0.0,0.0,0.0,0.0,0.0,0.0
gdhA,3139.0,3354.0,3065.0,0.0,0.0,0.0,7.0,8.0,7.0
ndh,0.0,0.0,0.0,0.0,0.0,0.0,0.0,0.0,0.0
sodA,0.0,0.0,0.0,0.0,0.0,0.0,0.0,0.0,0.0
nrdA,0.0,0.0,0.0,0.0,0.0,0.0,0.0,0.0,0.0
malP,0.0,0.0,0.0,0.0,0.0,0.0,0.0,0.0,0.0
aspC,78190.0,72578.0,70153.0,0.0,0.0,0.0,165.0,7.0,7.0
thrB,0.0,0.0,0.0,0.0,0.0,0.0,0.0,0.0,0.0
mtlA,0.0,0.0,0.0,0.0,0.0,0.0,0.0,0.0,0.0
thrA,0.0,0.0,0.0,0.0,0.0,0.0,909.0,1131.0,1045.0
metL,0.0,0.0,0.0,0.0,0.0,0.0,0.0,0.0,0.0
ansB,0.0,0.0,0.0,0.0,0.0,0.0,0.0,0.0,0.0
lysA,0.0,0.0,0.0,0.0,0.0,0.0,741.0,595.0,532.0
ppc,97763.0,96778.0,86644.0,0.0,0.0,0.0,0.0,0.0,0.0
aroH,0.0,0.0,0.0,0.0,0.0,0.0,0.0,0.0,0.0
aroF,0.0,0.0,0.0,0.0,0.0,0.0,0.0,0.0,0.0
ilvI,0.0,0.0,0.0,0.0,0.0,0.0,882.0,462.0,126.0
ilvH,116627.0,170243.0,149443.0,0.0,0.0,0.0,781.0,412.0,122.0
trpE,3422.0,3520.0,4099.0,0.0,0.0,0.0,12.0,11.0,10.0
trpG,0.0,0.0,0.0,0.0,0.0,0.0,355.0,343.0,303.0
trpC,80440.0,70135.0,73309.0,0.0,0.0,0.0,267.0,193.0,179.0
dsdA,0.0,0.0,0.0,0.0,0.0,0.0,0.0,0.0,0.0
thrC,0.0,0.0,0.0,0.0,0.0,0.0,4753.0,3003.0,3338.0
metB,11265.0,11112.0,12836.0,0.0,0.0,0.0,41.0,35.0,30.0
cyaA,0.0,0.0,0.0,0.0,0.0,0.0,0.0,0.0,0.0
xylA,0.0,0.0,0.0,0.0,0.0,0.0,0.0,0.0,0.0
manA,0.0,0.0,0.0,0.0,0.0,0.0,0.0,0.0,0.0
asnA,176586.0,173319.0,187577.0,0.0,0.0,0.0,0.0,0.0,0.0
carB,0.0,0.0,0.0,0.0,0.0,0.0,0.0,0.0,0.0
malF,0.0,0.0,0.0,0.0,0.0,0.0,0.0,0.0,0.0
mrcA,0.0,3728.0,3084.0,0.0,0.0,0.0,0.0,33.0,0.0
mrcB,0.0,0.0,0.0,0.0,0.0,0.0,34.0,37.0,0.0
araF,0.0,0.0,0.0,0.0,0.0,0.0,0.0,0.0,0.0
rbsB,0.0,0.0,0.0,0.0,0.0,0.0,0.0,0.0,0.0
dapB,211861.0,214581.0,208728.0,0.0,0.0,0.0,702.0,424.0,468.0
guaA,0.0,0.0,0.0,0.0,0.0,0.0,0.0,0.0,0.0
argI,0.0,0.0,0.0,0.0,0.0,0.0,0.0,0.0,0.0
gshB,0.0,0.0,0.0,0.0,0.0,0.0,0.0,0.0,0.0
tyrB,6426.0,7265.0,6535.0,0.0,0.0,0.0,20.0,126.0,112.0
gltX,16461.0,16419.0,17163.0,0.0,0.0,0.0,58.0,39.0,41.0
pepN,0.0,0.0,0.0,0.0,0.0,0.0,0.0,0.0,0.0
kdsB,19800.0,19571.0,18658.0,0.0,0.0,0.0,55.0,38.0,44.0
ilvA,5.0,5.0,5.0,0.0,0.0,0.0,0.0,0.0,0.0
rbsD,0.0,0.0,0.0,0.0,0.0,0.0,0.0,0.0,0.0
rbsA,0.0,0.0,0.0,0.0,0.0,0.0,0.0,0.0,0.0
pyrC,0.0,0.0,0.0,0.0,0.0,0.0,0.0,0.0,0.0
pabB,0.0,0.0,0.0,0.0,0.0,0.0,0.0,0.0,0.0
fumC,0.0,0.0,0.0,0.0,0.0,0.0,0.0,0.0,0.0
aroD,12203.0,12821.0,12934.0,0.0,0.0,0.0,46.0,26.0,28.0
pdxB,1606.0,1783.0,1631.0,0.0,0.0,0.0,0.0,0.0,0.0
apaH,0.0,0.0,0.0,0.0,0.0,0.0,0.0,0.0,0.0
srlB,0.0,0.0,0.0,0.0,0.0,0.0,0.0,0.0,0.0
ilvD,90264.0,97563.0,92476.0,0.0,0.0,0.0,337.0,192.0,204.0
ilvC,480481.0,501540.0,469888.0,0.0,0.0,0.0,1364.0,918.0,1093.0
uidA,0.0,0.0,0.0,0.0,0.0,0.0,0.0,0.0,0.0
dld,0.0,0.0,0.0,0.0,0.0,0.0,0.0,0.0,0.0
btuE,0.0,0.0,0.0,0.0,0.0,0.0,0.0,0.0,0.0
gor,6782.0,6870.0,7130.0,0.0,0.0,0.0,21.0,16.0,17.0
melA,0.0,0.0,0.0,0.0,0.0,0.0,0.0,0.0,0.0
metC,0.0,0.0,0.0,0.0,0.0,0.0,0.0,0.0,0.0
aceF,557282.0,558343.0,585595.0,0.0,0.0,0.0,0.0,0.0,0.0
argF,599.0,459.0,781.0,0.0,0.0,0.0,2.0,2.0,2.0
dut,0.0,0.0,0.0,0.0,0.0,0.0,0.0,0.0,0.0
hemC,0.0,0.0,0.0,0.0,0.0,0.0,245.0,148.0,172.0
hisC,283.0,305.0,315.0,0.0,0.0,0.0,1.0,1.0,1.0
hisB,1326.0,1288.0,1432.0,0.0,0.0,0.0,4.0,3.0,3.0
hisD,0.0,0.0,0.0,0.0,0.0,0.0,0.0,0.0,0.0
hisI,179015.0,183175.0,197683.0,0.0,0.0,0.0,579.0,341.0,448.0
pfkB,93896.0,91739.0,96915.0,0.0,0.0,0.0,0.0,0.0,0.0
pntA,0.0,0.0,0.0,0.0,0.0,0.0,0.0,0.0,0.0
poxB,0.0,0.0,0.0,0.0,0.0,0.0,0.0,0.0,0.0
proA,26095.0,26959.0,26546.0,0.0,0.0,0.0,96.0,62.0,59.0
sdhB,0.0,0.0,0.0,1279.0,1275.0,1172.0,0.0,0.0,0.0
tyrA,25.0,26.0,25.0,0.0,0.0,0.0,0.0,0.0,0.0
ushA,0.0,0.0,0.0,0.0,0.0,0.0,0.0,0.0,0.0
appA,0.0,0.0,0.0,0.0,0.0,0.0,0.0,0.0,0.0
hisP,0.0,0.0,0.0,0.0,0.0,0.0,0.0,0.0,0.0
metA,40717.0,34290.0,41488.0,0.0,0.0,0.0,148.0,108.0,108.0
aroB,172.0,177.0,152.0,0.0,0.0,0.0,1.0,0.0,0.0
deoA,0.0,0.0,0.0,0.0,0.0,0.0,0.0,0.0,0.0
glgB,0.0,0.0,0.0,0.0,0.0,0.0,0.0,0.0,0.0
ddlB,3975.0,0.0,19061.0,0.0,0.0,0.0,0.0,0.0,0.0
tdh,0.0,0.0,0.0,0.0,0.0,0.0,0.0,0.0,0.0
ilvB,174796.0,150466.0,145299.0,0.0,0.0,0.0,118.0,215.0,578.0
purM,0.0,0.0,0.0,0.0,0.0,0.0,0.0,0.0,0.0
purN,0.0,0.0,0.0,0.0,0.0,0.0,326.0,186.0,192.0
folC,687.0,644.0,665.0,0.0,0.0,0.0,2.0,1.0,2.0
icd,743013.0,784830.0,729610.0,1943.0,1917.0,1921.0,7211.0,3400.0,3673.0
nirB,0.0,0.0,0.0,0.0,0.0,0.0,0.0,0.0,0.0
pyrF,84315.0,83101.0,84592.0,0.0,0.0,0.0,265.0,188.0,201.0
cpdB,0.0,0.0,0.0,0.0,0.0,0.0,0.0,0.0,0.0
murB,0.0,0.0,0.0,0.0,0.0,0.0,57.0,28.0,29.0
dacC,0.0,0.0,0.0,0.0,0.0,0.0,0.0,0.0,0.0
lysC,0.0,0.0,0.0,0.0,0.0,0.0,0.0,0.0,0.0
ptsI,758047.0,700734.0,735171.0,0.0,0.0,0.0,0.0,0.0,0.0
aceB,0.0,143.0,0.0,0.0,0.0,0.0,2338.0,1350.0,1170.0
purK,0.0,0.0,0.0,0.0,0.0,0.0,0.0,0.0,0.0
avtA,0.0,0.0,0.0,0.0,0.0,0.0,0.0,0.0,0.0
xylB,0.0,0.0,0.0,0.0,0.0,0.0,0.0,0.0,0.0
hemD,12.0,10.0,7.0,0.0,0.0,0.0,0.0,0.0,0.0
galE,0.0,0.0,0.0,0.0,0.0,0.0,0.0,0.0,0.0
galT,0.0,0.0,0.0,0.0,0.0,0.0,0.0,0.0,0.0
leuA,0.0,0.0,0.0,0.0,0.0,0.0,1307.0,912.0,844.0
narG,0.0,0.0,0.0,0.0,0.0,0.0,0.0,0.0,0.0
speE,0.0,0.0,0.0,0.0,0.0,0.0,0.0,0.0,0.0
nagE,0.0,0.0,0.0,0.0,0.0,0.0,0.0,0.0,0.0
pflB,19898.0,0.0,19746.0,0.0,0.0,0.0,0.0,0.0,0.0
glpQ,0.0,0.0,0.0,0.0,0.0,0.0,0.0,0.0,0.0
mtlD,0.0,0.0,0.0,0.0,0.0,0.0,0.0,0.0,0.0
putA,0.0,0.0,0.0,0.0,0.0,0.0,0.0,0.0,0.0
argT,0.0,0.0,0.0,0.0,0.0,0.0,0.0,0.0,0.0
gltB,0.0,0.0,0.0,0.0,0.0,0.0,0.0,0.0,0.0
gltD,0.0,0.0,0.0,0.0,0.0,0.0,0.0,0.0,0.0
modC,0.0,0.0,0.0,0.0,0.0,0.0,0.0,0.0,0.0
ackA,21916.0,22554.0,22856.0,142.0,134.0,131.0,15.0,148.0,130.0
leuC,103.0,106.0,116.0,0.0,0.0,0.0,0.0,0.0,0.0
acpP,2018983.0,1945095.0,2138732.0,0.0,0.0,0.0,5981.0,4413.0,5246.0
alr,0.0,0.0,5578.0,0.0,0.0,0.0,0.0,0.0,0.0
iscS,693850.0,723422.0,696608.0,0.0,0.0,0.0,2505.0,1610.0,1578.0
argA,0.0,0.0,0.0,0.0,0.0,0.0,0.0,0.0,0.0
argB,74081.0,73059.0,67640.0,0.0,0.0,0.0,192.0,149.0,161.0
aroA,38065.0,42033.0,39285.0,0.0,0.0,0.0,138.0,88.0,94.0
aroK,115921.0,105770.0,112843.0,0.0,0.0,0.0,383.0,232.0,262.0
aroL,0.0,0.0,0.0,0.0,0.0,0.0,0.0,0.0,0.0
argG,0.0,0.0,0.0,0.0,0.0,0.0,0.0,0.0,0.0
atpC,1.0,1.0,1.0,45926.0,41652.0,41108.0,0.0,0.0,0.0
carA,0.0,0.0,0.0,0.0,0.0,0.0,0.0,0.0,0.0
glpK,0.0,0.0,0.0,-0.0,-0.0,-0.0,0.0,0.0,0.0
pncC,0.0,0.0,0.0,0.0,0.0,0.0,0.0,0.0,0.0
clsA,0.0,0.0,0.0,0.0,0.0,0.0,0.0,0.0,0.0
cmk,16289.0,18081.0,17105.0,0.0,0.0,0.0,53.0,32.0,40.0
coaA,5500.0,5933.0,6100.0,0.0,0.0,0.0,21.0,16.0,15.0
coaD,1657.0,1436.0,1345.0,0.0,0.0,0.0,4.0,3.0,3.0
coaE,0.0,0.0,0.0,0.0,0.0,0.0,0.0,0.0,0.0
cysC,9496.0,9500.0,9730.0,0.0,0.0,0.0,23.0,19.0,21.0
dadA,0.0,0.0,0.0,0.0,0.0,0.0,0.0,0.0,0.0
ddlA,12585.0,18842.0,0.0,0.0,0.0,0.0,69.0,42.0,41.0
deoB,78020.0,74671.0,83708.0,0.0,0.0,0.0,274.0,157.0,161.0
deoC,0.0,0.0,0.0,0.0,0.0,0.0,0.0,0.0,0.0
dapA,33876.0,29772.0,30166.0,0.0,0.0,0.0,124.0,72.0,64.0
nanA,0.0,0.0,0.0,0.0,0.0,0.0,0.0,0.0,0.0
uxaB,0.0,0.0,0.0,0.0,0.0,0.0,0.0,0.0,0.0
eno,573634.0,513431.0,526173.0,0.0,0.0,0.0,9834.0,7237.0,6252.0
fabA,405.0,414.0,436.0,0.0,0.0,0.0,0.0,0.0,0.0
fabZ,641.0,518.0,613.0,0.0,0.0,0.0,0.0,0.0,0.0
fabH,3.0,3.0,3.0,0.0,0.0,0.0,0.0,0.0,0.0
gpsA,26602.0,25488.0,24360.0,0.0,0.0,0.0,84.0,61.0,60.0
pgi,23973.0,24338.0,24874.0,0.0,0.0,0.0,0.0,0.0,0.0
galK,0.0,0.0,0.0,0.0,0.0,0.0,0.0,0.0,0.0
folE,0.0,0.0,0.0,0.0,0.0,0.0,0.0,0.0,0.0
gcvH,0.0,0.0,0.0,0.0,0.0,0.0,0.0,0.0,0.0
glgA,0.0,0.0,0.0,0.0,0.0,0.0,0.0,0.0,0.0
glgC,0.0,0.0,0.0,0.0,0.0,0.0,0.0,0.0,0.0
glpE,0.0,0.0,0.0,0.0,0.0,0.0,0.0,0.0,0.0
glk,0.0,0.0,0.0,0.0,0.0,0.0,0.0,0.0,0.0
mraY,0.0,0.0,0.0,0.0,0.0,0.0,0.0,0.0,0.0
gshA,0.0,0.0,0.0,0.0,0.0,0.0,0.0,0.0,0.0
hemA,0.0,0.0,0.0,0.0,0.0,0.0,0.0,0.0,0.0
kdsA,4201.0,4407.0,4029.0,0.0,0.0,0.0,14.0,9.0,10.0
prs,779775.0,728137.0,742763.0,0.0,0.0,0.0,8243.0,7821.0,7446.0
tmk,5317.0,6792.0,6635.0,0.0,0.0,0.0,21.0,11.0,15.0
lpxA,39367.0,42657.0,37617.0,0.0,0.0,0.0,131.0,91.0,95.0
lpxC,0.0,0.0,0.0,0.0,0.0,0.0,0.0,0.0,0.0
mgsA,0.0,0.0,0.0,0.0,0.0,0.0,0.0,0.0,0.0
moaC,0.0,0.0,0.0,0.0,0.0,0.0,0.0,0.0,0.0
msrA,0.0,0.0,0.0,0.0,0.0,0.0,0.0,0.0,0.0
msrB,0.0,0.0,0.0,0.0,0.0,0.0,0.0,0.0,0.0
murA,62711.0,67301.0,59502.0,0.0,0.0,0.0,226.0,149.0,140.0
nadD,4553.0,4492.0,4427.0,0.0,0.0,0.0,21.0,10.0,6.0
nagB,0.0,0.0,0.0,0.0,0.0,0.0,0.0,0.0,0.0
nanE,0.0,0.0,0.0,0.0,0.0,0.0,0.0,0.0,0.0
ndk,0.0,0.0,0.0,-0.0,-0.0,-0.0,133.0,19.0,16.0
pyrB,8814.0,8758.0,8342.0,0.0,0.0,0.0,17.0,22.0,16.0
panD,11105.0,11408.0,11048.0,0.0,0.0,0.0,29.0,22.0,25.0
pdxJ,1783.0,1520.0,1591.0,0.0,0.0,0.0,6.0,3.0,4.0
pfkA,140821.0,144821.0,158251.0,0.0,0.0,0.0,0.0,0.0,0.0
pgk,86116.0,82947.0,82505.0,0.0,0.0,0.0,165.0,107.0,109.0
plsB,19463.0,19246.0,16186.0,0.0,0.0,0.0,243.0,294.0,293.0
ppa,58715.0,58454.0,61370.0,0.0,0.0,0.0,334.0,0.0,0.0
ppk,0.0,0.0,0.0,0.0,0.0,0.0,0.0,0.0,0.0
nadK,28.0,27.0,34.0,0.0,0.0,0.0,0.0,0.0,0.0
proB,0.0,0.0,0.0,0.0,0.0,0.0,317.0,254.0,294.0
purA,0.0,0.0,0.0,0.0,0.0,0.0,3515.0,2590.0,2628.0
purC,63075.0,64597.0,60784.0,0.0,0.0,0.0,220.0,143.0,140.0
pyrD,38325.0,43807.0,38615.0,0.0,0.0,0.0,126.0,114.0,84.0
pyrE,0.0,0.0,0.0,0.0,0.0,0.0,0.0,0.0,0.0
pyrG,0.0,0.0,0.0,0.0,0.0,0.0,409.0,318.0,274.0
pyrH,6509.0,7868.0,8414.0,0.0,0.0,0.0,24.0,24.0,19.0
pyrI,0.0,0.0,0.0,0.0,0.0,0.0,0.0,0.0,0.0
speD,0.0,0.0,0.0,0.0,0.0,0.0,0.0,0.0,0.0
ribA,32873.0,31136.0,31268.0,0.0,0.0,0.0,120.0,78.0,67.0
ribB,0.0,0.0,0.0,0.0,0.0,0.0,205.0,126.0,173.0
rpiA,0.0,350.0,428.0,0.0,0.0,0.0,1.0,0.0,0.0
metK,6402.0,6007.0,6287.0,0.0,0.0,0.0,22.0,14.0,14.0
glyA,1321915.0,1292364.0,1317427.0,0.0,0.0,0.0,56.0,40.0,42.0
sucC,304346.0,300984.0,310397.0,858.0,1087.0,903.0,3589.0,1704.0,1780.0
surE,14821.0,18056.0,16066.0,0.0,0.0,0.0,0.0,100.0,111.0
tnaA,13864.0,14009.0,13933.0,0.0,0.0,0.0,46.0,33.0,34.0
tpiA,101076.0,106426.0,106537.0,0.0,0.0,0.0,4.0,3.0,3.0
talA,0.0,0.0,0.0,0.0,0.0,0.0,0.0,146.0,0.0
talB,646270.0,647843.0,635739.0,0.0,0.0,0.0,323.0,0.0,202.0
trpA,743.0,727.0,799.0,0.0,0.0,0.0,3.0,2.0,2.0
trpB,834.0,778.0,809.0,0.0,0.0,0.0,3.0,2.0,2.0
thyA,5322.0,5772.0,5673.0,0.0,0.0,0.0,24.0,13.0,11.0
ubiE,0.0,0.0,0.0,0.0,0.0,0.0,0.0,0.0,0.0
upp,0.0,0.0,0.0,0.0,0.0,0.0,0.0,0.0,0.0
udk,0.0,0.0,0.0,0.0,0.0,0.0,0.0,0.0,0.0
uxaC,0.0,0.0,0.0,0.0,0.0,0.0,0.0,0.0,0.0
wrbA,0.0,0.0,0.0,0.0,0.0,0.0,0.0,0.0,0.0
psd,4637.0,4132.0,3583.0,0.0,0.0,0.0,11.0,8.0,9.0
lysU,0.0,0.0,0.0,0.0,0.0,0.0,0.0,0.0,0.0
yjjG,0.0,0.0,0.0,0.0,0.0,0.0,0.0,0.0,0.0
yihX,0.0,0.0,0.0,0.0,0.0,0.0,0.0,0.0,0.0
yidA,0.0,0.0,0.0,0.0,0.0,0.0,0.0,0.0,0.0
entH,0.0,0.0,0.0,0.0,0.0,0.0,0.0,0.0,0.0
pldA,0.0,0.0,0.0,0.0,0.0,0.0,0.0,0.0,0.0
mltA,0.0,0.0,0.0,0.0,0.0,0.0,0.0,0.0,0.0
speG,0.0,0.0,0.0,0.0,0.0,0.0,0.0,0.0,0.0
fabB,1.0,1.0,1.0,0.0,0.0,0.0,0.0,0.0,0.0
eda,188936.0,187930.0,193908.0,0.0,0.0,0.0,0.0,0.0,0.0
alaA,0.0,0.0,0.0,0.0,0.0,0.0,0.0,0.0,0.0
ansA,0.0,0.0,0.0,0.0,0.0,0.0,0.0,0.0,0.0
fbaB,200865.0,215972.0,231972.0,0.0,0.0,0.0,0.0,0.0,0.0
fbp,0.0,0.0,0.0,0.0,0.0,0.0,0.0,0.0,0.0
glpC,0.0,0.0,0.0,0.0,0.0,0.0,0.0,0.0,0.0
gapA,3108115.0,2938046.0,3085142.0,0.0,0.0,0.0,1095.0,763.0,829.0
epd,12.0,13.0,11.0,0.0,0.0,0.0,0.0,0.0,0.0
glpA,0.0,0.0,0.0,0.0,0.0,0.0,0.0,0.0,0.0
galM,0.0,0.0,0.0,0.0,0.0,0.0,0.0,0.0,0.0
glnA,0.0,0.0,0.0,0.0,0.0,0.0,0.0,0.0,0.0
glpX,0.0,0.0,0.0,0.0,0.0,0.0,0.0,0.0,0.0
cysE,11034.0,12715.0,12500.0,0.0,0.0,0.0,42.0,30.0,32.0
dapD,95718.0,95334.0,89745.0,0.0,0.0,0.0,329.0,218.0,207.0
aceA,0.0,0.0,0.0,0.0,0.0,0.0,3789.0,2608.0,2632.0
btuR,0.0,0.0,0.0,0.0,0.0,0.0,0.0,0.0,0.0
cfa,0.0,0.0,0.0,0.0,0.0,0.0,0.0,0.0,0.0
nirD,0.0,0.0,0.0,0.0,0.0,0.0,0.0,0.0,0.0
rbsK,0.0,0.0,0.0,0.0,0.0,0.0,0.0,0.0,0.0
pheA,18.0,17.0,20.0,0.0,0.0,0.0,0.0,0.0,0.0
proC,476.0,374.0,523.0,0.0,0.0,0.0,2.0,1.0,1.0
hpt,0.0,0.0,0.0,0.0,0.0,0.0,0.0,0.0,0.0
gpt,0.0,0.0,0.0,0.0,0.0,0.0,0.0,0.0,0.0
pta,0.0,114845.0,114920.0,376.0,513.0,427.0,0.0,3754.0,0.0
pflA,16919.0,0.0,18909.0,0.0,0.0,0.0,0.0,0.0,0.0
lpdA,691151.0,756590.0,703271.0,374.0,383.0,396.0,0.0,0.0,0.0
trxB,0.0,0.0,0.0,0.0,0.0,0.0,0.0,0.0,0.0
accD,83438.0,89573.0,81981.0,0.0,0.0,0.0,74.0,59.0,63.0
adhE,469029.0,0.0,485108.0,0.0,0.0,0.0,0.0,0.0,0.0
asd,146496.0,143508.0,153172.0,0.0,0.0,0.0,206.0,141.0,145.0
fucO,0.0,0.0,0.0,0.0,0.0,0.0,0.0,0.0,0.0
gatD,0.0,0.0,0.0,0.0,0.0,0.0,0.0,0.0,0.0
gldA,0.0,0.0,0.0,0.0,0.0,0.0,0.0,0.0,0.0
serA,186.0,188.0,206.0,0.0,0.0,0.0,3098.0,2819.0,2874.0
lptB,767.0,771.0,700.0,0.0,0.0,0.0,3.0,2.0,2.0
ptsH,700952.0,754711.0,736670.0,0.0,0.0,0.0,0.0,0.0,0.0
trxA,0.0,0.0,0.0,0.0,0.0,0.0,0.0,0.0,0.0
dosC,0.0,0.0,0.0,0.0,0.0,0.0,0.0,0.0,0.0
ubiD,5.0,5.0,4.0,0.0,0.0,0.0,0.0,0.0,0.0
artP,0.0,0.0,0.0,0.0,0.0,0.0,0.0,0.0,0.0
gltL,0.0,0.0,0.0,0.0,0.0,0.0,0.0,0.0,0.0
mglA,0.0,0.0,0.0,0.0,0.0,0.0,0.0,0.0,0.0
pstB,0.0,0.0,0.0,0.0,0.0,0.0,0.0,0.0,0.0
fabF,0.0,0.0,0.0,0.0,0.0,0.0,0.0,0.0,0.0
fabD,1092.0,1559.0,1401.0,0.0,0.0,0.0,2.0,1.0,1.0
fdoH,922.0,0.0,0.0,0.0,0.0,0.0,0.0,0.0,0.0
hypB,0.0,0.0,0.0,0.0,0.0,0.0,0.0,0.0,0.0
ybiS,0.0,0.0,0.0,0.0,0.0,0.0,0.0,0.0,0.0
yccX,0.0,0.0,0.0,245.0,93.0,271.0,0.0,0.0,0.0
pntB,297678.0,305632.0,265782.0,0.0,0.0,0.0,0.0,0.0,0.0
fbaA,2004894.0,1916969.0,2017549.0,11897.0,10889.0,11352.0,0.0,0.0,0.0
kbl,12107.0,20028.0,17172.0,0.0,0.0,0.0,0.0,0.0,0.0
ilvE,91860.0,83815.0,89499.0,0.0,0.0,0.0,314.0,233.0,213.0
purB,147863.0,158557.0,136495.0,0.0,0.0,0.0,276.0,315.0,293.0
aroG,34456.0,34653.0,32915.0,0.0,0.0,0.0,124.0,81.0,72.0
arsC,0.0,0.0,0.0,0.0,0.0,0.0,0.0,0.0,0.0
atpB,0.0,0.0,0.0,34054.0,46480.0,37302.0,0.0,0.0,0.0
atpF,1.0,1.0,1.0,45403.0,44159.0,42054.0,0.0,0.0,0.0
atpH,1.0,1.0,1.0,41071.0,31340.0,38676.0,0.0,0.0,0.0
atpG,0.0,0.0,0.0,43392.0,41929.0,42991.0,0.0,0.0,0.0
atpA,1.0,1.0,1.0,43284.0,37205.0,40696.0,0.0,0.0,0.0
atpD,2.0,2.0,2.0,41640.0,41887.0,43014.0,0.0,0.0,0.0
mgtA,0.0,0.0,0.0,0.0,0.0,0.0,0.0,0.0,0.0
bfr,0.0,0.0,0.0,0.0,0.0,0.0,0.0,0.0,0.0
accA,85902.0,83713.0,84911.0,0.0,0.0,0.0,95.0,63.0,64.0
accB,81710.0,71133.0,80271.0,0.0,0.0,0.0,86.0,53.0,62.0
cdd,0.0,0.0,0.0,0.0,0.0,0.0,0.0,0.0,0.0
cdsA,0.0,0.0,0.0,-0.0,-0.0,-0.0,0.0,0.0,0.0
gltA,957314.0,967140.0,983186.0,2356.0,2497.0,2467.0,8084.0,5275.0,5371.0
cyoB,0.0,0.0,0.0,1509.0,1911.0,1601.0,0.0,0.0,0.0
cyoA,0.0,0.0,0.0,1425.0,1807.0,1620.0,0.0,0.0,0.0
cyoC,0.0,0.0,0.0,500.0,1584.0,1255.0,0.0,0.0,0.0
cyoD,0.0,0.0,0.0,1450.0,1203.0,1607.0,0.0,0.0,0.0
cydA,0.0,0.0,0.0,0.0,0.0,0.0,0.0,0.0,0.0
cydB,0.0,0.0,0.0,0.0,0.0,0.0,0.0,0.0,0.0
cysK,0.0,0.0,0.0,0.0,0.0,0.0,368.0,0.0,0.0
nrfA,0.0,0.0,0.0,0.0,0.0,0.0,0.0,0.0,0.0
deoD,60.0,59.0,60.0,0.0,0.0,0.0,0.0,0.0,0.0
coaB,10034.0,11614.0,9855.0,0.0,0.0,0.0,13.0,21.0,20.0
garR,0.0,0.0,0.0,0.0,0.0,0.0,0.0,0.0,0.0
folA,9720.0,9537.0,10958.0,0.0,0.0,0.0,0.0,0.0,0.0
menB,0.0,0.0,0.0,0.0,0.0,0.0,0.0,0.0,0.0
fldB,810.0,2553.0,1043.0,0.0,0.0,0.0,3.0,16.0,28.0
kdsC,19390.0,15176.0,15995.0,0.0,0.0,0.0,59.0,47.0,40.0
folP,0.0,0.0,0.0,0.0,0.0,0.0,225.0,154.0,155.0
folB,0.0,0.0,0.0,0.0,0.0,0.0,0.0,0.0,0.0
folX,0.0,0.0,0.0,0.0,0.0,0.0,0.0,0.0,0.0
fumA,0.0,0.0,0.0,0.0,0.0,0.0,798.0,0.0,0.0
aspA,0.0,0.0,0.0,0.0,0.0,0.0,0.0,0.0,0.0
sdhA,0.0,0.0,0.0,1098.0,956.0,1137.0,0.0,0.0,0.0
sdhD,0.0,0.0,0.0,1089.0,1361.0,1070.0,0.0,0.0,0.0
frdB,0.0,0.0,0.0,0.0,0.0,0.0,0.0,0.0,0.0
zwf,21358.0,23961.0,23581.0,0.0,0.0,0.0,0.0,0.0,0.0
grxB,0.0,0.0,0.0,0.0,0.0,0.0,0.0,0.0,0.0
grxC,0.0,0.0,0.0,0.0,0.0,0.0,0.0,0.0,0.0
grxD,0.0,0.0,0.0,0.0,0.0,0.0,0.0,0.0,0.0
waaA,0.0,0.0,0.0,0.0,0.0,0.0,20.0,47.0,50.0
wecA,0.0,0.0,0.0,0.0,0.0,0.0,0.0,0.0,0.0
gloA,0.0,0.0,0.0,0.0,0.0,0.0,0.0,0.0,0.0
gloB,0.0,0.0,0.0,0.0,0.0,0.0,0.0,0.0,0.0
glgP,0.0,0.0,0.0,0.0,0.0,0.0,0.0,0.0,0.0
hemB,6860.0,7301.0,7490.0,0.0,0.0,0.0,26.0,17.0,18.0
hemG,7390.0,5585.0,7270.0,0.0,0.0,0.0,32.0,23.0,15.0
glmU,4418.0,4324.0,4190.0,0.0,0.0,0.0,11.0,7.0,9.0
iscU,483998.0,523028.0,465853.0,0.0,0.0,0.0,1648.0,1157.0,1168.0
hyaB,0.0,0.0,0.0,0.0,0.0,0.0,0.0,0.0,0.0
hybC,0.0,0.0,0.0,0.0,0.0,0.0,0.0,0.0,0.0
hinT,0.0,0.0,0.0,0.0,0.0,0.0,0.0,0.0,0.0
ispB,1020.0,1265.0,1081.0,0.0,0.0,0.0,4.0,3.0,2.0
pykF,0.0,0.0,0.0,0.0,0.0,0.0,0.0,0.0,0.0
mrdA,0.0,0.0,0.0,0.0,0.0,0.0,0.0,0.0,0.0
ftsI,0.0,0.0,0.0,0.0,0.0,0.0,0.0,0.0,0.0
tesA,0.0,0.0,0.0,0.0,0.0,0.0,0.0,0.0,0.0
lptE,657.0,647.0,708.0,0.0,0.0,0.0,2.0,1.0,2.0
lptG,751.0,908.0,572.0,0.0,0.0,0.0,1.0,1.0,1.0
ilvN,0.0,0.0,0.0,0.0,0.0,0.0,148.0,304.0,546.0
suhB,0.0,0.0,0.0,0.0,0.0,0.0,0.0,0.0,0.0
guaB,770799.0,795436.0,823983.0,0.0,0.0,0.0,2144.0,1920.0,1851.0
entB,0.0,0.0,0.0,0.0,0.0,0.0,0.0,0.0,0.0
yigB,0.0,0.0,0.0,0.0,0.0,0.0,8.0,5.0,6.0
ygiN,1.0,1.0,1.0,0.0,0.0,0.0,0.0,0.0,0.0
lptA,747.0,669.0,701.0,0.0,0.0,0.0,2.0,1.0,2.0
lptC,594.0,670.0,689.0,0.0,0.0,0.0,4.0,2.0,1.0
ahpC,0.0,0.0,0.0,0.0,0.0,0.0,0.0,0.0,0.0
amn,0.0,0.0,0.0,0.0,0.0,0.0,0.0,0.0,0.0
aphA,0.0,0.0,0.0,0.0,0.0,0.0,0.0,0.0,0.0
bcp,0.0,0.0,0.0,0.0,0.0,0.0,0.0,0.0,0.0
cysG,160.0,142.0,175.0,0.0,0.0,0.0,0.0,0.0,0.0
cysW,0.0,0.0,0.0,0.0,0.0,0.0,0.0,0.0,0.0
dacA,0.0,0.0,0.0,0.0,0.0,0.0,0.0,0.0,0.0
dapE,0.0,0.0,0.0,0.0,0.0,0.0,0.0,0.0,0.0
mglB,0.0,0.0,0.0,0.0,0.0,0.0,0.0,0.0,0.0
dsbC,0.0,0.0,0.0,0.0,0.0,0.0,0.0,0.0,0.0
nudJ,0.0,0.0,0.0,0.0,0.0,0.0,0.0,0.0,0.0
entC,0.0,0.0,0.0,0.0,0.0,0.0,0.0,0.0,0.0
eutB,0.0,0.0,0.0,0.0,0.0,0.0,0.0,0.0,0.0
fabG,0.0,0.0,0.0,0.0,0.0,0.0,0.0,0.0,0.0
fabI,100681.0,113456.0,103234.0,0.0,0.0,0.0,0.0,0.0,0.0
fdoI,1184.0,17.0,2.0,0.0,0.0,0.0,0.0,0.0,0.0
fepB,0.0,0.0,0.0,0.0,0.0,0.0,0.0,0.0,0.0
fliY,0.0,0.0,0.0,0.0,0.0,0.0,0.0,0.0,0.0
fre,65717.0,64182.0,64298.0,0.0,0.0,0.0,0.0,850.0,757.0
galU,0.0,0.0,0.0,0.0,0.0,0.0,0.0,0.0,0.0
glcD,0.0,1819.0,1262.0,0.0,0.0,0.0,0.0,0.0,0.0
glnH,0.0,0.0,0.0,0.0,0.0,0.0,0.0,0.0,0.0
glnP,0.0,0.0,0.0,0.0,0.0,0.0,0.0,0.0,0.0
gss,0.0,0.0,0.0,0.0,0.0,0.0,0.0,0.0,0.0
gudD,0.0,0.0,0.0,0.0,0.0,0.0,0.0,0.0,0.0
hdhA,0.0,0.0,0.0,0.0,0.0,0.0,0.0,0.0,0.0
hisJ,0.0,0.0,0.0,0.0,0.0,0.0,0.0,0.0,0.0
cpdA,0.0,0.0,0.0,0.0,0.0,0.0,0.0,0.0,0.0
gsk,0.0,0.0,0.0,0.0,0.0,0.0,0.0,0.0,0.0
fruK,0.0,0.0,0.0,0.0,0.0,0.0,0.0,0.0,0.0
malE,0.0,0.0,0.0,0.0,0.0,0.0,0.0,0.0,0.0
mazG,0.0,0.0,0.0,0.0,0.0,0.0,0.0,0.0,0.0
metF,28032.0,28172.0,29573.0,0.0,0.0,0.0,113.0,80.0,61.0
mog,0.0,0.0,0.0,0.0,0.0,0.0,0.0,0.0,0.0
mtnN,2420.0,2652.0,2298.0,0.0,0.0,0.0,8.0,6.0,6.0
nagA,0.0,0.0,0.0,0.0,0.0,0.0,0.0,0.0,0.0
nagD,0.0,0.0,0.0,0.0,0.0,0.0,0.0,0.0,0.0
narJ,0.0,0.0,0.0,0.0,0.0,0.0,0.0,0.0,0.0
lptF,713.0,753.0,718.0,0.0,0.0,0.0,1.0,1.0,2.0
nikC,0.0,0.0,0.0,0.0,0.0,0.0,0.0,0.0,0.0
nuoA,0.0,0.0,0.0,188.0,221.0,246.0,0.0,0.0,0.0
nuoB,0.0,0.0,0.0,290.0,288.0,254.0,0.0,0.0,0.0
nuoE,0.0,0.0,0.0,268.0,229.0,255.0,0.0,0.0,0.0
nuoH,0.0,0.0,0.0,194.0,236.0,247.0,0.0,0.0,0.0
nuoI,0.0,0.0,0.0,184.0,195.0,243.0,0.0,0.0,0.0
nuoK,0.0,0.0,0.0,184.0,276.0,229.0,0.0,0.0,0.0
nuoM,0.0,0.0,0.0,218.0,289.0,238.0,0.0,0.0,0.0
nuoN,0.0,0.0,0.0,238.0,302.0,237.0,0.0,0.0,0.0
sucA,134701.0,140711.0,131968.0,286.0,402.0,349.0,1031.0,685.0,651.0
sucB,124259.0,137653.0,129705.0,369.0,447.0,359.0,1213.0,663.0,699.0
aceE,562153.0,581461.0,588146.0,0.0,0.0,0.0,0.0,0.0,0.0
pbpG,0.0,0.0,0.0,0.0,0.0,0.0,0.0,0.0,0.0
pdxH,0.0,0.0,0.0,0.0,0.0,0.0,0.0,0.0,0.0
potC,0.0,0.0,0.0,0.0,0.0,0.0,0.0,0.0,0.0
potD,0.0,0.0,0.0,0.0,0.0,0.0,0.0,0.0,0.0
ppx,0.0,0.0,0.0,0.0,0.0,0.0,0.0,0.0,0.0
proX,0.0,0.0,0.0,0.0,0.0,0.0,0.0,0.0,0.0
ybbO,0.0,0.0,0.0,0.0,0.0,0.0,0.0,0.0,0.0
folM,0.0,0.0,0.0,0.0,0.0,0.0,43.0,24.0,24.0
yecS,0.0,0.0,0.0,0.0,0.0,0.0,0.0,0.0,0.0
ribC,29259.0,29240.0,33667.0,0.0,0.0,0.0,117.0,72.0,81.0
mepS,0.0,0.0,0.0,0.0,0.0,0.0,0.0,0.0,0.0
wzzE,0.0,0.0,0.0,0.0,0.0,0.0,0.0,0.0,0.0
purF,71656.0,68298.0,73152.0,0.0,0.0,0.0,205.0,177.0,167.0
purE,297395.0,296194.0,305895.0,0.0,0.0,0.0,981.0,685.0,733.0
relA,0.0,0.0,0.0,0.0,0.0,0.0,0.0,0.0,0.0
spoT,0.0,0.0,0.0,0.0,0.0,0.0,0.0,0.0,0.0
ribF,670.0,613.0,676.0,0.0,0.0,0.0,2.0,1.0,2.0
sbp,0.0,0.0,0.0,0.0,0.0,0.0,0.0,0.0,0.0
ugpB,0.0,0.0,0.0,0.0,0.0,0.0,0.0,0.0,0.0
pstS,0.0,0.0,0.0,0.0,0.0,0.0,0.0,0.0,0.0
yghA,0.0,0.0,0.0,0.0,0.0,0.0,0.0,0.0,0.0
serB,19888.0,18492.0,18837.0,0.0,0.0,0.0,0.0,0.0,0.0
slt,0.0,0.0,0.0,0.0,0.0,0.0,0.0,0.0,0.0
sodC,0.0,0.0,0.0,0.0,0.0,0.0,0.0,0.0,0.0
sodB,0.0,0.0,0.0,0.0,0.0,0.0,0.0,0.0,0.0
yieF,0.0,0.0,0.0,0.0,0.0,0.0,0.0,0.0,0.0
sucD,316077.0,311803.0,312957.0,861.0,919.0,970.0,3696.0,1835.0,1727.0
thiL,0.0,0.0,0.0,0.0,0.0,0.0,96.0,76.0,85.0
tesB,0.0,0.0,0.0,0.0,0.0,0.0,138.0,91.0,85.0
trxC,0.0,0.0,0.0,0.0,0.0,0.0,0.0,0.0,0.0
rbsC,0.0,0.0,0.0,0.0,0.0,0.0,0.0,0.0,0.0
xylH,0.0,0.0,0.0,0.0,0.0,0.0,0.0,0.0,0.0
mltC,0.0,0.0,0.0,0.0,0.0,0.0,0.0,0.0,0.0
mepA,0.0,0.0,0.0,0.0,0.0,0.0,0.0,0.0,0.0
paaJ,0.0,0.0,0.0,0.0,0.0,0.0,0.0,0.0,0.0
gatY,0.0,0.0,0.0,0.0,0.0,0.0,0.0,0.0,0.0
gatZ,0.0,0.0,0.0,0.0,0.0,0.0,0.0,0.0,0.0
emtA,0.0,0.0,0.0,0.0,0.0,0.0,0.0,0.0,0.0
glnQ,0.0,0.0,0.0,0.0,0.0,0.0,0.0,0.0,0.0
hisA,69567.0,71700.0,70754.0,0.0,0.0,0.0,223.0,149.0,166.0
entE,0.0,0.0,0.0,0.0,0.0,0.0,0.0,0.0,0.0
lpxB,231.0,221.0,146.0,0.0,0.0,0.0,1.0,0.0,0.0
nadB,4241.0,4468.0,4336.0,0.0,0.0,0.0,14.0,10.0,10.0
ugpC,0.0,0.0,0.0,0.0,0.0,0.0,0.0,0.0,0.0
ugpQ,0.0,0.0,0.0,-0.0,-0.0,-0.0,0.0,0.0,0.0
narH,0.0,0.0,0.0,0.0,0.0,0.0,0.0,0.0,0.0
narI,0.0,0.0,0.0,0.0,0.0,0.0,0.0,0.0,0.0
argC,0.0,0.0,0.0,0.0,0.0,0.0,0.0,0.0,0.0
argH,1032.0,1008.0,1065.0,0.0,0.0,0.0,4.0,3.0,3.0
entF,0.0,0.0,0.0,0.0,0.0,0.0,0.0,0.0,0.0
nadA,26810.0,28548.0,29504.0,0.0,0.0,0.0,72.0,54.0,67.0
murF,6619.0,6519.0,6210.0,0.0,0.0,0.0,24.0,15.0,14.0
aroC,78096.0,70341.0,82156.0,0.0,0.0,0.0,302.0,215.0,200.0
moeA,0.0,0.0,0.0,0.0,0.0,0.0,0.0,0.0,0.0
udp,0.0,0.0,0.0,0.0,0.0,0.0,0.0,0.0,0.0
bioA,25.0,25.0,26.0,0.0,0.0,0.0,0.0,0.0,0.0
bioB,1.0,1.0,1.0,0.0,0.0,0.0,0.0,0.0,0.0
bioF,328.0,297.0,339.0,0.0,0.0,0.0,0.0,1.0,1.0
bioD,12492.0,12486.0,14390.0,0.0,0.0,0.0,0.0,40.0,31.0
bioH,1.0,1.0,1.0,0.0,0.0,0.0,0.0,0.0,0.0
metH,42119.0,38570.0,45731.0,0.0,0.0,0.0,410.0,306.0,337.0
katG,0.0,0.0,0.0,0.0,0.0,0.0,0.0,0.0,0.0
glpB,0.0,0.0,0.0,0.0,0.0,0.0,0.0,0.0,0.0
glpD,0.0,0.0,0.0,0.0,0.0,0.0,0.0,0.0,0.0
treA,0.0,0.0,0.0,0.0,0.0,0.0,0.0,0.0,0.0
selB,0.0,0.0,0.0,0.0,0.0,0.0,0.0,0.0,0.0
proV,0.0,0.0,0.0,0.0,0.0,0.0,0.0,0.0,0.0
proW,0.0,0.0,0.0,0.0,0.0,0.0,0.0,0.0,0.0
murD,0.0,0.0,0.0,0.0,0.0,0.0,0.0,0.0,0.0
ligA,0.0,0.0,0.0,0.0,0.0,0.0,0.0,0.0,0.0
entA,0.0,0.0,0.0,0.0,0.0,0.0,0.0,0.0,0.0
glgX,0.0,0.0,0.0,0.0,0.0,0.0,0.0,0.0,0.0
purL,0.0,0.0,0.0,0.0,0.0,0.0,0.0,0.0,0.0
pepD,0.0,0.0,0.0,0.0,0.0,0.0,0.0,0.0,0.0
purH,0.0,0.0,0.0,0.0,0.0,0.0,0.0,0.0,0.0
purD,0.0,0.0,0.0,0.0,0.0,0.0,1026.0,594.0,681.0
dgt,0.0,0.0,0.0,0.0,0.0,0.0,0.0,0.0,0.0
aroE,14181.0,11621.0,10792.0,0.0,0.0,0.0,43.0,24.0,27.0
gcd,0.0,0.0,0.0,0.0,0.0,0.0,0.0,0.0,0.0
malQ,0.0,0.0,0.0,0.0,0.0,0.0,0.0,0.0,0.0
sdaA,0.0,0.0,0.0,0.0,0.0,0.0,0.0,0.0,0.0
hycE,0.0,0.0,0.0,0.0,0.0,0.0,0.0,0.0,0.0
selD,0.0,0.0,0.0,0.0,0.0,0.0,0.0,0.0,0.0
cysA,0.0,0.0,0.0,0.0,0.0,0.0,0.0,0.0,0.0
cysP,0.0,0.0,0.0,0.0,0.0,0.0,0.0,0.0,0.0
cysU,0.0,0.0,0.0,0.0,0.0,0.0,0.0,0.0,0.0
cysM,94928.0,106937.0,105281.0,0.0,0.0,0.0,0.0,288.0,237.0
gutQ,0.0,0.0,0.0,0.0,0.0,0.0,6.0,0.0,0.0
glmS,61946.0,55433.0,55929.0,0.0,0.0,0.0,169.0,109.0,133.0
murG,0.0,0.0,0.0,0.0,0.0,0.0,69.0,51.0,51.0
betB,0.0,0.0,0.0,0.0,0.0,0.0,0.0,0.0,0.0
cysI,66250.0,66184.0,63366.0,0.0,0.0,0.0,224.0,147.0,156.0
cysH,0.0,0.0,0.0,0.0,0.0,0.0,0.0,0.0,0.0
murC,0.0,0.0,0.0,0.0,0.0,0.0,0.0,0.0,0.0
ubiG,0.0,0.0,0.0,0.0,0.0,0.0,0.0,0.0,0.0
pncB,0.0,0.0,0.0,0.0,0.0,0.0,0.0,0.0,0.0
argD,0.0,0.0,0.0,0.0,0.0,0.0,0.0,0.0,0.0
dmsA,0.0,0.0,0.0,0.0,0.0,0.0,0.0,0.0,0.0
nadE,5326.0,5266.0,5827.0,0.0,0.0,0.0,21.0,13.0,13.0
ggt,0.0,0.0,0.0,0.0,0.0,0.0,0.0,0.0,0.0
pdxA,1761.0,1615.0,1650.0,0.0,0.0,0.0,5.0,4.0,4.0
eutC,0.0,0.0,0.0,0.0,0.0,0.0,0.0,0.0,0.0
agp,0.0,0.0,0.0,0.0,0.0,0.0,0.0,0.0,0.0
bisC,0.0,0.0,0.0,0.0,0.0,0.0,0.0,0.0,0.0
fruA,0.0,0.0,0.0,0.0,0.0,0.0,0.0,0.0,0.0
fadA,0.0,0.0,0.0,0.0,0.0,0.0,0.0,0.0,0.0
cysD,118654.0,120099.0,110422.0,0.0,0.0,0.0,296.0,253.0,256.0
speC,0.0,0.0,0.0,0.0,0.0,0.0,0.0,0.0,0.0
speA,0.0,0.0,0.0,0.0,0.0,0.0,0.0,0.0,0.0
fadB,18531.0,15331.0,17343.0,0.0,0.0,0.0,47.0,53.0,52.0
katE,0.0,0.0,0.0,0.0,0.0,0.0,0.0,0.0,0.0
pncA,0.0,0.0,0.0,0.0,0.0,0.0,0.0,0.0,0.0
malZ,0.0,0.0,0.0,0.0,0.0,0.0,0.0,0.0,0.0
pykA,0.0,0.0,0.0,0.0,0.0,0.0,0.0,0.0,0.0
lpxD,0.0,0.0,0.0,0.0,0.0,0.0,40.0,27.0,38.0
ybhA,0.0,0.0,0.0,0.0,0.0,0.0,0.0,0.0,0.0
asnB,0.0,0.0,0.0,0.0,0.0,0.0,0.0,0.0,0.0
murE,0.0,0.0,0.0,0.0,0.0,0.0,749.0,452.0,514.0
cysQ,0.0,0.0,0.0,0.0,0.0,0.0,702.0,429.0,521.0
gabT,0.0,0.0,0.0,0.0,0.0,0.0,0.0,0.0,0.0
pckA,0.0,0.0,0.0,0.0,0.0,0.0,0.0,0.0,0.0
add,0.0,0.0,0.0,0.0,0.0,0.0,0.0,0.0,0.0
rihC,0.0,0.0,0.0,0.0,0.0,0.0,0.0,0.0,0.0
murI,0.0,0.0,0.0,0.0,0.0,0.0,77.0,58.0,58.0
ispA,0.0,0.0,0.0,0.0,0.0,0.0,29.0,27.0,26.0
mglC,0.0,0.0,0.0,0.0,0.0,0.0,0.0,0.0,0.0
tdk,0.0,0.0,0.0,0.0,0.0,0.0,0.0,0.0,0.0
garL,0.0,0.0,0.0,0.0,0.0,0.0,0.0,0.0,0.0
ppsA,0.0,0.0,0.0,0.0,0.0,0.0,107.0,83.0,78.0
serC,2227.0,2154.0,2072.0,0.0,0.0,0.0,0.0,0.0,0.0
pssA,4879.0,4819.0,4345.0,0.0,0.0,0.0,7.0,9.0,9.0
cysN,118394.0,116643.0,112756.0,0.0,0.0,0.0,206.0,274.0,214.0
pspE,0.0,0.0,0.0,0.0,0.0,0.0,0.0,0.0,0.0
hemH,0.0,0.0,0.0,0.0,0.0,0.0,0.0,0.0,0.0
fepC,0.0,0.0,0.0,0.0,0.0,0.0,0.0,0.0,0.0
puuC,0.0,0.0,0.0,0.0,0.0,0.0,0.0,0.0,0.0
hemL,38543.0,40342.0,39795.0,0.0,0.0,0.0,143.0,87.0,89.0
argE,758.0,793.0,815.0,0.0,0.0,0.0,3.0,2.0,2.0
mak,0.0,0.0,0.0,0.0,0.0,0.0,0.0,0.0,0.0
lnt,0.0,0.0,0.0,0.0,0.0,0.0,0.0,0.0,0.0
accC,83983.0,86601.0,84650.0,0.0,0.0,0.0,81.0,57.0,64.0
folD,0.0,0.0,0.0,0.0,0.0,0.0,1398.0,1130.0,1187.0
yjiA,0.0,0.0,0.0,0.0,0.0,0.0,0.0,0.0,0.0
msbB,0.0,0.0,0.0,0.0,0.0,0.0,0.0,0.0,0.0
uxuA,0.0,0.0,0.0,0.0,0.0,0.0,0.0,0.0,0.0
acpS,0.0,0.0,0.0,0.0,0.0,0.0,0.0,0.0,0.0
dacB,0.0,0.0,0.0,0.0,0.0,0.0,0.0,0.0,0.0
hmp,0.0,0.0,0.0,0.0,0.0,0.0,0.0,0.0,0.0
tehB,0.0,0.0,0.0,0.0,0.0,0.0,0.0,0.0,0.0
frmA,0.0,0.0,0.0,0.0,0.0,0.0,0.0,0.0,0.0
acnA,0.0,0.0,0.0,38457.0,37823.0,39001.0,0.0,0.0,0.0
hflX,0.0,0.0,0.0,0.0,0.0,0.0,0.0,0.0,0.0
codA,0.0,0.0,0.0,0.0,0.0,0.0,0.0,0.0,0.0
gabD,0.0,0.0,0.0,0.0,0.0,0.0,0.0,0.0,0.0
ubiI,0.0,0.0,0.0,0.0,0.0,0.0,0.0,0.0,0.0
yhdE,0.0,0.0,0.0,0.0,0.0,0.0,0.0,0.0,0.0
ribD,162.0,190.0,183.0,0.0,0.0,0.0,1.0,1.0,0.0
gppA,0.0,0.0,0.0,0.0,0.0,0.0,0.0,0.0,0.0
aldA,9.0,10.0,9.0,0.0,0.0,0.0,0.0,0.0,0.0
metE,2555382.0,2654507.0,2722050.0,0.0,0.0,0.0,0.0,1615.0,1764.0
amiB,0.0,0.0,0.0,0.0,0.0,0.0,0.0,0.0,0.0
appC,0.0,0.0,0.0,0.0,0.0,0.0,0.0,0.0,0.0
ubiC,1683.0,1325.0,1151.0,0.0,0.0,0.0,5.0,3.0,3.0
amyA,0.0,0.0,0.0,0.0,0.0,0.0,0.0,0.0,0.0
maeA,0.0,0.0,0.0,0.0,0.0,0.0,0.0,0.0,0.0
acuI,0.0,0.0,0.0,0.0,0.0,0.0,0.0,0.0,0.0
plsC,644.0,955.0,798.0,-0.0,-0.0,-0.0,2.0,2.0,2.0
rfaY,0.0,0.0,0.0,0.0,0.0,0.0,0.0,0.0,0.0
waaU,0.0,0.0,0.0,0.0,0.0,0.0,0.0,0.0,0.0
rfaL,0.0,0.0,0.0,0.0,0.0,0.0,0.0,0.0,0.0
plsX,811.0,732.0,832.0,0.0,0.0,0.0,0.0,0.0,0.0
gcvT,0.0,0.0,0.0,0.0,0.0,0.0,0.0,0.0,0.0
ahr,0.0,0.0,0.0,0.0,0.0,0.0,0.0,0.0,0.0
nadR,0.0,0.0,0.0,0.0,0.0,0.0,0.0,0.0,0.0
lpxK,0.0,0.0,0.0,0.0,0.0,0.0,0.0,0.0,0.0
tktA,67134.0,33468.0,34250.0,0.0,0.0,0.0,220.0,143.0,40.0
sthA,0.0,0.0,0.0,0.0,0.0,0.0,1183.0,0.0,0.0
acs,0.0,0.0,0.0,0.0,0.0,0.0,0.0,0.0,0.0
wecB,0.0,0.0,0.0,0.0,0.0,0.0,0.0,0.0,0.0
wecC,0.0,0.0,0.0,0.0,0.0,0.0,0.0,0.0,0.0
rffG,0.0,0.0,0.0,0.0,0.0,0.0,0.0,0.0,0.0
rffA,0.0,0.0,0.0,0.0,0.0,0.0,0.0,0.0,0.0
yigL,0.0,0.0,0.0,0.0,0.0,0.0,0.0,0.0,0.0
dcd,0.0,0.0,0.0,0.0,0.0,0.0,0.0,0.0,0.0
yceG,0.0,0.0,0.0,0.0,0.0,0.0,0.0,0.0,0.0
metQ,0.0,0.0,0.0,0.0,0.0,0.0,0.0,0.0,0.0
fpr,1018.0,1054.0,1086.0,436.0,415.0,353.0,0.0,0.0,0.0
nrdD,1563.0,1771.0,1726.0,0.0,0.0,0.0,3.0,4.0,3.0
treC,0.0,0.0,0.0,0.0,0.0,0.0,0.0,0.0,0.0
dadX,0.0,0.0,0.0,0.0,0.0,0.0,13.0,12.0,0.0
menC,0.0,0.0,0.0,0.0,0.0,0.0,0.0,0.0,0.0
hemE,7990.0,7722.0,7253.0,0.0,0.0,0.0,0.0,10.0,12.0
nadC,0.0,0.0,0.0,0.0,0.0,0.0,517.0,332.0,396.0
leuB,64325.0,67105.0,68612.0,0.0,0.0,0.0,284.0,182.0,130.0
leuD,129.0,118.0,115.0,0.0,0.0,0.0,0.0,0.0,0.0
sdaB,0.0,0.0,0.0,0.0,0.0,0.0,0.0,0.0,0.0
moaD,0.0,0.0,0.0,0.0,0.0,0.0,0.0,0.0,0.0
moaE,0.0,0.0,0.0,0.0,0.0,0.0,0.0,0.0,0.0
metN,0.0,0.0,0.0,0.0,0.0,0.0,0.0,0.0,0.0
artI,0.0,0.0,0.0,0.0,0.0,0.0,0.0,0.0,0.0
artJ,0.0,0.0,0.0,0.0,0.0,0.0,0.0,0.0,0.0
dkgB,0.0,0.0,0.0,0.0,0.0,0.0,0.0,0.0,0.0
panB,6588.0,6286.0,8266.0,0.0,0.0,0.0,35.0,20.0,19.0
aas,0.0,0.0,0.0,0.0,0.0,0.0,0.0,0.0,0.0
glmM,0.0,0.0,0.0,0.0,0.0,0.0,240.0,245.0,265.0
ydeH,0.0,0.0,0.0,0.0,0.0,0.0,0.0,0.0,0.0
potF,0.0,0.0,0.0,0.0,0.0,0.0,0.0,0.0,0.0
potG,0.0,0.0,0.0,0.0,0.0,0.0,0.0,0.0,0.0
sseA,0.0,0.0,0.0,0.0,0.0,0.0,0.0,0.0,0.0
yicI,0.0,0.0,0.0,0.0,0.0,0.0,0.0,0.0,0.0
ade,0.0,0.0,0.0,0.0,0.0,0.0,0.0,0.0,0.0
metI,0.0,0.0,0.0,0.0,0.0,0.0,0.0,0.0,0.0
thiB,0.0,0.0,0.0,0.0,0.0,0.0,0.0,0.0,0.0
lptD,596.0,685.0,688.0,0.0,0.0,0.0,2.0,2.0,2.0
hchA,0.0,0.0,0.0,0.0,0.0,0.0,0.0,0.0,0.0
prpC,0.0,0.0,0.0,0.0,0.0,0.0,0.0,0.0,0.0
panC,4524.0,5071.0,4934.0,0.0,0.0,0.0,18.0,12.0,12.0
otsA,0.0,0.0,0.0,0.0,0.0,0.0,0.0,0.0,0.0
otsB,0.0,0.0,0.0,0.0,0.0,0.0,0.0,0.0,0.0
nnr,0.0,0.0,0.0,0.0,0.0,0.0,0.0,0.0,0.0
nuoF,0.0,0.0,0.0,258.0,199.0,244.0,0.0,0.0,0.0
lplA,0.0,0.0,0.0,0.0,0.0,0.0,0.0,0.0,0.0
mobB,0.0,0.0,0.0,0.0,0.0,0.0,0.0,0.0,0.0
hemN,0.0,0.0,0.0,0.0,0.0,0.0,0.0,0.0,0.0
mobA,0.0,0.0,0.0,0.0,0.0,0.0,0.0,0.0,0.0
fdoG,626.0,14.0,11.0,0.0,0.0,0.0,0.0,0.0,0.0
gph,0.0,0.0,0.0,0.0,0.0,0.0,0.0,0.0,0.0
nudC,0.0,0.0,0.0,0.0,0.0,0.0,0.0,0.0,0.0
yeiG,0.0,0.0,0.0,0.0,0.0,0.0,0.0,0.0,0.0
psuG,0.0,0.0,0.0,0.0,0.0,0.0,0.0,0.0,0.0
yeiR,0.0,0.0,0.0,0.0,0.0,0.0,0.0,0.0,0.0
gcvP,0.0,0.0,0.0,0.0,0.0,0.0,0.0,0.0,0.0
purT,7602.0,7763.0,7414.0,0.0,0.0,0.0,5.0,4.0,4.0
lldD,0.0,0.0,0.0,0.0,0.0,0.0,0.0,0.0,0.0
osmF,0.0,0.0,0.0,0.0,0.0,0.0,0.0,0.0,0.0
bglX,0.0,0.0,0.0,0.0,0.0,0.0,0.0,0.0,0.0
tktB,30647.0,61208.0,65778.0,0.0,0.0,0.0,0.0,0.0,117.0
nikA,0.0,0.0,0.0,0.0,0.0,0.0,0.0,0.0,0.0
nuoC,0.0,0.0,0.0,242.0,243.0,263.0,0.0,0.0,0.0
nuoG,0.0,0.0,0.0,245.0,281.0,256.0,825.0,831.0,830.0
nuoL,0.0,0.0,0.0,117.0,169.0,222.0,0.0,0.0,0.0
mqo,0.0,0.0,0.0,0.0,0.0,0.0,0.0,0.0,0.0
ahpF,0.0,0.0,0.0,0.0,0.0,0.0,0.0,0.0,0.0
amiA,0.0,0.0,0.0,0.0,0.0,0.0,0.0,0.0,0.0
cobT,0.0,0.0,0.0,0.0,0.0,0.0,0.0,0.0,0.0
cueO,0.0,0.0,0.0,0.0,0.0,0.0,0.0,0.0,0.0
treB,0.0,0.0,0.0,0.0,0.0,0.0,0.0,0.0,0.0
acnB,0.0,0.0,759554.0,35169.0,40696.0,35823.0,0.0,0.0,0.0
pgm,0.0,0.0,0.0,0.0,0.0,0.0,0.0,0.0,0.0
purU,0.0,0.0,0.0,0.0,0.0,0.0,0.0,0.0,0.0
pepB,0.0,0.0,0.0,0.0,0.0,0.0,0.0,0.0,0.0
nudK,0.0,0.0,0.0,0.0,0.0,0.0,0.0,0.0,0.0
nrdF,0.0,0.0,0.0,0.0,0.0,0.0,0.0,0.0,0.0
gatB,0.0,0.0,0.0,0.0,0.0,0.0,0.0,0.0,0.0
modA,0.0,0.0,0.0,0.0,0.0,0.0,0.0,0.0,0.0
glcB,0.0,0.0,145.0,0.0,0.0,0.0,0.0,0.0,255.0
lhgO,0.0,0.0,0.0,0.0,0.0,0.0,0.0,0.0,0.0
dhaM,0.0,0.0,0.0,0.0,0.0,0.0,0.0,0.0,0.0
rpiB,461.0,0.0,0.0,0.0,0.0,0.0,0.0,0.0,0.0
xylF,0.0,0.0,0.0,0.0,0.0,0.0,0.0,0.0,0.0
xylG,0.0,0.0,0.0,0.0,0.0,0.0,0.0,0.0,0.0
iaaA,0.0,0.0,0.0,0.0,0.0,0.0,0.0,0.0,0.0
zntA,0.0,0.0,0.0,0.0,0.0,0.0,0.0,0.0,0.0
kdgK,0.0,0.0,0.0,0.0,0.0,0.0,0.0,0.0,0.0
eptB,0.0,0.0,0.0,0.0,0.0,0.0,0.0,0.0,0.0
ghrB,0.0,0.0,0.0,0.0,0.0,0.0,0.0,0.0,0.0
aldB,0.0,0.0,0.0,0.0,0.0,0.0,0.0,0.0,0.0
gpmI,0.0,0.0,0.0,0.0,0.0,0.0,0.0,0.0,0.0
rmlA,0.0,0.0,0.0,0.0,0.0,0.0,0.0,0.0,0.0
rfbC,0.0,0.0,0.0,0.0,0.0,0.0,0.0,0.0,0.0
glf,0.0,0.0,0.0,0.0,0.0,0.0,0.0,0.0,0.0
wbbI,0.0,0.0,0.0,0.0,0.0,0.0,0.0,0.0,0.0
wbbJ,0.0,0.0,0.0,0.0,0.0,0.0,0.0,0.0,0.0
rfbB,0.0,0.0,0.0,0.0,0.0,0.0,0.0,0.0,0.0
rfbD,0.0,0.0,0.0,0.0,0.0,0.0,0.0,0.0,0.0
mpl,0.0,0.0,0.0,0.0,0.0,0.0,0.0,0.0,0.0
yecC,0.0,0.0,0.0,0.0,0.0,0.0,0.0,0.0,0.0
gltI,0.0,0.0,0.0,0.0,0.0,0.0,0.0,0.0,0.0
cysJ,64411.0,65876.0,64043.0,0.0,0.0,0.0,195.0,153.0,156.0
menF,0.0,0.0,0.0,0.0,0.0,0.0,0.0,0.0,0.0
nfnB,0.0,0.0,0.0,0.0,0.0,0.0,0.0,0.0,0.0
uxuB,0.0,0.0,0.0,0.0,0.0,0.0,0.0,0.0,0.0
znuA,0.0,0.0,0.0,0.0,0.0,0.0,0.0,0.0,0.0
erfK,0.0,0.0,0.0,0.0,0.0,0.0,0.0,0.0,0.0
alsB,0.0,0.0,0.0,0.0,0.0,0.0,0.0,0.0,0.0
epmB,0.0,0.0,0.0,0.0,0.0,0.0,0.0,0.0,0.0
rsgA,0.0,0.0,0.0,0.0,0.0,0.0,0.0,0.0,0.0
ytfQ,0.0,0.0,0.0,0.0,0.0,0.0,0.0,0.0,0.0
adhP,0.0,0.0,0.0,0.0,0.0,0.0,0.0,0.0,0.0
nrdE,0.0,0.0,0.0,0.0,0.0,0.0,0.0,0.0,0.0
garD,0.0,0.0,0.0,0.0,0.0,0.0,0.0,0.0,0.0
ydfG,0.0,0.0,0.0,0.0,0.0,0.0,0.0,0.0,0.0
pdxK,0.0,0.0,0.0,0.0,0.0,0.0,0.0,0.0,0.0
solA,0.0,0.0,0.0,0.0,0.0,0.0,0.0,0.0,0.0
mltB,0.0,0.0,0.0,0.0,0.0,0.0,0.0,0.0,0.0
rihA,0.0,0.0,0.0,0.0,0.0,0.0,0.0,0.0,0.0
patA,0.0,0.0,0.0,0.0,0.0,0.0,0.0,0.0,0.0
nudL,0.0,0.0,0.0,0.0,0.0,0.0,0.0,0.0,0.0
kdsD,1640.0,1759.0,1549.0,0.0,0.0,0.0,0.0,2.0,3.0
nanK,0.0,0.0,0.0,0.0,0.0,0.0,0.0,0.0,0.0
luxS,12346.0,11643.0,11767.0,0.0,0.0,0.0,40.0,21.0,25.0
nudE,0.0,0.0,0.0,0.0,0.0,0.0,0.0,0.0,0.0
gntK,0.0,0.0,0.0,0.0,0.0,0.0,0.0,0.0,0.0
mhpE,0.0,0.0,0.0,0.0,0.0,0.0,0.0,0.0,0.0
rdgB,0.0,0.0,0.0,0.0,0.0,0.0,0.0,0.0,0.0
glcE,0.0,0.0,0.0,0.0,0.0,0.0,0.0,0.0,0.0
glcF,0.0,1924.0,1162.0,0.0,0.0,0.0,0.0,0.0,0.0
hisQ,0.0,0.0,0.0,0.0,0.0,0.0,0.0,0.0,0.0
ldcC,0.0,0.0,0.0,0.0,0.0,0.0,0.0,0.0,0.0
ldhA,0.0,0.0,0.0,0.0,0.0,0.0,0.0,0.0,0.0
ydbK,6609.0,6546.0,6022.0,1264.0,1859.0,1591.0,26.0,25.0,26.0
pgl,23536.0,21724.0,24494.0,0.0,0.0,0.0,0.0,0.0,0.0
ygaP,0.0,0.0,0.0,0.0,0.0,0.0,0.0,0.0,0.0
wecF,0.0,0.0,0.0,0.0,0.0,0.0,0.0,0.0,0.0
srlE,0.0,0.0,0.0,0.0,0.0,0.0,0.0,0.0,0.0
gmk,29908.0,28543.0,28496.0,0.0,0.0,0.0,93.0,56.0,65.0
guaC,0.0,0.0,0.0,0.0,0.0,0.0,0.0,0.0,0.0
hisH,7195.0,6793.0,7207.0,0.0,0.0,0.0,20.0,13.0,16.0
speB,0.0,0.0,0.0,0.0,0.0,0.0,0.0,0.0,0.0
hisF,6461.0,6710.0,7113.0,0.0,0.0,0.0,24.0,14.0,16.0
lipA,0.0,0.0,0.0,0.0,0.0,0.0,0.0,0.0,0.0
lipB,0.0,0.0,0.0,0.0,0.0,0.0,0.0,0.0,0.0
msbA,6349.0,6687.0,5312.0,0.0,0.0,0.0,7.0,9.0,11.0
hisG,355246.0,337328.0,365933.0,0.0,0.0,0.0,1105.0,733.0,861.0
plsY,0.0,0.0,0.0,-0.0,-0.0,-0.0,0.0,0.0,0.0
can,2.0,2.0,2.0,0.0,0.0,0.0,0.0,0.0,0.0
ribE,51.0,51.0,50.0,0.0,0.0,0.0,0.0,0.0,0.0
rmlA,0.0,0.0,0.0,0.0,0.0,0.0,0.0,0.0,0.0
mdh,248505.0,253846.0,247796.0,604.0,510.0,592.0,2794.0,1394.0,1637.0
fldA,189879.0,202207.0,185564.0,2292.0,2392.0,2177.0,708.0,473.0,405.0
ispE,0.0,0.0,0.0,0.0,0.0,0.0,100.0,56.0,74.0
ispF,9560.0,9677.0,9503.0,0.0,0.0,0.0,29.0,23.0,22.0
ispG,0.0,0.0,0.0,0.0,0.0,0.0,229.0,166.0,347.0
ispH,0.0,0.0,0.0,0.0,0.0,0.0,95.0,50.0,65.0
gpmA,65122.0,64559.0,67782.0,0.0,0.0,0.0,1245.0,765.0,847.0
gmhA,0.0,0.0,0.0,0.0,0.0,0.0,0.0,0.0,0.0
gmhB,0.0,0.0,0.0,0.0,0.0,0.0,0.0,0.0,0.0
amiC,0.0,0.0,0.0,0.0,0.0,0.0,0.0,0.0,0.0
lsrG,0.0,0.0,0.0,0.0,0.0,0.0,0.0,0.0,0.0
queD,0.0,0.0,0.0,0.0,0.0,0.0,0.0,0.0,0.0
hldD,0.0,0.0,0.0,0.0,0.0,0.0,0.0,0.0,0.0
grcA,0.0,0.0,0.0,0.0,0.0,0.0,0.0,0.0,0.0
malK,0.0,0.0,0.0,0.0,0.0,0.0,0.0,0.0,0.0
grxA,0.0,0.0,0.0,0.0,0.0,0.0,0.0,0.0,0.0
atpE,0.0,0.0,0.0,40063.0,48860.0,37967.0,0.0,0.0,0.0
pepA,0.0,0.0,0.0,0.0,0.0,0.0,0.0,0.0,0.0
sdhC,0.0,0.0,0.0,1045.0,1341.0,1068.0,0.0,0.0,0.0
adk,99648.0,107578.0,101240.0,0.0,0.0,0.0,839.0,663.0,593.0
fadD,0.0,0.0,0.0,0.0,0.0,0.0,0.0,0.0,0.0
apt,0.0,0.0,0.0,0.0,0.0,0.0,0.0,0.0,0.0
hyaA,0.0,0.0,0.0,0.0,0.0,0.0,0.0,0.0,0.0
lpp,0.0,0.0,0.0,0.0,0.0,0.0,0.0,0.0,0.0
crr,389487.0,382689.0,432682.0,0.0,0.0,0.0,0.0,0.0,0.0
ptsG,280700.0,0.0,0.0,0.0,0.0,0.0,0.0,0.0,0.0
chbB,0.0,0.0,0.0,0.0,0.0,0.0,0.0,0.0,0.0
manX,0.0,0.0,0.0,0.0,0.0,0.0,0.0,0.0,0.0
manY,0.0,0.0,0.0,0.0,0.0,0.0,0.0,0.0,0.0
manZ,0.0,0.0,0.0,0.0,0.0,0.0,0.0,0.0,0.0
fruB,0.0,0.0,0.0,0.0,0.0,0.0,0.0,0.0,0.0
gatA,0.0,0.0,0.0,0.0,0.0,0.0,0.0,0.0,0.0
gatC,0.0,0.0,0.0,0.0,0.0,0.0,0.0,0.0,0.0
potA,0.0,0.0,0.0,0.0,0.0,0.0,0.0,0.0,0.0
gadA,0.0,0.0,0.0,0.0,0.0,0.0,0.0,0.0,0.0
gadB,0.0,0.0,0.0,0.0,0.0,0.0,0.0,0.0,0.0
fucI,0.0,0.0,0.0,0.0,0.0,0.0,0.0,0.0,0.0
nrdB,0.0,0.0,0.0,0.0,0.0,0.0,0.0,0.0,0.0
yagE,0.0,0.0,0.0,0.0,0.0,0.0,0.0,0.0,0.0
yahK,0.0,0.0,0.0,0.0,0.0,0.0,0.0,0.0,0.0
ylbA,0.0,0.0,0.0,0.0,0.0,0.0,0.0,0.0,0.0
ubiF,0.0,0.0,0.0,0.0,0.0,0.0,0.0,0.0,0.0
ybiV,0.0,0.0,0.0,0.0,0.0,0.0,0.0,0.0,0.0
gsiA,0.0,0.0,0.0,0.0,0.0,0.0,0.0,0.0,0.0
gsiC,0.0,0.0,0.0,0.0,0.0,0.0,0.0,0.0,0.0
yliI,0.0,0.0,0.0,0.0,0.0,0.0,0.0,0.0,0.0
ybjI,1978.0,1746.0,2370.0,0.0,0.0,0.0,0.0,0.0,0.0
amiD,0.0,0.0,0.0,0.0,0.0,0.0,0.0,0.0,0.0
ltaE,0.0,0.0,0.0,0.0,0.0,0.0,7.0,5.0,4.0
ycaO,0.0,0.0,0.0,0.0,0.0,0.0,0.0,0.0,0.0
ghrA,0.0,0.0,0.0,0.0,0.0,0.0,0.0,0.0,0.0
ycfS,0.0,0.0,0.0,0.0,0.0,0.0,0.0,0.0,0.0
nagK,0.0,0.0,0.0,0.0,0.0,0.0,0.0,0.0,0.0
ldcA,0.0,0.0,0.0,0.0,0.0,0.0,0.0,0.0,0.0
dhaL,0.0,0.0,0.0,0.0,0.0,0.0,0.0,0.0,0.0
dhaK,0.0,0.0,0.0,0.0,0.0,0.0,0.0,0.0,0.0
paaB,0.0,0.0,0.0,0.0,0.0,0.0,0.0,0.0,0.0
paaC,0.0,0.0,0.0,0.0,0.0,0.0,0.0,0.0,0.0
paaE,0.0,0.0,0.0,0.0,0.0,0.0,0.0,0.0,0.0
paaK,0.0,0.0,0.0,0.0,0.0,0.0,0.0,0.0,0.0
ydcS,0.0,0.0,0.0,0.0,0.0,0.0,0.0,0.0,0.0
mnaT,0.0,0.0,0.0,0.0,0.0,0.0,0.0,0.0,0.0
curA,0.0,0.0,0.0,0.0,0.0,0.0,0.0,0.0,0.0
lsrB,0.0,0.0,0.0,0.0,0.0,0.0,0.0,0.0,0.0
lsrF,691.0,952.0,797.0,0.0,0.0,0.0,3.0,2.0,2.0
tam,0.0,0.0,0.0,0.0,0.0,0.0,0.0,0.0,0.0
sad,0.0,0.0,0.0,0.0,0.0,0.0,0.0,0.0,0.0
ynhG,0.0,0.0,0.0,0.0,0.0,0.0,0.0,0.0,0.0
sufE,0.0,0.0,0.0,0.0,0.0,0.0,0.0,0.0,0.0
astD,0.0,0.0,0.0,0.0,0.0,0.0,0.0,0.0,0.0
msrC,0.0,0.0,0.0,0.0,0.0,0.0,0.0,0.0,0.0
cmoA,0.0,0.0,0.0,0.0,0.0,0.0,0.0,0.0,0.0
dcyD,0.0,0.0,0.0,0.0,0.0,0.0,0.0,0.0,0.0
wzzB,0.0,0.0,0.0,0.0,0.0,0.0,0.0,0.0,0.0
preT,0.0,0.0,0.0,0.0,0.0,0.0,0.0,0.0,0.0
yeiU,0.0,0.0,0.0,0.0,0.0,0.0,0.0,0.0,0.0
yfbR,0.0,0.0,0.0,0.0,0.0,0.0,0.0,0.0,0.0
fadI,2251.0,3963.0,0.0,0.0,0.0,0.0,119.0,0.0,0.0
murQ,0.0,0.0,0.0,0.0,0.0,0.0,0.0,0.0,0.0
yfeX,0.0,0.0,0.0,0.0,0.0,0.0,0.0,0.0,0.0
maeB,0.0,0.0,0.0,0.0,0.0,0.0,0.0,0.0,0.0
hldE,0.0,0.0,0.0,0.0,0.0,0.0,0.0,0.0,0.0
pdxY,0.0,0.0,0.0,0.0,0.0,0.0,0.0,0.0,0.0
dsbG,0.0,0.0,0.0,0.0,0.0,0.0,0.0,0.0,0.0
prpD,0.0,0.0,0.0,0.0,0.0,0.0,0.0,0.0,0.0
yniC,0.0,0.0,0.0,0.0,0.0,0.0,0.0,0.0,0.0
ykgE,0.0,0.0,0.0,0.0,0.0,0.0,0.0,0.0,0.0
lsrA,0.0,0.0,0.0,0.0,0.0,0.0,0.0,0.0,0.0
ydaM,0.0,0.0,0.0,0.0,0.0,0.0,0.0,0.0,0.0
arnA,0.0,0.0,0.0,0.0,0.0,0.0,0.0,0.0,0.0
fadJ,0.0,0.0,0.0,0.0,0.0,0.0,25.0,13.0,11.0
lsrK,296.0,239.0,501.0,0.0,0.0,0.0,3.0,2.0,1.0
ykgG,0.0,0.0,0.0,0.0,0.0,0.0,0.0,0.0,0.0
alaC,0.0,0.0,0.0,0.0,0.0,0.0,0.0,0.0,0.0
sufS,0.0,0.0,0.0,0.0,0.0,0.0,0.0,0.0,0.0
glsA,0.0,0.0,0.0,0.0,0.0,0.0,0.0,0.0,0.0
yqaB,0.0,0.0,0.0,0.0,0.0,0.0,4.0,2.0,3.0
dxs,8478.0,10062.0,10684.0,0.0,0.0,0.0,35.0,27.0,27.0
sufC,0.0,0.0,0.0,0.0,0.0,0.0,0.0,0.0,0.0
sufB,0.0,0.0,0.0,0.0,0.0,0.0,0.0,0.0,0.0
yfcG,0.0,0.0,0.0,0.0,0.0,0.0,0.0,0.0,0.0
prpB,0.0,0.0,0.0,0.0,0.0,0.0,0.0,0.0,0.0
anmK,0.0,0.0,0.0,0.0,0.0,0.0,0.0,0.0,0.0
astC,0.0,0.0,0.0,0.0,0.0,0.0,0.0,0.0,0.0
yfbT,0.0,0.0,0.0,0.0,0.0,0.0,0.0,0.0,0.0
prr,0.0,0.0,0.0,0.0,0.0,0.0,0.0,0.0,0.0
sufD,0.0,0.0,0.0,0.0,0.0,0.0,0.0,0.0,0.0
arnB,0.0,0.0,0.0,0.0,0.0,0.0,0.0,0.0,0.0
thiI,0.0,0.0,0.0,0.0,0.0,0.0,0.0,0.0,0.0
queC,0.0,0.0,0.0,0.0,0.0,0.0,0.0,0.0,0.0
ydiI,0.0,0.0,0.0,0.0,0.0,0.0,0.0,0.0,0.0
ynfF,0.0,0.0,0.0,0.0,0.0,0.0,0.0,0.0,0.0
maa,0.0,0.0,0.0,0.0,0.0,0.0,0.0,0.0,0.0
ydcT,0.0,0.0,0.0,0.0,0.0,0.0,0.0,0.0,0.0
fsaA,0.0,15630.0,10514.0,0.0,0.0,0.0,61.0,40.0,41.0
feaB,0.0,0.0,0.0,0.0,0.0,0.0,0.0,0.0,0.0
idi,0.0,0.0,0.0,0.0,0.0,0.0,0.0,0.0,0.0
bglA,0.0,0.0,0.0,0.0,0.0,0.0,0.0,0.0,0.0
yghU,0.0,0.0,0.0,0.0,0.0,0.0,0.0,0.0,0.0
gpr,0.0,0.0,0.0,0.0,0.0,0.0,0.0,0.0,0.0
yqhD,0.0,0.0,0.0,0.0,0.0,0.0,0.0,0.0,0.0
dkgA,0.0,0.0,0.0,0.0,0.0,0.0,0.0,0.0,0.0
yqjH,0.0,0.0,0.0,0.0,0.0,0.0,0.0,0.0,0.0
ispD,480.0,359.0,418.0,0.0,0.0,0.0,2.0,1.0,1.0
queF,0.0,0.0,0.0,0.0,0.0,0.0,0.0,0.0,0.0
csdA,0.0,0.0,0.0,0.0,0.0,0.0,0.0,0.0,0.0
fadE,0.0,0.0,0.0,0.0,0.0,0.0,0.0,0.0,0.0
tauA,0.0,0.0,0.0,0.0,0.0,0.0,0.0,0.0,0.0
mmuM,0.0,0.0,0.0,0.0,0.0,0.0,0.0,0.0,0.0
copA,0.0,0.0,0.0,0.0,0.0,0.0,0.0,0.0,0.0
ytfR,0.0,0.0,0.0,0.0,0.0,0.0,0.0,0.0,0.0
dgoA,0.0,0.0,0.0,0.0,0.0,0.0,0.0,0.0,0.0
dgoD,0.0,0.0,0.0,0.0,0.0,0.0,0.0,0.0,0.0
nudF,0.0,0.0,0.0,0.0,0.0,0.0,0.0,0.0,0.0
