From	To
D4HZR9	8914606
P00350	946554
P00363	948667
P00370	946802
P00393	946792
P00448	948403
P00452	946612
P00490	947922
P00509	945553
P00547	947498
P00550	948118
P00561	945803
P00562	948433
P00579	947567
P00582	948356
P00803	947040
P00805	947454
P00811	948669
P00861	947313
P00864	948457
P00887	946229
P00888	947084
P00893	948793
P00894	947267
P00895	945846
P00904	945109
P00909	945519
P00926	946837
P00934	945198
P00935	948434
P00936	947755
P00944	948141
P00946	944840
P00954	947894
P00956	944761
P00957	947175
P00959	946643
P00960	948079
P00961	948080
P00962	945310
P00963	13905103
P00963	948258
P00968	944775
P02358	948723
P02359	947846
P02413	947798
P02916	948532
P02918	947907
P02919	944843
P02924	946409
P02925	948261
P02929	945843
P02930	947521
P02931	945554
P02942	948884
P02943	948548
P03004	948217
P03007	946441
P03018	948347
P03813	947348
P03817	13909069
P03817	948249
P03819	944773
P03841	948547
P04036	944762
P04079	947334
P04335	946039
P04391	948774
P04425	947445
P04693	948563
P04805	946906
P04816	947964
P04825	947253
P04846	948175
P04949	949101
P04951	945539
P04968	948287
P04982	948267
P04983	948264
P04994	946988
P05020	945787
P05041	946337
P05042	946147
P05055	947672
P05194	946210
P05458	947284
P05459	946785
P05523	946765
P05637	944770
P05704	945995
P05706	948971
P05719	948867
P05791	948277
P05793	948286
P05804	946149
P05825	945193
P05852	947578
P06129	948468
P06149	946653
P06610	945915
P06612	945862
P06616	947036
P06709	948469
P06710	945105
P06715	948014
P06720	948636
P06721	946240
P06846	947586
P06959	944794
P06960	944844
P06961	947553
P06966	946241
P06968	948607
P06971	944856
P06983	947759
P06986	946551
P06987	946552
P06988	946531
P06989	946515
P06992	944939
P06993	947921
P06996	946716
P06999	946230
P07001	946628
P07003	946132
P07004	946680
P07012	947369
P07013	948722
P07014	945300
P07017	946399
P07021	947094
P07023	947115
P07024	947331
P07102	946206
P07109	946789
P07117	945602
P07118	948785
P07363	946401
P07395	945382
P07604	945879
P07623	948513
P07639	947927
P07648	947294
P07650	948901
P07762	947940
P07813	947497
P07862	946324
P07913	948139
P08142	948182
P08178	946975
P08179	946973
P08192	945451
P08194	946704
P08200	945702
P08201	947868
P08244	947121
P08245	947058
P08312	946223
P08331	948729
P08368	948922
P08373	948470
P08390	946797
P08395	946281
P08506	945455
P08550	945055
P08622	944753
P08660	948531
P08839	946879
P08956	948878
P08957	948872
P08997	948512
P09029	945153
P09030	946254
P09053	948087
P09099	948133
P09126	948587
P09127	948446
P09147	945354
P09148	945357
P09151	947465
P09152	945782
P09155	946328
P09158	947726
P09169	945185
P09323	945292
P09372	947097
P09373	945514
P09394	946725
P09424	948117
P09546	945600
P09549	944971
P09551	949030
P09831	947724
P09832	947723
P09833	945362
P09980	948292
P09996	948212
P0A698	948559
P0A6A0	948322
P0A6A3	946775
P0A6A6	945076
P0A6A8	42483016
P0A6A8	944805
P0A6B4	948564
P0A6B7	947004
P0A6C1	946669
P0A6C5	947289
P0A6C8	948464
P0A6D0	947861
P0A6D3	945528
P0A6D7	2847759
P0A6E1	945031
P0A6E4	947590
P0A6E6	948245
P0A6E9	944927
P0A6F1	949025
P0A6F3	948423
P0A6F5	948665
P0A6F9	948655
P0A6G3	947169
P0A6G7	945082
P0A6H1	945083
P0A6H5	948430
P0A6H8	945821
P0A6I0	945535
P0A6I3	948479
P0A6I6	947386
P0A6I9	949060
P0A6J1	947221
P0A6J5	945752
P0A6J8	945313
P0A6K3	947780
P0A6K6	948910
P0A6L0	948902
P0A6L2	946952
P0A6L4	947742
P0A6L7	945542
P0A6L9	946995
P0A6M2	946344
P0A6M4	948378
P0A6M8	947847
P0A6N4	948661
P0A6N8	946674
P0A6P1	944866
P0A6P5	946983
P0A6P7	948358
P0A6P9	945032
P0A6Q3	945568
P0A6Q6	944888
P0A6R0	946003
P0A6R3	8911232
P0A6R3	947697
P0A6S0	946996
P0A6S5	946033
P0A6S7	948125
P0A6T1	948535
P0A6T3	945358
P0A6T5	949040
P0A6T9	947393
P0A6U3	948248
P0A6U5	948250
P0A6U8	947932
P0A6V1	947942
P0A6V5	947935
P0A6V8	946858
P0A6W3	944814
P0A6W5	947696
P0A6W9	944881
P0A6X1	945777
P0A6X3	948689
P0A6X7	945472
P0A6Y1	945533
P0A6Y5	947178
P0A6Y8	944750
P0A6Z1	944885
P0A6Z3	945099
P0A6Z6	947995
P0A705	947684
P0A707	946225
P0A710	946228
P0A715	945785
P0A717	945772
P0A720	945663
P0A722	944849
P0A725	944816
P0A729	945631
P0A731	945574
P0A734	945740
P0A738	945397
P0A742	947787
P0A744	948734
P0A746	947188
P0A749	947703
P0A752	945248
P0A759	945290
P0A761	947745
P0A763	945611
P0A780	945054
P0A784	948675
P0A786	948767
P0A790	945686
P0A794	947039
P0A796	948412
P0A799	947414
P0A7A2	948918
P0A7A5	944923
P0A7A7	948541
P0A7A9	948748
P0A7B1	946971
P0A7B3	947092
P0A7B5	946425
P0A7B8	948429
P0A7C2	948544
P0A7C6	948520
P0A7D1	945765
P0A7D4	948695
P0A7D7	946957
P0A7E1	945556
P0A7E3	948157
P0A7E5	946116
P0A7E9	944989
P0A7F3	948763
P0A7F6	947719
P0A7F9	944905
P0A7G2	947685
P0A7G6	947170
P0A7H6	945100
P0A7I0	949002
P0A7I4	948897
P0A7I7	945763
P0A7J0	947526
P0A7J3	948490
P0A7J7	948484
P0A7K2	948489
P0A7K6	947096
P0A7L0	948483
P0A7L3	41067652
P0A7L3	945152
P0A7L8	945190
P0A7M2	946941
P0A7M6	947807
P0A7M9	948425
P0A7N4	945657
P0A7N9	8913847
P0A7N9	946318
P0A7P5	42485750
P0A7P5	948216
P0A7Q1	42481591
P0A7Q1	946349
P0A7Q6	42485764
P0A7Q6	947805
P0A7R1	948720
P0A7R5	947816
P0A7R9	947792
P0A7S3	34154647
P0A7S3	947845
P0A7S9	947791
P0A7T3	947103
P0A7T7	8913829
P0A7T7	948721
P0A7U3	34152300
P0A7U3	947811
P0A7U7	944759
P0A7V0	947874
P0A7V3	42482864
P0A7V3	947814
P0A7V8	35807177
P0A7V8	947793
P0A7W1	947795
P0A7W7	947802
P0A7X3	41069791
P0A7X3	949000
P0A7X6	947101
P0A7Y0	947033
P0A7Y4	946955
P0A7Y8	948215
P0A7Z0	947407
P0A7Z4	947794
P0A800	42482406
P0A800	948160
P0A805	946122
P0A812	946371
P0A817	945389
P0A821	948124
P0A825	947022
P0A830	948039
P0A832	947296
P0A836	945312
P0A840	947211
P0A843	945228
P0A847	949130
P0A850	945081
P0A853	948221
P0A855	945429
P0A858	948409
P0A862	945880
P0A867	947006
P0A870	944748
P0A873	947099
P0A877	946204
P0A879	945768
P0A881	948917
P0A884	949035
P0A887	948926
P0A890	947974
P0A894	947727
P0A898	946430
P0A8A0	946379
P0A8A2	946493
P0A8A4	946207
P0A8A8	947680
P0A8B2	944847
P0A8B5	945104
P0A8C1	945493
P0A8C4	947400
P0A8D0	947437
P0A8D3	945033
P0A8D6	946987
P0A8E1	945676
P0A8E7	945063
P0A8F0	946979
P0A8F4	946597
P0A8F8	945385
P0A8G0	947203
P0A8G3	947599
P0A8G6	947263
P0A8G9	945069
P0A8H6	948363
P0A8H8	945630
P0A8I1	947439
P0A8I3	944749
P0A8I5	947448
P0A8I8	945239
P0A8J2	948813
P0A8J4	945220
P0A8J8	948290
P0A8K1	948673
P0A8K5	1450233
P0A8L1	945506
P0A8M0	945555
P0A8M3	946222
P0A8M6	946541
P0A8N0	945570
P0A8N3	947372
P0A8N5	948645
P0A8P3	947461
P0A8P6	948355
P0A8P8	947362
P0A8R0	948419
P0A8R4	947849
P0A8R7	945878
P0A8S1	944867
P0A8T1	947708
P0A8T7	948487
P0A8U0	947271
P0A8U6	948435
P0A8V0	946760
P0A8V2	948488
P0A8V6	948652
P0A8W0	945468
P0A8W2	946167
P0A8W5	947442
P0A8W8	946767
P0A8X0	948751
P0A8X2	946145
P0A8Y1	948899
P0A8Y3	948380
P0A8Y5	948204
P0A8Y8	945215
P0A8Z0	946634
P0A8Z7	947488
P0A901	948670
P0A903	946954
P0A905	946801
P0A908	946301
P0A910	945571
P0A912	945004
P0A915	945128
P0A917	944967
P0A921	948307
P0A927	946242
P0A935	944964
P0A937	945583
P0A940	944870
P0A944	948894
P0A951	946117
P0A953	946799
P0A955	946367
P0A959	946772
P0A962	946278
P0A964	946400
P0A968	945669
P0A972	947024
P0A988	948218
P0A991	946632
P0A993	948753
P0A996	946735
P0A998	946410
P0A9A6	944786
P0A9A9	945295
P0A9B2	947679
P0A9B6	947413
P0A9C0	946713
P0A9C3	944943
P0A9C5	948370
P0A9C9	948424
P0A9D2	945758
P0A9D4	948126
P0A9D8	944862
P0A9E5	945908
P0A9F1	945437
P0A9F3	945771
P0A9F6	947278
P0A9F9	948310
P0A9G4	945332
P0A9G6	948517
P0A9G8	945366
P0A9H1	947560
P0A9H5	945839
P0A9H7	944811
P0A9I3	946950
P0A9I8	947881
P0A9J0	947744
P0A9J6	948260
P0A9J8	947081
P0A9K3	948044
P0A9K7	948233
P0A9K9	947859
P0A9L3	948726
P0A9L5	948285
P0A9L8	945034
P0A9M0	945085
P0A9M2	946624
P0A9M5	944817
P0A9M8	946778
P0A9N4	945517
P0A9P0	944854
P0A9P4	949054
P0A9P6	947674
P0A9Q1	948874
P0A9Q5	946796
P0A9Q7	945837
P0A9Q9	947939
P0A9R4	947160
P0A9R7	947968
P0A9S1	947273
P0A9S3	946598
P0A9S5	948440
P0A9S7	947967
P0A9T0	945258
P0A9T4	947306
P0A9T6	948800
P0A9T8	945122
P0A9U3	945440
P0A9U6	945886
P0A9V1	947725
P0A9W0	948706
P0A9W3	948909
P0A9W6	947958
P0A9W9	947775
P0A9X4	41069769
P0A9X4	948588
P0A9X9	23335706
P0A9X9	948070
P0A9Y6	8911702
P0A9Y6	946339
P0A9Z1	23339395
P0A9Z1	947016
P0AA04	42485552
P0AA04	946886
P0AA10	947828
P0AA16	8912757
P0AA16	947913
P0AA25	23335415
P0AA25	948289
P0AA31	23338749
P0AA31	946909
P0AA39	945637
P0AA43	945378
P0AA53	947257
P0AA57	948315
P0AA63	947643
P0AA82	944994
P0AA89	945835
P0AA91	946312
P0AA97	946809
P0AA99	944910
P0AAA1	945677
P0AAA9	948507
P0AAB4	948326
P0AAB6	946560
P0AAB8	948415
P0AAC0	945904
P0AAC4	945401
P0AAC8	946999
P0AAD6	947264
P0AAE0	948725
P0AAF6	945489
P0AAG0	948065
P0AAG3	945254
P0AAG8	949036
P0AAH0	948240
P0AAI3	947690
P0AAI5	946665
P0AAI9	945766
P0AAJ5	948395
P0AAN3	947194
P0AAN5	945043
P0AAN9	947709
P0AAP3	944986
P0AAQ2	945051
P0AAR3	947083
P0AAS0	948876
P0AAS7	945158
P0AAS9	949021
P0AAT6	945237
P0AAT9	945252
P0AAV4	945311
P0AAV6	945356
P0AAW1	945408
P0AAX3	945433
P0AAX8	945441
P0AAY6	945482
P0AAZ4	945505
P0AAZ7	945537
P0AB10	946972
P0AB12	945594
P0AB14	948930
P0AB24	945603
P0AB26	947377
P0AB28	945650
P0AB38	948536
P0AB40	945492
P0AB43	946226
P0AB49	945762
P0AB52	945794
P0AB55	949085
P0AB61	945860
P0AB65	945304
P0AB67	946144
P0AB71	947415
P0AB77	948138
P0AB80	948278
P0AB83	947122
P0AB89	945695
P0AB91	945605
P0AB96	948018
P0AB98	948252
P0ABA0	948247
P0ABA4	948254
P0ABA6	948243
P0ABB0	948242
P0ABB4	948244
P0ABB8	948778
P0ABC3	948697
P0ABC7	948698
P0ABD3	947839
P0ABD5	944895
P0ABD8	947758
P0ABE2	947043
P0ABF1	947318
P0ABF4	946942
P0ABF6	946663
P0ABG1	944876
P0ABH0	944778
P0ABH7	945323
P0ABH9	945764
P0ABI4	948351
P0ABI8	945615
P0ABJ1	945080
P0ABJ3	946897
P0ABJ6	944918
P0ABJ9	945341
P0ABK2	945347
P0ABK5	946877
P0ABK9	948571
P0ABN5	948659
P0ABP8	945654
P0ABQ0	949047
P0ABQ2	947631
P0ABQ4	944790
P0ABR1	945022
P0ABS1	29459173
P0ABS1	944850
P0ABS5	947570
P0ABT2	945101
P0ABT5	947707
P0ABU0	946747
P0ABU2	945769
P0ABU5	947903
P0ABU7	945420
P0ABU9	948900
P0ABV2	946345
P0ABV6	945328
P0ABY4	947361
P0ABZ1	946451
P0ABZ4	947717
P0ABZ6	944812
P0AC02	947086
P0AC13	947691
P0AC16	947544
P0AC19	946781
P0AC23	945513
P0AC30	947969
P0AC33	946826
P0AC38	948658
P0AC41	945402
P0AC44	945322
P0AC47	948666
P0AC51	948552
P0AC53	946370
P0AC55	945087
P0AC59	946926
P0AC62	948132
P0AC69	946169
P0AC75	949048
P0AC78	948789
P0AC81	946161
P0AC84	944902
P0AC86	947931
P0AC92	1450249
P0ACA1	948113
P0ACA3	944744
P0ACA7	945469
P0ACB0	948555
P0ACB2	945017
P0ACB4	948331
P0ACB7	948311
P0ACC3	944857
P0ACC7	948246
P0ACD4	947002
P0ACD8	945580
P0ACE0	945182
P0ACE3	945098
P0ACE7	948549
P0ACF0	948499
P0ACF4	949095
P0ACF8	945829
P0ACG1	947130
P0ACG8	947912
P0ACI0	948916
P0ACI3	948086
P0ACJ0	949051
P0ACJ8	33939152
P0ACJ8	947867
P0ACK2	947636
P0ACK5	945453
P0ACK8	946905
P0ACL2	947602
P0ACL5	947466
P0ACL9	944827
P0ACN4	945333
P0ACN7	948427
P0ACP1	944804
P0ACP5	947946
P0ACP7	945226
P0ACQ4	948462
P0ACR4	946657
P0ACR9	945282
P0ACS2	948566
P0ACS7	948603
P0ACS9	945516
P0ACU7	948650
P0ACV4	944936
P0ACV6	945969
P0ACV8	945874
P0ACW6	945997
P0ACX3	946177
P0ACX5	946180
P0ACX9	946205
P0ACY1	945964
P0ACY3	946297
P0ACY9	946364
P0ACZ4	946841
P0ACZ8	945003
P0AD01	948640
P0AD05	945061
P0AD07	946420
P0AD10	946388
P0AD12	946538
P0AD14	949027
P0AD24	946694
P0AD27	946685
P0AD33	948817
P0AD37	946857
P0AD40	1450285
P0AD44	947010
P0AD49	947129
P0AD57	947364
P0AD59	946530
P0AD61	946179
P0AD65	945240
P0AD68	944799
P0AD96	947971
P0ADA1	945127
P0ADA3	947011
P0ADA5	945521
P0ADA7	945866
P0ADB1	945305
P0ADB7	2847737
P0ADC1	946257
P0ADC3	945673
P0ADC6	945324
P0ADE4	948733
P0ADE6	947144
P0ADE8	947384
P0ADF8	948183
P0ADG4	947285
P0ADG7	946985
P0ADI4	946178
P0ADI7	946384
P0ADK0	948072
P0ADK8	948115
P0ADM4	948199
P0ADN2	948274
P0ADN6	1450304
P0ADP0	948357
P0ADP2	948338
P0ADP7	948915
P0ADP9	948348
P0ADQ2	948387
P0ADQ7	947157
P0ADR6	947283
P0ADR8	947266
P0ADS2	947404
P0ADS6	947398
P0ADS9	947453
P0ADT2	945086
P0ADT5	947249
P0ADT8	947555
P0ADU2	947506
P0ADU5	946051
P0ADV1	947920
P0ADV5	947677
P0ADV7	947710
P0ADV9	947722
P0ADW3	947815
P0ADX1	947860
P0ADX5	947871
P0ADX7	947956
P0ADX9	947977
P0ADY1	946056
P0ADY3	947809
P0ADY7	947806
P0ADZ0	947819
P0ADZ4	947686
P0ADZ7	945374
P0AE01	948610
P0AE06	945112
P0AE08	945225
P0AE12	946508
P0AE14	946678
P0AE18	947882
P0AE22	948562
P0AE28	945045
P0AE39	947395
P0AE45	948735
P0AE48	948741
P0AE52	946949
P0AE63	945792
P0AE67	946393
P0AE78	946417
P0AE82	948405
P0AE85	2847688
P0AE88	948404
P0AE91	948920
P0AEA8	947880
P0AEB0	2847743
P0AEB2	945222
P0AEB5	945898
P0AEB7	946357
P0AEC0	946335
P0AEC3	947887
P0AEC5	947255
P0AED0	948007
P0AED5	946424
P0AED7	948313
P0AED9	946479
P0AEE1	947983
P0AEE3	947865
P0AEE5	949041
P0AEF8	948063
P0AEG1	948064
P0AEG4	948353
P0AEG6	947363
P0AEH1	944871
P0AEH3	946750
P0AEH5	946751
P0AEI1	945260
P0AEI4	945465
P0AEI6	945689
P0AEJ2	945511
P0AEJ6	946924
P0AEK2	945645
P0AEK4	945870
P0AEL0	948383
P0AEL3	947909
P0AEL6	947538
P0AEM0	944807
P0AEM4	946684
P0AEM6	948824
P0AEM9	948833
P0AEN1	948325
P0AEN4	944803
P0AEN8	945842
P0AEP3	945730
P0AEP9	947353
P0AEQ1	947473
P0AEQ3	944872
P0AEQ6	945621
P0AER0	948422
P0AES0	947474
P0AES2	947258
P0AES4	946614
P0AES6	948211
P0AES9	948025
P0AET2	948026
P0AET5	948024
P0AET8	946151
P0AEU0	945309
P0AEU7	944861
P0AEV1	945855
P0AEV4	947193
P0AEV9	947428
P0AEW4	947515
P0AEW6	946584
P0AEW9	946676
P0AEX3	947069
P0AEX5	947862
P0AEX9	948538
P0AEY3	947254
P0AEY5	947512
P0AEZ1	948432
P0AEZ3	945741
P0AEZ9	945396
P0AF03	944760
P0AF08	946627
P0AF12	948542
P0AF18	945289
P0AF20	945285
P0AF24	945283
P0AF26	945807
P0AF28	945795
P0AF36	948420
P0AF43	948521
P0AF50	948560
P0AF52	948565
P0AF67	948684
P0AF70	948664
P0AF90	948773
P0AF93	948771
P0AF96	948777
P0AF98	948795
P0AFA7	944822
P0AFA9	947990
P0AFB1	947673
P0AFB5	948360
P0AFB8	948361
P0AFC3	946764
P0AFC7	946738
P0AFD1	946746
P0AFD4	946761
P0AFD6	946757
P0AFE4	947580
P0AFE8	947731
P0AFF0	945136
P0AFF2	946895
P0AFF6	947682
P0AFG0	948485
P0AFG3	945303
P0AFG6	945307
P0AFG8	944834
P0AFH2	945823
P0AFH6	945810
P0AFH8	948895
P0AFI2	947499
P0AFI5	946662
P0AFI7	946806
P0AFJ1	948621
P0AFJ5	945046
P0AFJ7	948009
P0AFK0	948750
P0AFK2	945350
P0AFK6	945691
P0AFK9	945682
P0AFL3	947870
P0AFL6	946970
P0AFM2	947165
P0AFM4	945040
P0AFM6	945887
P0AFM9	945893
P0AFP4	945337
P0AFP6	945824
P0AFQ7	945656
P0AFR4	945854
P0AFS3	949096
P0AFT2	949105
P0AFT5	949024
P0AFU8	945848
P0AFV4	946686
P0AFW0	948327
P0AFW2	945567
P0AFW4	947546
P0AFW8	944891
P0AFX0	947718
P0AFX4	948496
P0AFX7	947053
P0AFX9	947054
P0AFY6	946884
P0AFY8	945272
P0AFZ1	946994
P0AFZ3	944774
P0AG00	944815
P0AG03	949033
P0AG14	945858
P0AG16	946794
P0AG18	949031
P0AG20	947244
P0AG24	948159
P0AG27	948131
P0AG30	948297
P0AG40	949129
P0AG44	34156050
P0AG44	947784
P0AG48	30329540
P0AG48	949057
P0AG51	947797
P0AG55	947803
P0AG59	947801
P0AG63	42482867
P0AG63	947808
P0AG67	945536
P0AG71	948966
P0AG76	945049
P0AG78	948411
P0AG80	947962
P0AG82	948237
P0AG84	947478
P0AG86	948123
P0AG90	949133
P0AG93	949120
P0AG96	948486
P0AG99	947720
P0AGA2	947799
P0AGA6	948178
P0AGB0	948913
P0AGB6	947050
P0AGC0	948201
P0AGC3	948908
P0AGD1	945343
P0AGD3	944953
P0AGD7	947102
P0AGE0	948570
P0AGE4	947605
P0AGE6	948225
P0AGE9	945314
P0AGF2	947274
P0AGF4	948529
P0AGG0	947387
P0AGG2	945074
P0AGG4	947062
P0AGG8	947749
P0AGI1	948262
P0AGI4	948083
P0AGI8	947788
P0AGJ2	948161
P0AGJ5	947066
P0AGJ7	948119
P0AGJ9	948855
P0AGK4	947688
P0AGK8	945279
P0AGL7	945816
P0C018	29379200
P0C018	947804
P0C037	945048
P0C054	948200
P0C058	948192
P0C066	945428
P0C079	40046114
P0C079	948308
P0C093	948158
P0C0K3	948346
P0C0L2	946043
P0C0L7	948626
P0C0R7	947689
P0C0S1	947416
P0C0T5	946812
P0C0V0	947139
P0C7L2	946121
P0C8J6	946636
P0C8J8	946641
P0C960	945655
P0CB39	948458
P0CE47	947838
P10100	945241
P10121	947978
P10346	945435
P10371	946521
P10378	947426
P10384	946820
P10408	944821
P10441	944838
P10442	944852
P10443	944877
P10902	947049
P10907	947953
P10908	947955
P11071	944797
P11349	945780
P11350	945808
P11446	948455
P11447	948463
P11454	945184
P11458	945351
P11557	947930
P11875	946452
P11880	944813
P12008	946814
P12281	945454
P12295	947067
P12758	948987
P12994	945383
P12995	945376
P12996	945370
P12998	945384
P13000	945387
P13001	947916
P13009	948522
P13024	948384
P13029	948431
P13033	946733
P13035	947934
P13036	946427
P13039	945181
P13445	947210
P13458	949076
P13482	945757
P13857	945998
P14081	948103
P14175	947148
P14176	947145
P14294	946141
P14376	948993
P14900	944818
P15034	947385
P15038	946227
P15042	946885
P15047	945284
P15067	947941
P15078	945213
P15082	948942
P15254	947032
P15288	945013
P15373	947639
P15639	948503
P15640	948504
P15723	947177
P15770	947776
P15877	944830
P15977	947923
P15993	946018
P16095	946331
P16384	948690
P16431	947396
P16456	946768
P16528	948524
P16659	949116
P16676	946889
P16681	948622
P16700	946883
P16701	946882
P16703	946888
P16869	945649
P16926	947655
P17115	947587
P17117	945483
P17169	948241
P17315	949042
P17443	946321
P17445	947376
P17802	947447
P17846	947231
P17854	947230
P17952	946153
P17993	946607
P18133	946648
P18196	945744
P18335	947864
P18390	948887
P18392	948870
P18393	1450243
P18775	945508
P18843	946946
P18956	947947
P19624	944919
P19636	946925
P19926	945773
P19934	946625
P20083	947501
P20099	946915
P20966	946672
P21151	948324
P21156	947217
P21165	948335
P21169	947457
P21170	947432
P21177	948336
P21179	946234
P21338	949065
P21345	948591
P21361	947489
P21362	947133
P21363	946871
P21365	945844
P21367	945512
P21369	946276
P21499	948692
P21507	947055
P21513	945641
P21517	949131
P21599	946527
P21645	944882
P21829	945372
P21865	946744
P21888	946969
P21889	946385
P22106	945281
P22186	944810
P22188	944791
P22255	948728
P22256	948067
P22259	945667
P22333	945851
P22523	945549
P22524	945550
P22564	944796
P22634	948467
P22729	947966
P22731	947961
P22939	945064
P23003	947143
P23173	948220
P23200	949039
P23305	948359
P23331	945834
P23367	948691
P23477	936341
P23522	947630
P23538	946209
P23721	945527
P23827	946700
P23830	947059
P23836	945697
P23837	946326
P23839	948154
P23842	946864
P23843	945830
P23845	947219
P23847	948062
P23857	945652
P23862	945071
P23865	946096
P23869	949038
P23871	947532
P23878	945201
P23882	947779
P23883	947003
P23886	945504
P23893	946892
P23894	946076
P23908	948456
P23909	947206
P23917	949086
P23930	946201
P24171	946084
P24177	945464
P24178	946953
P24182	947761
P24186	945221
P24188	945601
P24193	947182
P24202	948898
P24203	948882
P24205	945143
P24207	945199
P24215	947082
P24224	947037
P24228	947693
P24230	948162
P24232	947018
P24252	944853
P24255	947714
P24554	948912
P24555	946358
P25397	945979
P25437	944988
P25516	946724
P25519	948688
P25522	948222
P25524	944996
P25526	948060
P25535	947389
P25536	947753
P25539	945620
P25552	948291
P25553	945672
P25665	948323
P25714	948214
P25738	945612
P25745	945690
P25746	945693
P25748	949043
P25798	946448
P25888	945425
P25894	945173
P25906	945980
P26365	948683
P26459	945585
P26602	948545
P26612	946434
P26616	946031
P26646	947848
P26647	947496
P26648	944982
P27240	948145
P27242	948147
P27243	948148
P27247	946165
P27248	947390
P27249	944863
P27250	948802
P27278	948911
P27298	948016
P27300	945526
P27302	947420
P27303	947166
P27306	948461
P27431	945391
P27434	946992
P27550	948572
P27828	944789
P27829	948977
P27830	948300
P27833	948296
P27837	945400
P27838	947754
P27848	2847768
P28248	946593
P28249	946582
P28304	948556
P28306	945660
P28631	945661
P28632	948890
P28634	949112
P28635	944893
P28861	948414
P28903	948755
P28904	948762
P28905	948787
P29012	945754
P29013	946365
P29018	949052
P29131	948428
P29208	946734
P29217	945633
P29680	948497
P29745	946333
P30011	948869
P30014	946159
P30125	944798
P30126	945642
P30128	2847706
P30177	945424
P30178	945412
P30744	947262
P30748	945398
P30749	945399
P30750	944896
P30843	948631
P30847	946611
P30850	945864
P30859	948988
P30860	948981
P30863	944901
P30864	947507
P30870	947552
P30871	947554
P30958	945681
P31057	944839
P31060	945368
P31063	949082
P31064	945192
P31069	945841
P31119	947315
P31120	947692
P31129	946075
P31130	946068
P31131	946067
P31133	945480
P31134	945476
P31142	946993
P31224	945108
P31433	948171
P31434	948169
P31441	948210
P31455	948198
P31460	2847767
P31466	948224
P31473	948256
P31475	948263
P31547	944894
P31550	946306
P31554	945011
P31658	946481
P31660	947528
P31663	944958
P31677	946405
P31678	946406
P31680	948992
P31697	948843
P31801	945790
P31802	949081
P31806	948685
P31808	945838
P31828	946059
P31979	946753
P32099	944865
P32125	948343
P32131	948362
P32144	948381
P32157	948406
P32160	948408
P32162	948416
P32173	948349
P32176	948394
P32177	948393
P32662	947895
P32664	948498
P32680	948501
P32684	948519
P32685	948518
P32695	948558
P32703	948577
P32705	948575
P33014	946539
P33015	946526
P33018	949045
P33025	946699
P33030	946701
P33136	945005
P33195	947394
P33218	946355
P33219	946363
P33221	946368
P33224	948710
P33232	948121
P33355	949026
P33362	946681
P33363	946682
P33368	949126
P33371	945458
P33570	945865
P33590	947981
P33599	946759
P33602	946762
P33607	945540
P33643	947087
P33644	947089
P33647	948747
P33650	947919
P33920	946690
P33940	946702
P33941	946705
P34209	946215
P35340	947540
P36548	946916
P36560	945103
P36562	946517
P36649	947736
P36659	947572
P36672	948761
P36673	948760
P36680	944873
P36683	944864
P36767	948585
P36771	946769
P36879	944833
P36928	947234
P36929	947789
P36938	945271
P36979	946249
P36999	946340
P37005	948924
P37051	945827
P37052	945828
P37095	948766
P37128	947072
P37146	947149
P37147	948657
P37177	947301
P37182	948982
P37188	946610
P37194	948022
P37313	948056
P37327	944801
P37329	945364
P37330	948857
P37339	948069
P37340	945883
P37344	945683
P37348	946382
P37349	945749
P37351	948602
P37387	948090
P37388	948127
P37440	946898
P37590	945130
P37595	945456
P37613	947963
P37615	947975
P37617	947972
P37626	948003
P37634	948012
P37636	948031
P37637	948030
P37642	948033
P37643	948032
P37645	948043
P37647	948041
P37648	948040
P37649	948048
P37659	948058
P37661	948068
P37665	948075
P37666	948074
P37671	948084
P37685	948104
P37689	948130
P37690	948129
P37744	945154
P37745	947482
P37747	945235
P37749	947041
P37750	946556
P37751	946555
P37757	944782
P37759	945276
P37760	947117
P37765	945840
P37773	948752
P37774	946422
P37902	946938
P37903	945948
P38038	947239
P38051	946712
P38054	945191
P38104	946126
P38489	945778
P38506	947256
P38521	947449
P39099	947812
P39160	946795
P39161	948849
P39172	946375
P39173	946572
P39176	945273
P39177	945229
P39180	946540
P39187	948737
P39199	946805
P39265	948604
P39280	948662
P39285	948676
P39286	948674
P39298	948707
P39310	948727
P39315	948731
P39321	948742
P39325	948746
P39334	948775
P39337	948772
P39342	948978
P39356	948827
P39364	948834
P39366	948840
P39377	948853
P39384	945789
P39396	948914
P39401	948888
P39405	948891
P39406	948892
P39408	2847741
P39451	946036
P39452	947155
P39829	947641
P39830	946576
P39831	946085
P39838	946717
P40120	945994
P40191	946881
P40710	946782
P40874	944983
P41039	945434
P41052	947184
P41407	947569
P41409	945503
P42588	947120
P42593	947594
P42596	947589
P42599	947600
P42620	947615
P42626	2847723
P42641	947694
P42904	947648
P43329	948444
P43337	946330
P43672	945566
P45395	947734
P45425	947757
P45464	947663
P45468	947668
P45469	947667
P45470	947666
P45523	947850
P45531	947853
P45544	947885
P45577	948950
P45578	947168
P45579	945212
P45748	947783
P45771	947782
P45799	947906
P45800	947905
P45955	947227
P46118	946373
P46130	945381
P46474	2847740
P46837	947911
P46852	947945
P46853	947944
P46859	947937
P46889	945102
P50456	945510
P50465	945320
P51020	945012
P51024	944993
P52007	946415
P52060	947424
P52061	947429
P52062	947446
P52073	2847718
P52074	2847717
P52094	947235
P52095	944887
P52096	944875
P52097	944889
P52108	946199
P52119	945078
P52613	946454
P52643	946315
P52644	946525
P52647	946587
P52697	946398
P55135	947243
P55734	947135
P56258	2847677
P56262	948320
P56580	948933
P60240	948523
P60293	945548
P60340	947687
P60390	944806
P60422	29456695
P60422	947820
P60438	947817
P60546	948163
P60560	948986
P60595	946544
P60624	29456670
P60624	947810
P60651	947715
P60664	946516
P60716	945227
P60720	945217
P60723	34156062
P60723	947818
P60752	945530
P60757	946549
P60782	947561
P60785	947051
P60869	945474
P60872	948193
P60906	946989
P60955	947303
P61175	29456686
P61175	947813
P61316	948989
P61320	945775
P61517	944832
P61714	946453
P61887	948299
P61889	947854
P61949	945293
P62399	42482870
P62399	947800
P62517	945624
P62615	945774
P62617	945057
P62620	946991
P62623	944777
P62672	944772
P62707	945068
P62768	947044
P63020	947925
P63177	948694
P63224	949134
P63228	944879
P63235	946057
P63284	947077
P63340	945028
P63386	947729
P63389	947856
P63417	947670
P63883	947293
P64423	945910
P64429	946956
P64448	945946
P64451	948203
P64455	945916
P64461	946073
P64463	948796
P64467	946152
P64476	946194
P64479	946232
P64483	946303
P64488	946317
P64490	946308
P64499	946350
P64503	946347
P64506	947014
P64519	946469
P64530	947114
P64534	949080
P64540	946804
P64554	947527
P64564	947421
P64581	947614
P64585	947611
P64588	947584
P64596	947659
P64602	947954
P64604	947712
P64610	947910
P64612	947821
P64616	947830
P64624	947851
P65292	947276
P65294	947304
P65367	947151
P65556	946783
P65870	945123
P66817	947661
P66948	947029
P67080	947423
P67087	947664
P67095	946755
P67603	947380
P67624	947863
P67660	947621
P67697	946001
P67699	946040
P67826	2847756
P67910	948134
P68066	947068
P68187	948537
P68191	946030
P68206	948553
P68567	948005
P68679	8912709
P68679	947577
P68688	945479
P68699	42482197
P68699	948253
P68739	948502
P68767	948791
P68919	945618
P69054	945316
P69222	42483179
P69222	945500
P69228	946605
P69346	946542
P69407	947441
P69411	949113
P69423	948328
P69425	948319
P69428	948321
P69441	945097
P69451	946327
P69488	948660
P69503	945113
P69506	948724
P69681	945084
P69739	945579
P69776	946175
P69783	946880
P69786	945651
P69795	945339
P69797	946334
P69801	946332
P69805	946342
P69811	946677
P69828	946633
P69829	947721
P69853	945987
P69874	946323
P69908	948027
P69910	946058
P69913	42485350
P69913	947176
P69922	946195
P69924	946732
P71298	947351
P75682	944925
P75691	944975
P75694	944985
P75713	945149
P75728	945261
P75736	945288
P75745	945317
P75746	945318
P75767	945390
P75777	945414
P75779	947502
P75780	946246
P75782	944938
P75791	945439
P75792	945432
P75796	945457
P75798	945460
P75804	945467
P75809	945470
P75818	945491
P75820	945494
P75821	945495
P75822	945496
P75823	944955
P75828	945498
P75829	946025
P75830	947322
P75838	945509
P75839	945525
P75849	945551
P75863	945563
P75864	945564
P75867	945569
P75874	949008
P75876	946691
P75906	945604
P75913	946431
P75914	948477
P75915	945609
P75931	945204
P75952	947425
P75954	945666
P75957	945670
P75958	945665
P75959	945664
P75960	945687
P75974	945719
P75989	945735
P76001	946155
P76002	946963
P76004	946115
P76007	945755
P76008	945756
P76014	945748
P76015	945747
P76027	945802
P76034	945869
P76035	945859
P76046	945872
P76055	948967
P76062	945899
P76076	945943
P76078	947595
P76079	945956
P76081	945962
P76085	945963
P76086	945966
P76097	945991
P76108	946005
P76112	946010
P76113	946012
P76115	946015
P76116	946006
P76121	946192
P76128	946052
P76142	945418
P76143	946071
P76145	946074
P76149	947440
P76170	946119
P76172	946133
P76177	945117
P76187	946960
P76193	946174
P76194	946173
P76217	946260
P76220	946248
P76223	946271
P76231	947074
P76235	946296
P76237	946290
P76243	945675
P76256	946304
P76268	946129
P76270	946086
P76272	946352
P76273	946348
P76290	946380
P76291	946387
P76316	946831
P76318	946435
P76329	946472
P76330	946471
P76339	946487
P76341	946485
P76342	946484
P76344	946480
P76346	946489
P76350	946495
P76372	946553
P76387	946567
P76389	946566
P76397	946604
P76398	946606
P76402	947095
P76403	946609
P76407	946626
P76440	949049
P76445	946693
P76446	946695
P76491	946771
P76502	946815
P76503	948823
P76506	945582
P76507	946822
P76535	946893
P76536	946913
P76537	946919
P76539	946917
P76541	946914
P76550	946932
P76558	946947
P76561	947571
P76569	946974
P76575	946984
P76576	946981
P76578	947302
P76594	947056
P76621	948076
P76658	947548
P77148	945786
P77150	946162
P77171	948865
P77173	946869
P77181	945965
P77182	946800
P77202	945224
P77211	946288
P77212	946092
P77213	947246
P77214	945188
P77239	945189
P77243	945931
P77247	945632
P77252	948438
P77257	945680
P77258	946164
P77279	946990
P77285	946158
P77293	949098
P77302	945909
P77304	947436
P77318	945957
P77330	948980
P77338	945132
P77348	945951
P77376	947164
P77395	947119
P77398	947683
P77399	949097
P77432	946069
P77433	945906
P77434	946850
P77444	946185
P77454	946187
P77475	945776
P77485	945978
P77488	945060
P77499	946128
P77504	945118
P77522	945753
P77526	946763
P77529	946238
P77541	944990
P77544	946749
P77552	944851
P77554	944976
P77562	945038
P77569	945938
P77570	946810
P77581	946255
P77611	946137
P77615	945875
P77625	946777
P77667	949014
P77674	945876
P77689	944878
P77690	947375
P77695	946054
P77712	945812
P77713	944949
P77717	945070
P77718	945067
P77721	946272
P77735	946903
P77737	945818
P77739	946236
P77748	946189
P77754	946253
P77756	947034
P77774	946982
P77775	946784
P77781	946190
P77783	945268
P77791	945096
P77795	946007
P77804	946172
P77806	945211
P77808	945478
P78055	945449
P78067	946505
P80668	945933
Q06065	947444
Q2M7R5	1450299
Q2M7X4	1450300
Q46798	947352
Q46802	947320
Q46822	949020
Q46829	947378
Q46839	947259
Q46845	947472
Q46851	947480
Q46856	947493
Q46857	947495
Q46864	945814
Q46868	947524
Q46871	947582
Q46893	948269
Q46919	946027
Q46920	947270
Q46925	947275
Q46939	947324
Q46948	945066
Q47083	946502
Q47146	949007
Q47147	944906
Q47150	944914
Q47537	945030
Q47622	945873
Q47690	39529426
Q47690	6275998
Q47690	946143
Q57261	947214
Q59385	946106
Q6BEX0	2847725
Q6BF16	2847766
Q6BF17	2847765
Q93K97	947519
