0	B8LFD5
1	D0EX67
2	D4HZR9
3	D8FH86
4	D9IX93
5	E1MTY0
6	P00350
7	P00363
8	P00370
9	P00393
10	P00448
11	P00452
12	P00490
13	P00509
14	P00547
15	P00550
16	P00561
17	P00562
18	P00579
19	P00582
20	P00803
21	P00805
22	P00811
23	P00861
24	P00864
25	P00887
26	P00888
27	P00892
28	P00893
29	P00894
30	P00895
31	P00904
32	P00909
33	P00926
34	P00934
35	P00935
36	P00936
37	P00944
38	P00946
39	P00954
40	P00956
41	P00957
42	P00959
43	P00960
44	P00961
45	P00962
46	P00963
47	P00968
48	P02358
49	P02359
50	P02413
51	P02916
52	P02918
53	P02919
54	P02924
55	P02925
56	P02929
57	P02930
58	P02931
59	P02942
60	P02943
61	P03004
62	P03007
63	P03018
64	P03813
65	P03817
66	P03819
67	P03841
68	P04036
69	P04079
70	P04335
71	P04391
72	P04425
73	P04693
74	P04805
75	P04816
76	P04825
77	P04846
78	P04949
79	P04951
80	P04968
81	P04982
82	P04983
83	P04994
84	P05020
85	P05041
86	P05042
87	P05055
88	P05194
89	P05458
90	P05459
91	P05523
92	P05637
93	P05704
94	P05706
95	P05719
96	P05791
97	P05793
98	P05804
99	P05825
100	P05852
101	P06129
102	P06149
103	P06610
104	P06612
105	P06616
106	P06709
107	P06710
108	P06715
109	P06720
110	P06721
111	P06846
112	P06959
113	P06960
114	P06961
115	P06966
116	P06968
117	P06971
118	P06983
119	P06986
120	P06987
121	P06988
122	P06989
123	P06992
124	P06993
125	P06996
126	P06999
127	P07001
128	P07003
129	P07004
130	P07012
131	P07013
132	P07014
133	P07017
134	P07021
135	P07023
136	P07024
137	P07102
138	P07109
139	P07117
140	P07118
141	P07363
142	P07395
143	P07604
144	P07623
145	P07639
146	P07648
147	P07650
148	P07762
149	P07813
150	P07862
151	P07913
152	P08142
153	P08178
154	P08179
155	P08192
156	P08194
157	P08200
158	P08201
159	P08244
160	P08245
161	P08312
162	P08331
163	P08368
164	P08373
165	P08390
166	P08395
167	P08506
168	P08550
169	P08622
170	P08660
171	P08839
172	P08956
173	P08957
174	P08997
175	P09029
176	P09030
177	P09053
178	P09099
179	P09126
180	P09127
181	P09147
182	P09148
183	P09151
184	P09152
185	P09155
186	P09158
187	P09169
188	P09323
189	P09372
190	P09373
191	P09394
192	P09424
193	P09546
194	P09549
195	P09551
196	P09831
197	P09832
198	P09833
199	P09980
200	P09996
201	P0A698
202	P0A6A0
203	P0A6A3
204	P0A6A6
205	P0A6A8
206	P0A6B4
207	P0A6B7
208	P0A6C1
209	P0A6C5
210	P0A6C8
211	P0A6D0
212	P0A6D3
213	P0A6D7
214	P0A6E1
215	P0A6E4
216	P0A6E6
217	P0A6E9
218	P0A6F1
219	P0A6F3
220	P0A6F5
221	P0A6F9
222	P0A6G3
223	P0A6G7
224	P0A6H1
225	P0A6H5
226	P0A6H8
227	P0A6I0
228	P0A6I3
229	P0A6I6
230	P0A6I9
231	P0A6J1
232	P0A6J5
233	P0A6J8
234	P0A6K3
235	P0A6K6
236	P0A6L0
237	P0A6L2
238	P0A6L4
239	P0A6L7
240	P0A6L9
241	P0A6M2
242	P0A6M4
243	P0A6M8
244	P0A6N4
245	P0A6N8
246	P0A6P1
247	P0A6P5
248	P0A6P7
249	P0A6P9
250	P0A6Q3
251	P0A6Q6
252	P0A6R0
253	P0A6R3
254	P0A6S0
255	P0A6S5
256	P0A6S7
257	P0A6T1
258	P0A6T3
259	P0A6T5
260	P0A6T9
261	P0A6U3
262	P0A6U5
263	P0A6U8
264	P0A6V1
265	P0A6V5
266	P0A6V8
267	P0A6W3
268	P0A6W5
269	P0A6W9
270	P0A6X1
271	P0A6X3
272	P0A6X7
273	P0A6Y1
274	P0A6Y5
275	P0A6Y8
276	P0A6Z1
277	P0A6Z3
278	P0A6Z6
279	P0A705
280	P0A707
281	P0A710
282	P0A715
283	P0A717
284	P0A720
285	P0A722
286	P0A725
287	P0A729
288	P0A731
289	P0A734
290	P0A738
291	P0A742
292	P0A744
293	P0A746
294	P0A749
295	P0A752
296	P0A759
297	P0A761
298	P0A763
299	P0A780
300	P0A784
301	P0A786
302	P0A790
303	P0A794
304	P0A796
305	P0A799
306	P0A7A2
307	P0A7A5
308	P0A7A7
309	P0A7A9
310	P0A7B1
311	P0A7B3
312	P0A7B5
313	P0A7B8
314	P0A7C2
315	P0A7C6
316	P0A7D1
317	P0A7D4
318	P0A7D7
319	P0A7E1
320	P0A7E3
321	P0A7E5
322	P0A7E9
323	P0A7F3
324	P0A7F6
325	P0A7F9
326	P0A7G2
327	P0A7G6
328	P0A7H6
329	P0A7I0
330	P0A7I4
331	P0A7I7
332	P0A7J0
333	P0A7J3
334	P0A7J7
335	P0A7K2
336	P0A7K6
337	P0A7L0
338	P0A7L3
339	P0A7L8
340	P0A7M2
341	P0A7M6
342	P0A7M9
343	P0A7N4
344	P0A7N9
345	P0A7P5
346	P0A7Q1
347	P0A7Q6
348	P0A7R1
349	P0A7R5
350	P0A7R9
351	P0A7S3
352	P0A7S9
353	P0A7T3
354	P0A7T7
355	P0A7U3
356	P0A7U7
357	P0A7V0
358	P0A7V3
359	P0A7V8
360	P0A7W1
361	P0A7W7
362	P0A7X3
363	P0A7X6
364	P0A7Y0
365	P0A7Y4
366	P0A7Y8
367	P0A7Z0
368	P0A7Z4
369	P0A800
370	P0A805
371	P0A812
372	P0A817
373	P0A821
374	P0A825
375	P0A830
376	P0A832
377	P0A836
378	P0A840
379	P0A843
380	P0A847
381	P0A850
382	P0A853
383	P0A855
384	P0A858
385	P0A862
386	P0A867
387	P0A870
388	P0A873
389	P0A877
390	P0A879
391	P0A881
392	P0A884
393	P0A887
394	P0A890
395	P0A894
396	P0A898
397	P0A8A0
398	P0A8A2
399	P0A8A4
400	P0A8A8
401	P0A8B2
402	P0A8B5
403	P0A8C1
404	P0A8C4
405	P0A8D0
406	P0A8D3
407	P0A8D6
408	P0A8E1
409	P0A8E7
410	P0A8F0
411	P0A8F4
412	P0A8F8
413	P0A8G0
414	P0A8G3
415	P0A8G6
416	P0A8G9
417	P0A8H6
418	P0A8H8
419	P0A8I1
420	P0A8I3
421	P0A8I5
422	P0A8I8
423	P0A8J2
424	P0A8J4
425	P0A8J8
426	P0A8K1
427	P0A8K5
428	P0A8L1
429	P0A8M0
430	P0A8M3
431	P0A8M6
432	P0A8N0
433	P0A8N3
434	P0A8N5
435	P0A8P3
436	P0A8P6
437	P0A8P8
438	P0A8R0
439	P0A8R4
440	P0A8R7
441	P0A8S1
442	P0A8T1
443	P0A8T7
444	P0A8U0
445	P0A8U6
446	P0A8V0
447	P0A8V2
448	P0A8V6
449	P0A8W0
450	P0A8W2
451	P0A8W5
452	P0A8W8
453	P0A8X0
454	P0A8X2
455	P0A8Y1
456	P0A8Y3
457	P0A8Y5
458	P0A8Y8
459	P0A8Z0
460	P0A8Z7
461	P0A901
462	P0A903
463	P0A905
464	P0A908
465	P0A910
466	P0A912
467	P0A915
468	P0A917
469	P0A921
470	P0A927
471	P0A935
472	P0A937
473	P0A940
474	P0A944
475	P0A951
476	P0A953
477	P0A955
478	P0A959
479	P0A962
480	P0A964
481	P0A968
482	P0A972
483	P0A988
484	P0A991
485	P0A993
486	P0A996
487	P0A998
488	P0A9A6
489	P0A9A9
490	P0A9B2
491	P0A9B6
492	P0A9C0
493	P0A9C3
494	P0A9C5
495	P0A9C9
496	P0A9D2
497	P0A9D4
498	P0A9D8
499	P0A9E5
500	P0A9F1
501	P0A9F3
502	P0A9F6
503	P0A9F9
504	P0A9G4
505	P0A9G6
506	P0A9G8
507	P0A9H1
508	P0A9H5
509	P0A9H7
510	P0A9I3
511	P0A9I8
512	P0A9J0
513	P0A9J6
514	P0A9J8
515	P0A9K3
516	P0A9K7
517	P0A9K9
518	P0A9L3
519	P0A9L5
520	P0A9L8
521	P0A9M0
522	P0A9M2
523	P0A9M5
524	P0A9M8
525	P0A9N4
526	P0A9P0
527	P0A9P4
528	P0A9P6
529	P0A9Q1
530	P0A9Q5
531	P0A9Q7
532	P0A9Q9
533	P0A9R4
534	P0A9R7
535	P0A9S1
536	P0A9S3
537	P0A9S5
538	P0A9S7
539	P0A9T0
540	P0A9T4
541	P0A9T6
542	P0A9T8
543	P0A9U3
544	P0A9U6
545	P0A9V1
546	P0A9W0
547	P0A9W3
548	P0A9W6
549	P0A9W9
550	P0A9X4
551	P0A9X9
552	P0A9Y6
553	P0A9Z1
554	P0AA04
555	P0AA10
556	P0AA16
557	P0AA25
558	P0AA31
559	P0AA39
560	P0AA43
561	P0AA53
562	P0AA57
563	P0AA63
564	P0AA82
565	P0AA89
566	P0AA91
567	P0AA97
568	P0AA99
569	P0AAA1
570	P0AAA9
571	P0AAB4
572	P0AAB6
573	P0AAB8
574	P0AAC0
575	P0AAC4
576	P0AAC8
577	P0AAD6
578	P0AAE0
579	P0AAF6
580	P0AAG0
581	P0AAG3
582	P0AAG8
583	P0AAH0
584	P0AAI3
585	P0AAI5
586	P0AAI9
587	P0AAJ5
588	P0AAN3
589	P0AAN5
590	P0AAN9
591	P0AAP3
592	P0AAQ2
593	P0AAR3
594	P0AAS0
595	P0AAS7
596	P0AAS9
597	P0AAT6
598	P0AAT9
599	P0AAV4
600	P0AAV6
601	P0AAW1
602	P0AAX3
603	P0AAX8
604	P0AAY6
605	P0AAZ4
606	P0AAZ7
607	P0AB10
608	P0AB12
609	P0AB14
610	P0AB24
611	P0AB26
612	P0AB28
613	P0AB38
614	P0AB40
615	P0AB43
616	P0AB49
617	P0AB52
618	P0AB55
619	P0AB61
620	P0AB65
621	P0AB67
622	P0AB71
623	P0AB77
624	P0AB80
625	P0AB83
626	P0AB89
627	P0AB91
628	P0AB96
629	P0AB98
630	P0ABA0
631	P0ABA4
632	P0ABA6
633	P0ABB0
634	P0ABB4
635	P0ABB8
636	P0ABC3
637	P0ABC7
638	P0ABD3
639	P0ABD5
640	P0ABD8
641	P0ABE2
642	P0ABF1
643	P0ABF4
644	P0ABF6
645	P0ABG1
646	P0ABH0
647	P0ABH7
648	P0ABH9
649	P0ABI4
650	P0ABI8
651	P0ABJ1
652	P0ABJ3
653	P0ABJ6
654	P0ABJ9
655	P0ABK2
656	P0ABK5
657	P0ABK9
658	P0ABN5
659	P0ABP8
660	P0ABQ0
661	P0ABQ2
662	P0ABQ4
663	P0ABR1
664	P0ABS1
665	P0ABS5
666	P0ABT2
667	P0ABT5
668	P0ABU0
669	P0ABU2
670	P0ABU5
671	P0ABU7
672	P0ABU9
673	P0ABV2
674	P0ABV6
675	P0ABY4
676	P0ABZ1
677	P0ABZ4
678	P0ABZ6
679	P0AC02
680	P0AC13
681	P0AC16
682	P0AC19
683	P0AC23
684	P0AC30
685	P0AC33
686	P0AC38
687	P0AC41
688	P0AC44
689	P0AC47
690	P0AC51
691	P0AC53
692	P0AC55
693	P0AC59
694	P0AC62
695	P0AC69
696	P0AC75
697	P0AC78
698	P0AC81
699	P0AC84
700	P0AC86
701	P0AC92
702	P0ACA1
703	P0ACA3
704	P0ACA7
705	P0ACB0
706	P0ACB2
707	P0ACB4
708	P0ACB7
709	P0ACC3
710	P0ACC7
711	P0ACD4
712	P0ACD8
713	P0ACE0
714	P0ACE3
715	P0ACE7
716	P0ACF0
717	P0ACF4
718	P0ACF8
719	P0ACG1
720	P0ACG8
721	P0ACI0
722	P0ACI3
723	P0ACJ0
724	P0ACJ8
725	P0ACK2
726	P0ACK5
727	P0ACK8
728	P0ACL0
729	P0ACL2
730	P0ACL5
731	P0ACL9
732	P0ACN4
733	P0ACN7
734	P0ACP1
735	P0ACP5
736	P0ACP7
737	P0ACQ4
738	P0ACR4
739	P0ACR9
740	P0ACS2
741	P0ACS7
742	P0ACS9
743	P0ACU7
744	P0ACV4
745	P0ACV6
746	P0ACV8
747	P0ACW6
748	P0ACX3
749	P0ACX5
750	P0ACX9
751	P0ACY1
752	P0ACY3
753	P0ACY9
754	P0ACZ4
755	P0ACZ8
756	P0AD01
757	P0AD05
758	P0AD07
759	P0AD10
760	P0AD12
761	P0AD14
762	P0AD24
763	P0AD27
764	P0AD33
765	P0AD37
766	P0AD40
767	P0AD44
768	P0AD49
769	P0AD57
770	P0AD59
771	P0AD61
772	P0AD65
773	P0AD68
774	P0AD96
775	P0ADA1
776	P0ADA3
777	P0ADA5
778	P0ADA7
779	P0ADB1
780	P0ADB7
781	P0ADC1
782	P0ADC3
783	P0ADC6
784	P0ADE4
785	P0ADE6
786	P0ADE8
787	P0ADF8
788	P0ADG4
789	P0ADG7
790	P0ADI4
791	P0ADI7
792	P0ADK0
793	P0ADK8
794	P0ADM4
795	P0ADN2
796	P0ADN6
797	P0ADP0
798	P0ADP2
799	P0ADP7
800	P0ADP9
801	P0ADQ2
802	P0ADQ7
803	P0ADR6
804	P0ADR8
805	P0ADS2
806	P0ADS6
807	P0ADS9
808	P0ADT2
809	P0ADT5
810	P0ADT8
811	P0ADU2
812	P0ADU5
813	P0ADV1
814	P0ADV5
815	P0ADV7
816	P0ADV9
817	P0ADW3
818	P0ADX1
819	P0ADX5
820	P0ADX7
821	P0ADX9
822	P0ADY1
823	P0ADY3
824	P0ADY7
825	P0ADZ0
826	P0ADZ4
827	P0ADZ7
828	P0AE01
829	P0AE06
830	P0AE08
831	P0AE12
832	P0AE14
833	P0AE18
834	P0AE22
835	P0AE28
836	P0AE39
837	P0AE45
838	P0AE48
839	P0AE52
840	P0AE63
841	P0AE67
842	P0AE78
843	P0AE82
844	P0AE85
845	P0AE88
846	P0AE91
847	P0AEA8
848	P0AEB0
849	P0AEB2
850	P0AEB5
851	P0AEB7
852	P0AEC0
853	P0AEC3
854	P0AEC5
855	P0AED0
856	P0AED5
857	P0AED7
858	P0AED9
859	P0AEE1
860	P0AEE3
861	P0AEE5
862	P0AEF8
863	P0AEG1
864	P0AEG4
865	P0AEG6
866	P0AEH1
867	P0AEH3
868	P0AEH5
869	P0AEI1
870	P0AEI4
871	P0AEI6
872	P0AEJ2
873	P0AEJ6
874	P0AEK2
875	P0AEK4
876	P0AEL0
877	P0AEL3
878	P0AEL6
879	P0AEM0
880	P0AEM4
881	P0AEM6
882	P0AEM9
883	P0AEN1
884	P0AEN4
885	P0AEN8
886	P0AEP3
887	P0AEP9
888	P0AEQ1
889	P0AEQ3
890	P0AEQ6
891	P0AER0
892	P0AES0
893	P0AES2
894	P0AES4
895	P0AES6
896	P0AES9
897	P0AET2
898	P0AET5
899	P0AET8
900	P0AEU0
901	P0AEU7
902	P0AEV1
903	P0AEV4
904	P0AEV9
905	P0AEW4
906	P0AEW6
907	P0AEW9
908	P0AEX3
909	P0AEX5
910	P0AEX9
911	P0AEY3
912	P0AEY5
913	P0AEZ1
914	P0AEZ3
915	P0AEZ9
916	P0AF03
917	P0AF08
918	P0AF12
919	P0AF18
920	P0AF20
921	P0AF24
922	P0AF26
923	P0AF28
924	P0AF36
925	P0AF43
926	P0AF50
927	P0AF52
928	P0AF67
929	P0AF70
930	P0AF90
931	P0AF93
932	P0AF96
933	P0AF98
934	P0AFA7
935	P0AFA9
936	P0AFB1
937	P0AFB5
938	P0AFB8
939	P0AFC3
940	P0AFC7
941	P0AFD1
942	P0AFD4
943	P0AFD6
944	P0AFE4
945	P0AFE8
946	P0AFF0
947	P0AFF2
948	P0AFF6
949	P0AFG0
950	P0AFG3
951	P0AFG6
952	P0AFG8
953	P0AFH2
954	P0AFH6
955	P0AFH8
956	P0AFI2
957	P0AFI5
958	P0AFI7
959	P0AFJ1
960	P0AFJ5
961	P0AFJ7
962	P0AFK0
963	P0AFK2
964	P0AFK6
965	P0AFK9
966	P0AFL3
967	P0AFL6
968	P0AFM2
969	P0AFM4
970	P0AFM6
971	P0AFM9
972	P0AFP4
973	P0AFP6
974	P0AFQ7
975	P0AFR4
976	P0AFS3
977	P0AFT2
978	P0AFT5
979	P0AFU8
980	P0AFV4
981	P0AFW0
982	P0AFW2
983	P0AFW4
984	P0AFW8
985	P0AFX0
986	P0AFX4
987	P0AFX7
988	P0AFX9
989	P0AFY6
990	P0AFY8
991	P0AFZ1
992	P0AFZ3
993	P0AG00
994	P0AG03
995	P0AG14
996	P0AG16
997	P0AG18
998	P0AG20
999	P0AG24
1000	P0AG27
1001	P0AG30
1002	P0AG40
1003	P0AG44
1004	P0AG48
1005	P0AG51
1006	P0AG55
1007	P0AG59
1008	P0AG63
1009	P0AG67
1010	P0AG71
1011	P0AG76
1012	P0AG78
1013	P0AG80
1014	P0AG82
1015	P0AG84
1016	P0AG86
1017	P0AG90
1018	P0AG93
1019	P0AG96
1020	P0AG99
1021	P0AGA2
1022	P0AGA6
1023	P0AGB0
1024	P0AGB6
1025	P0AGC0
1026	P0AGC3
1027	P0AGD1
1028	P0AGD3
1029	P0AGD7
1030	P0AGE0
1031	P0AGE4
1032	P0AGE6
1033	P0AGE9
1034	P0AGF2
1035	P0AGF4
1036	P0AGG0
1037	P0AGG2
1038	P0AGG4
1039	P0AGG8
1040	P0AGI1
1041	P0AGI4
1042	P0AGI8
1043	P0AGJ2
1044	P0AGJ5
1045	P0AGJ7
1046	P0AGJ9
1047	P0AGK4
1048	P0AGK8
1049	P0AGL7
1050	P0C018
1051	P0C037
1052	P0C054
1053	P0C058
1054	P0C066
1055	P0C079
1056	P0C093
1057	P0C0K3
1058	P0C0L2
1059	P0C0L7
1060	P0C0R7
1061	P0C0S1
1062	P0C0T5
1063	P0C0V0
1064	P0C7L2
1065	P0C8J6
1066	P0C8J8
1067	P0C960
1068	P0CB39
1069	P0CE47
1070	P0CE60
1071	P0CG19
1072	P10100
1073	P10121
1074	P10346
1075	P10371
1076	P10378
1077	P10384
1078	P10408
1079	P10441
1080	P10442
1081	P10443
1082	P10902
1083	P10907
1084	P10908
1085	P11071
1086	P11349
1087	P11350
1088	P11446
1089	P11447
1090	P11454
1091	P11458
1092	P11557
1093	P11875
1094	P11880
1095	P12008
1096	P12281
1097	P12295
1098	P12758
1099	P12994
1100	P12995
1101	P12996
1102	P12998
1103	P13000
1104	P13001
1105	P13009
1106	P13024
1107	P13029
1108	P13033
1109	P13035
1110	P13036
1111	P13039
1112	P13445
1113	P13458
1114	P13482
1115	P13857
1116	P14081
1117	P14175
1118	P14176
1119	P14294
1120	P14376
1121	P14900
1122	P15034
1123	P15038
1124	P15042
1125	P15047
1126	P15067
1127	P15078
1128	P15082
1129	P15254
1130	P15288
1131	P15373
1132	P15639
1133	P15640
1134	P15723
1135	P15770
1136	P15877
1137	P15977
1138	P15993
1139	P16095
1140	P16384
1141	P16431
1142	P16456
1143	P16528
1144	P16659
1145	P16676
1146	P16681
1147	P16700
1148	P16701
1149	P16703
1150	P16869
1151	P16926
1152	P17115
1153	P17117
1154	P17169
1155	P17315
1156	P17443
1157	P17445
1158	P17802
1159	P17846
1160	P17854
1161	P17952
1162	P17993
1163	P18133
1164	P18196
1165	P18335
1166	P18390
1167	P18392
1168	P18393
1169	P18775
1170	P18843
1171	P18956
1172	P19624
1173	P19636
1174	P19926
1175	P19934
1176	P20083
1177	P20099
1178	P20966
1179	P21151
1180	P21156
1181	P21165
1182	P21169
1183	P21170
1184	P21177
1185	P21179
1186	P21338
1187	P21345
1188	P21361
1189	P21362
1190	P21363
1191	P21365
1192	P21367
1193	P21369
1194	P21499
1195	P21507
1196	P21513
1197	P21517
1198	P21599
1199	P21645
1200	P21829
1201	P21865
1202	P21888
1203	P21889
1204	P22106
1205	P22186
1206	P22188
1207	P22255
1208	P22256
1209	P22259
1210	P22333
1211	P22523
1212	P22524
1213	P22564
1214	P22634
1215	P22729
1216	P22731
1217	P22939
1218	P23003
1219	P23173
1220	P23200
1221	P23305
1222	P23331
1223	P23367
1224	P23477
1225	P23522
1226	P23538
1227	P23721
1228	P23827
1229	P23830
1230	P23836
1231	P23837
1232	P23839
1233	P23842
1234	P23843
1235	P23845
1236	P23847
1237	P23857
1238	P23862
1239	P23865
1240	P23869
1241	P23871
1242	P23878
1243	P23882
1244	P23883
1245	P23886
1246	P23893
1247	P23894
1248	P23908
1249	P23909
1250	P23917
1251	P23930
1252	P24171
1253	P24177
1254	P24178
1255	P24182
1256	P24186
1257	P24188
1258	P24193
1259	P24202
1260	P24203
1261	P24205
1262	P24207
1263	P24215
1264	P24224
1265	P24228
1266	P24230
1267	P24232
1268	P24251
1269	P24252
1270	P24255
1271	P24554
1272	P24555
1273	P25397
1274	P25437
1275	P25516
1276	P25519
1277	P25522
1278	P25524
1279	P25526
1280	P25535
1281	P25536
1282	P25539
1283	P25552
1284	P25553
1285	P25665
1286	P25714
1287	P25738
1288	P25745
1289	P25746
1290	P25748
1291	P25798
1292	P25888
1293	P25894
1294	P25906
1295	P26365
1296	P26459
1297	P26602
1298	P26612
1299	P26616
1300	P26646
1301	P26647
1302	P26648
1303	P27240
1304	P27242
1305	P27243
1306	P27247
1307	P27248
1308	P27249
1309	P27250
1310	P27278
1311	P27298
1312	P27300
1313	P27302
1314	P27303
1315	P27306
1316	P27431
1317	P27434
1318	P27550
1319	P27828
1320	P27829
1321	P27830
1322	P27833
1323	P27837
1324	P27838
1325	P27848
1326	P28248
1327	P28249
1328	P28304
1329	P28306
1330	P28631
1331	P28632
1332	P28634
1333	P28635
1334	P28861
1335	P28903
1336	P28904
1337	P28905
1338	P29012
1339	P29013
1340	P29018
1341	P29131
1342	P29208
1343	P29217
1344	P29680
1345	P29745
1346	P30011
1347	P30014
1348	P30125
1349	P30126
1350	P30128
1351	P30177
1352	P30178
1353	P30744
1354	P30748
1355	P30749
1356	P30750
1357	P30843
1358	P30847
1359	P30850
1360	P30859
1361	P30860
1362	P30863
1363	P30864
1364	P30870
1365	P30871
1366	P30958
1367	P31057
1368	P31060
1369	P31063
1370	P31064
1371	P31069
1372	P31119
1373	P31120
1374	P31129
1375	P31130
1376	P31131
1377	P31133
1378	P31134
1379	P31142
1380	P31224
1381	P31433
1382	P31434
1383	P31441
1384	P31455
1385	P31460
1386	P31466
1387	P31473
1388	P31475
1389	P31547
1390	P31550
1391	P31554
1392	P31658
1393	P31660
1394	P31663
1395	P31677
1396	P31678
1397	P31680
1398	P31697
1399	P31801
1400	P31802
1401	P31806
1402	P31808
1403	P31828
1404	P31979
1405	P32099
1406	P32125
1407	P32131
1408	P32132
1409	P32144
1410	P32157
1411	P32160
1412	P32162
1413	P32173
1414	P32176
1415	P32177
1416	P32662
1417	P32664
1418	P32680
1419	P32684
1420	P32685
1421	P32695
1422	P32703
1423	P32705
1424	P33014
1425	P33015
1426	P33018
1427	P33025
1428	P33030
1429	P33136
1430	P33195
1431	P33218
1432	P33219
1433	P33221
1434	P33224
1435	P33232
1436	P33355
1437	P33362
1438	P33363
1439	P33368
1440	P33371
1441	P33570
1442	P33590
1443	P33599
1444	P33602
1445	P33607
1446	P33643
1447	P33644
1448	P33647
1449	P33650
1450	P33920
1451	P33940
1452	P33941
1453	P34209
1454	P35340
1455	P36548
1456	P36560
1457	P36562
1458	P36649
1459	P36659
1460	P36672
1461	P36673
1462	P36680
1463	P36683
1464	P36767
1465	P36771
1466	P36879
1467	P36928
1468	P36929
1469	P36930
1470	P36938
1471	P36979
1472	P36999
1473	P37005
1474	P37051
1475	P37052
1476	P37095
1477	P37128
1478	P37146
1479	P37147
1480	P37177
1481	P37182
1482	P37188
1483	P37194
1484	P37313
1485	P37327
1486	P37329
1487	P37330
1488	P37339
1489	P37340
1490	P37344
1491	P37348
1492	P37349
1493	P37351
1494	P37387
1495	P37388
1496	P37440
1497	P37590
1498	P37595
1499	P37613
1500	P37615
1501	P37617
1502	P37626
1503	P37634
1504	P37636
1505	P37637
1506	P37642
1507	P37643
1508	P37645
1509	P37647
1510	P37648
1511	P37649
1512	P37659
1513	P37661
1514	P37665
1515	P37666
1516	P37671
1517	P37685
1518	P37689
1519	P37690
1520	P37744
1521	P37745
1522	P37747
1523	P37749
1524	P37750
1525	P37751
1526	P37757
1527	P37759
1528	P37760
1529	P37765
1530	P37773
1531	P37774
1532	P37902
1533	P37903
1534	P38038
1535	P38051
1536	P38054
1537	P38104
1538	P38489
1539	P38506
1540	P38521
1541	P39099
1542	P39160
1543	P39161
1544	P39172
1545	P39173
1546	P39176
1547	P39177
1548	P39180
1549	P39187
1550	P39199
1551	P39265
1552	P39280
1553	P39285
1554	P39286
1555	P39298
1556	P39310
1557	P39315
1558	P39321
1559	P39325
1560	P39334
1561	P39337
1562	P39342
1563	P39356
1564	P39364
1565	P39366
1566	P39377
1567	P39384
1568	P39396
1569	P39401
1570	P39405
1571	P39406
1572	P39408
1573	P39451
1574	P39452
1575	P39829
1576	P39830
1577	P39831
1578	P39838
1579	P40120
1580	P40191
1581	P40710
1582	P40874
1583	P41039
1584	P41052
1585	P41407
1586	P41409
1587	P42588
1588	P42593
1589	P42596
1590	P42599
1591	P42620
1592	P42626
1593	P42641
1594	P42904
1595	P43329
1596	P43337
1597	P43672
1598	P45395
1599	P45425
1600	P45464
1601	P45468
1602	P45469
1603	P45470
1604	P45523
1605	P45531
1606	P45544
1607	P45577
1608	P45578
1609	P45579
1610	P45748
1611	P45771
1612	P45799
1613	P45800
1614	P45955
1615	P46118
1616	P46130
1617	P46474
1618	P46837
1619	P46852
1620	P46853
1621	P46859
1622	P46889
1623	P50456
1624	P50465
1625	P51020
1626	P51024
1627	P52007
1628	P52060
1629	P52061
1630	P52062
1631	P52073
1632	P52074
1633	P52094
1634	P52095
1635	P52096
1636	P52097
1637	P52108
1638	P52119
1639	P52613
1640	P52643
1641	P52644
1642	P52647
1643	P52697
1644	P55135
1645	P55734
1646	P56258
1647	P56262
1648	P56580
1649	P60240
1650	P60293
1651	P60340
1652	P60390
1653	P60422
1654	P60438
1655	P60546
1656	P60560
1657	P60595
1658	P60624
1659	P60651
1660	P60664
1661	P60716
1662	P60720
1663	P60723
1664	P60752
1665	P60757
1666	P60782
1667	P60785
1668	P60869
1669	P60872
1670	P60906
1671	P60955
1672	P61175
1673	P61316
1674	P61320
1675	P61517
1676	P61714
1677	P61887
1678	P61889
1679	P61949
1680	P62399
1681	P62517
1682	P62615
1683	P62617
1684	P62620
1685	P62623
1686	P62672
1687	P62707
1688	P62768
1689	P63020
1690	P63177
1691	P63224
1692	P63228
1693	P63235
1694	P63284
1695	P63340
1696	P63386
1697	P63389
1698	P63417
1699	P63883
1700	P64423
1701	P64429
1702	P64448
1703	P64451
1704	P64455
1705	P64461
1706	P64463
1707	P64467
1708	P64476
1709	P64479
1710	P64483
1711	P64488
1712	P64490
1713	P64499
1714	P64503
1715	P64506
1716	P64519
1717	P64530
1718	P64534
1719	P64540
1720	P64554
1721	P64564
1722	P64581
1723	P64585
1724	P64588
1725	P64596
1726	P64602
1727	P64604
1728	P64610
1729	P64612
1730	P64616
1731	P64624
1732	P65292
1733	P65294
1734	P65367
1735	P65556
1736	P65870
1737	P66817
1738	P66948
1739	P67080
1740	P67087
1741	P67095
1742	P67603
1743	P67624
1744	P67660
1745	P67697
1746	P67699
1747	P67826
1748	P67910
1749	P68066
1750	P68187
1751	P68191
1752	P68206
1753	P68567
1754	P68679
1755	P68688
1756	P68699
1757	P68739
1758	P68767
1759	P68919
1760	P69054
1761	P69222
1762	P69228
1763	P69346
1764	P69407
1765	P69411
1766	P69423
1767	P69425
1768	P69428
1769	P69441
1770	P69451
1771	P69488
1772	P69503
1773	P69506
1774	P69681
1775	P69739
1776	P69776
1777	P69783
1778	P69786
1779	P69795
1780	P69797
1781	P69801
1782	P69805
1783	P69811
1784	P69828
1785	P69829
1786	P69831
1787	P69853
1788	P69874
1789	P69908
1790	P69910
1791	P69913
1792	P69922
1793	P69924
1794	P71298
1795	P75682
1796	P75691
1797	P75694
1798	P75713
1799	P75728
1800	P75736
1801	P75745
1802	P75746
1803	P75767
1804	P75777
1805	P75779
1806	P75780
1807	P75782
1808	P75791
1809	P75792
1810	P75796
1811	P75798
1812	P75804
1813	P75809
1814	P75818
1815	P75820
1816	P75821
1817	P75822
1818	P75823
1819	P75828
1820	P75829
1821	P75830
1822	P75838
1823	P75839
1824	P75849
1825	P75863
1826	P75864
1827	P75867
1828	P75874
1829	P75876
1830	P75906
1831	P75913
1832	P75914
1833	P75915
1834	P75931
1835	P75952
1836	P75954
1837	P75957
1838	P75958
1839	P75959
1840	P75960
1841	P75974
1842	P75989
1843	P76001
1844	P76002
1845	P76004
1846	P76007
1847	P76008
1848	P76014
1849	P76015
1850	P76027
1851	P76034
1852	P76035
1853	P76046
1854	P76055
1855	P76062
1856	P76076
1857	P76078
1858	P76079
1859	P76081
1860	P76085
1861	P76086
1862	P76097
1863	P76108
1864	P76112
1865	P76113
1866	P76115
1867	P76116
1868	P76121
1869	P76128
1870	P76142
1871	P76143
1872	P76145
1873	P76149
1874	P76164
1875	P76170
1876	P76172
1877	P76177
1878	P76187
1879	P76193
1880	P76194
1881	P76217
1882	P76220
1883	P76223
1884	P76231
1885	P76235
1886	P76237
1887	P76243
1888	P76256
1889	P76268
1890	P76270
1891	P76272
1892	P76273
1893	P76290
1894	P76291
1895	P76316
1896	P76318
1897	P76329
1898	P76330
1899	P76339
1900	P76341
1901	P76342
1902	P76344
1903	P76346
1904	P76350
1905	P76372
1906	P76387
1907	P76389
1908	P76397
1909	P76398
1910	P76402
1911	P76403
1912	P76407
1913	P76440
1914	P76445
1915	P76446
1916	P76491
1917	P76502
1918	P76503
1919	P76506
1920	P76507
1921	P76535
1922	P76536
1923	P76537
1924	P76539
1925	P76541
1926	P76550
1927	P76558
1928	P76561
1929	P76569
1930	P76575
1931	P76576
1932	P76578
1933	P76594
1934	P76621
1935	P76658
1936	P77148
1937	P77150
1938	P77171
1939	P77173
1940	P77181
1941	P77182
1942	P77202
1943	P77211
1944	P77212
1945	P77213
1946	P77214
1947	P77239
1948	P77243
1949	P77247
1950	P77252
1951	P77257
1952	P77258
1953	P77279
1954	P77285
1955	P77293
1956	P77302
1957	P77304
1958	P77318
1959	P77330
1960	P77338
1961	P77348
1962	P77376
1963	P77395
1964	P77398
1965	P77399
1966	P77432
1967	P77433
1968	P77434
1969	P77444
1970	P77454
1971	P77475
1972	P77485
1973	P77488
1974	P77499
1975	P77504
1976	P77522
1977	P77526
1978	P77529
1979	P77541
1980	P77544
1981	P77552
1982	P77554
1983	P77562
1984	P77569
1985	P77570
1986	P77581
1987	P77611
1988	P77615
1989	P77625
1990	P77667
1991	P77674
1992	P77689
1993	P77690
1994	P77695
1995	P77712
1996	P77713
1997	P77717
1998	P77718
1999	P77721
2000	P77735
2001	P77737
2002	P77739
2003	P77748
2004	P77754
2005	P77756
2006	P77774
2007	P77775
2008	P77781
2009	P77783
2010	P77791
2011	P77795
2012	P77804
2013	P77806
2014	P77808
2015	P78055
2016	P78067
2017	P80668
2018	Q06065
2019	Q2A0K9
2020	Q2M7R5
2021	Q2M7X4
2022	Q46798
2023	Q46802
2024	Q46822
2025	Q46829
2026	Q46839
2027	Q46845
2028	Q46851
2029	Q46856
2030	Q46857
2031	Q46864
2032	Q46868
2033	Q46871
2034	Q46893
2035	Q46919
2036	Q46920
2037	Q46925
2038	Q46939
2039	Q46948
2040	Q47083
2041	Q47146
2042	Q47147
2043	Q47150
2044	Q47537
2045	Q47622
2046	Q47690
2047	Q57261
2048	Q59385
2049	Q5H772
2050	Q5H776
2051	Q5H777
2052	Q6BEX0
2053	Q6BF16
2054	Q6BF17
2055	Q6E0U3
2056	Q93K97
