,glucose_1,glucose_2,glucose_3,chemostat_0.2_1,chemostat_0.2_2,chemostat_0.2_3
O32583,1.8813348589437043e-06,1.8813348589437043e-06,1.7654663077661495e-06,1.1139773435802808e-06,7.510407977051072e-07,1.1139773429476742e-06
P00350,2.5121236161478508e-05,2.4145633748031562e-05,2.223586572834202e-05,0.0,0.0,0.0
P00363,7.321106884208473e-08,0.0,0.0,0.0,0.0,0.0
P00370,3.0643912301336846e-08,3.064391230133713e-08,2.8624177291302514e-08,1.8099180646911193e-08,1.198648478644751e-08,1.8099180635883806e-08
P00393,0.0,0.0,0.0,0.0,0.0,0.0
P00448,0.0,0.0,0.0,3.4489389781240775e-08,2.0880798314097173e-08,3.416050020260262e-08
P00452,0.0,0.0,0.0,0.0,0.0,0.0
P00490,0.0,0.0,0.0,0.0,0.0,0.0
P00509,4.886356138381528e-08,4.886356138381528e-08,7.158660590938878e-07,4.243808429563697e-07,2.7686608923894023e-07,4.243808426833063e-07
P00547,1.3175240080862205e-05,1.3175240080862336e-05,1.2156276060648027e-05,7.729534450083104e-06,4.872555546616094e-06,7.72953444451952e-06
P00550,0.0,0.0,0.0,0.0,0.0,0.0
P00561,1.6557609397112505e-05,1.6557609397112654e-05,1.5302696845736022e-05,0.0,0.0,0.0
P00562,0.0,0.0,0.0,6.673097319011315e-06,4.224500564977355e-06,6.6730973142702026e-06
P00634,0.0,0.0,0.0,0.0,0.0,0.0
P00722,0.0,0.0,0.0,0.0,0.0,0.0
P00805,0.0,0.0,0.0,0.0,0.0,0.0
P00816,0.0,0.0,0.0,0.0,0.0,0.0
P00861,2.219829302516159e-06,2.219829302516159e-06,2.0831133936383314e-06,1.3144069158464545e-06,8.861699246177609e-07,1.3144069151000277e-06
P00864,1.270963616169459e-07,8.993154382075192e-07,8.368956559038145e-07,5.300703537334729e-07,3.459447874107685e-07,5.300703610077229e-07
P00887,0.0,0.0,2.9678753348743967e-07,0.0,0.0,0.0
P00888,0.0,0.0,0.0,0.0,0.0,0.0
P00893,2.493499122499424e-06,2.493499122499418e-06,5.445156271394611e-07,2.452961663764956e-07,1.6537807481551466e-07,0.0
P00894,2.493499122499424e-06,2.493499122499418e-06,5.445156271394611e-07,2.452961663764956e-07,1.6537807481551466e-07,0.0
P00895,4.170104673072036e-08,4.170104673072036e-08,3.9132742718116803e-08,2.4692053645190595e-08,1.6647322114343148e-08,2.4692053631168444e-08
P00903,1.0108639439729897e-07,1.0108639439727592e-07,9.486063718722127e-08,5.985534822122103e-08,4.0354329227647484e-08,5.985534818722986e-08
P00904,1.349579620508408e-06,1.349579620508408e-06,1.26646106530614e-06,7.991140510988781e-07,5.387607367899839e-07,7.991140506450763e-07
P00909,7.338878732262292e-07,7.338878732262292e-07,6.886888358548366e-07,4.3455021290646285e-07,2.929726896377169e-07,4.345502126596898e-07
P00926,0.0,0.0,0.0,0.0,0.0,0.0
P00934,6.027678846929276e-05,6.0276788469293345e-05,5.561502304207402e-05,3.53626583010456e-05,2.2291965701245665e-05,3.536265827559217e-05
P00935,1.2877362355291102e-07,1.2877362355291102e-07,1.2084422234320696e-07,7.625052101007965e-08,5.140791458180423e-08,7.62505209667784e-08
P00936,0.0,0.0,0.0,0.0,0.0,0.0
P00944,0.0,0.0,0.0,0.0,0.0,0.0
P00946,0.0,0.0,0.0,0.0,0.0,0.0
P00963,3.4402881254168464e-06,3.4402881254168464e-06,3.4402881254168464e-06,8.079511501196527e-07,8.079511501196527e-07,8.079511501196527e-07
P00968,0.0,0.0,0.0,0.0,0.0,0.0
P02916,0.0,0.0,0.0,0.0,0.0,0.0
P02918,5.209619637302208e-07,5.209619637302208e-07,3.094173062950493e-07,9.594557394218131e-08,0.0,9.594557394218131e-08
P02919,0.0,0.0,1.79459402825088e-07,2.2442523118477287e-07,2.159932124567801e-07,2.2442523100284033e-07
P02924,0.0,0.0,0.0,0.0,0.0,0.0
P02925,0.0,0.0,0.0,0.0,0.0,0.0
P03959,0.0,0.0,0.0,0.0,0.0,0.0
P03960,0.0,0.0,0.0,0.0,0.0,0.0
P03961,0.0,0.0,0.0,0.0,0.0,0.0
P04036,1.9765570000934342e-06,1.9765570000934342e-06,1.8548238621398502e-06,1.1703603459701688e-06,7.890540798745744e-07,1.170360345305543e-06
P04079,1.0303376558933479e-05,1.0303376558933479e-05,9.6688072750843e-06,6.100842704563687e-06,4.113173214800379e-06,6.10084270109913e-06
P04391,8.807465090098312e-09,8.807465090098312e-09,8.265026717319978e-09,0.0,0.0,0.0
P04425,0.0,0.0,0.0,0.0,0.0,0.0
P04693,7.580333434950919e-07,7.580333434951039e-07,3.56680404082597e-08,3.8660259007037365e-08,2.6064651971118758e-08,3.866025898508293e-08
P04805,1.6418685971331062e-07,1.641868597133106e-07,1.540748408630061e-07,9.721844091961037e-08,6.554443484931526e-08,9.721844086440185e-08
P04825,0.0,0.0,0.0,0.0,0.0,0.0
P04951,1.798819357296046e-07,1.798819357296046e-07,1.6880328103029945e-07,1.0651182056694136e-07,7.181000865468133e-08,1.0651182050645528e-07
P04968,4.8225635738048746e-11,4.8225635738048746e-11,4.525549221680364e-11,2.855539795935357e-11,1.9251979392374545e-11,2.8555397943137503e-11
P04982,0.0,0.0,0.0,0.0,0.0,0.0
P04983,0.0,0.0,0.0,0.0,0.0,0.0
P05020,1.3504033279332267e-05,1.3504033279332276e-05,1.2672340418440815e-05,7.996017853289782e-06,5.390895660138038e-06,7.996017848748995e-06
P05041,1.0108639439729897e-07,1.0108639439727592e-07,9.486063718722127e-08,5.985534822122103e-08,4.0354329227647484e-08,5.985534818722986e-08
P05042,0.0,0.0,0.0,0.0,0.0,5.435791042837403e-08
P05194,1.2446448801712912e-07,1.2446448801712904e-07,1.1679890959495597e-07,7.369800175246211e-08,4.968701234761926e-08,7.36980017106104e-08
P05459,1.612561125639452e-08,1.612561125639452e-08,1.5132459397091832e-08,9.548308481932067e-09,6.437446201515048e-09,9.548308476509766e-09
P05637,0.0,0.0,0.0,0.0,0.0,0.0
P05706,0.0,0.0,0.0,0.0,0.0,0.0
P05707,0.0,0.0,0.0,0.0,0.0,0.0
P05791,8.985301878655707e-07,8.985301878655691e-07,8.431910808680339e-07,5.320383381229476e-07,3.5869894497972064e-07,5.32038337820813e-07
P05793,4.535870733849076e-06,4.535870733849066e-06,4.2565133574834134e-06,2.687336999999673e-06,1.811796026026408e-06,2.6873369984735853e-06
P05804,0.0,0.0,0.0,0.0,0.0,0.0
P05847,0.0,0.0,0.0,0.0,0.0,0.0
P06149,0.0,0.0,0.0,0.0,0.0,0.0
P06282,0.0,0.0,0.0,0.0,0.0,0.0
P06609,0.0,0.0,0.0,0.0,0.0,0.0
P06610,0.0,0.0,0.0,2.593217491492091e-06,2.593217491492091e-06,2.593217491492091e-06
P06611,0.0,0.0,0.0,0.0,0.0,0.0
P06715,4.417445625441087e-08,6.826799229429085e-08,6.406450599201021e-08,3.932772304755949e-07,3.932772304755949e-07,3.932772304755949e-07
P06720,0.0,0.0,0.0,0.0,0.0,0.0
P06721,3.439647426172629e-07,3.439647426172629e-07,3.227846719556323e-07,0.0,0.0,0.0
P06959,0.0,1.0611994087928098e-05,1.0611994087928098e-05,2.6813428950060227e-06,1.8081718297811695e-06,2.681343001982648e-06
P06960,0.0,0.0,0.0,5.215082534670328e-09,3.515995876853764e-09,5.215082531708782e-09
P06968,0.0,0.0,0.0,0.0,0.0,0.0
P06972,0.0,0.0,0.0,0.0,0.0,0.0
P06983,7.224299850604286e-07,7.224299850604284e-07,6.779366215859579e-07,4.2776575996269227e-07,2.883986280733177e-07,4.277657597197722e-07
P06986,3.0939199215380957e-09,3.0939199215380957e-09,2.9033701015186715e-09,1.8319740789687093e-09,1.23511243884161e-09,1.8319740779283655e-09
P06987,1.4072940222981685e-08,1.4072940222981685e-08,1.320620924912372e-08,8.33287944006056e-09,5.6180069172049125e-09,8.332879435328474e-09
P06988,6.61453741232789e-06,6.61453741232789e-06,6.20715811829489e-06,3.9166046281279775e-06,2.6405652513100374e-06,3.916604625903811e-06
P06989,1.937575723913932e-06,1.937575723913932e-06,1.8182433834433158e-06,1.1472787248109291e-06,7.734925073994575e-07,1.1472787241594109e-06
P06999,0.0,1.7552715013381538e-06,1.7552715013381538e-06,1.466185286970396e-06,1.466185286970396e-06,1.466185286970396e-06
P07000,0.0,0.0,0.0,0.0,0.0,0.0
P07001,3.740680441377088e-06,0.0,0.0,0.0,0.0,0.0
P07003,0.0,0.0,0.0,0.0,0.0,0.0
P07004,2.519357959019576e-07,2.519357959019576e-07,2.3641945359736985e-07,1.4917640383765652e-07,1.0057436624063492e-07,1.4917640375294206e-07
P07014,2.969799208460822e-06,5.585377159142994e-06,5.307707579798111e-06,0.0,0.0,0.0
P07023,2.379851232087017e-10,2.379851232087017e-10,2.2332798160686781e-10,1.4091592153483206e-10,9.500516929610559e-11,1.4091592145480857e-10
P07024,0.0,0.0,0.0,0.0,0.0,0.0
P07102,0.0,0.0,0.0,0.0,0.0,0.0
P07109,0.0,0.0,0.0,0.0,0.0,0.0
P07623,4.243353693657975e-07,4.243353693657975e-07,3.982063741699229e-07,2.5126102772010734e-07,1.6939956972968272e-07,2.512610275774209e-07
P07639,1.5433396495305238e-09,1.5433396495305234e-09,1.4482877089810453e-09,9.138433782019132e-10,6.161109682324817e-10,9.138433776829587e-10
P07650,0.0,0.0,0.0,0.0,0.0,0.0
P07654,0.0,0.0,0.0,0.0,0.0,0.0
P07762,0.0,0.0,0.0,0.0,0.0,0.0
P07821,0.0,0.0,0.0,0.0,0.0,0.0
P07822,0.0,0.0,0.0,0.0,0.0,0.0
P07862,0.0,0.0,0.0,1.067779750560476e-07,0.0,0.0
P07913,0.0,0.0,0.0,0.0,0.0,0.0
P08142,4.1426715833031493e-07,4.1426715833031493e-07,2.1841657531362837e-06,1.4764524855831556e-06,9.954206510001155e-07,1.7217486509819022e-06
P08178,1.1329863836047127e-05,1.1329863836047867e-05,1.0632122225813513e-05,6.708677034296108e-06,4.5229736317527365e-06,6.7086770304867015e-06
P08179,1.1339007670353041e-06,0.0,0.0,0.0,0.0,0.0
P08192,6.413752393017074e-09,6.4137523930156145e-09,6.0187391427913265e-09,3.797715658745312e-09,2.560410599226385e-09,3.797715656588634e-09
P08200,1.5932851149379597e-06,9.789247663617329e-06,9.290446362889293e-06,6.057605894428579e-07,4.084023063263425e-07,6.057605890988577e-07
P08201,0.0,0.0,0.0,0.0,0.0,0.0
P08202,0.0,0.0,0.0,0.0,0.0,0.0
P08203,0.0,0.0,0.0,0.0,0.0,0.0
P08204,0.0,0.0,0.0,0.0,0.0,0.0
P08244,7.973660860891684e-07,7.973660860891687e-07,7.482575221809113e-07,4.7213697775277177e-07,3.183135944738948e-07,4.72136977484654e-07
P08331,0.0,0.0,0.0,0.0,0.0,0.0
P08337,0.0,0.0,0.0,0.0,0.0,0.0
P08373,1.4020601527762784e-07,1.4020601527762784e-07,1.3157094014500738e-07,8.301888614376744e-08,5.597112978403332e-08,8.301888609662258e-08
P08506,0.0,0.0,0.0,0.0,0.0,0.0
P08660,0.0,0.0,0.0,3.0496507675402906e-06,1.9467571329613503e-06,3.049650765429495e-06
P08722,0.0,0.0,0.0,0.0,0.0,0.0
P08839,1.8620677022134922e-05,7.174658475856223e-06,6.80236958331322e-06,1.00215793027054e-05,1.00215793027054e-05,1.00215793027054e-05
P08997,8.172349058304048e-06,0.0,1.3213540600501769e-09,8.338360312292652e-10,0.0,8.337505390094203e-10
P09029,7.683688939986314e-06,7.683688939986818e-06,7.210494434784309e-06,4.549691716590116e-06,3.0673910163719865e-06,4.549691714006652e-06
P09053,3.0336605473322508e-06,3.1002855679955035e-06,2.9093436974972277e-06,1.8357433101064213e-06,1.2376536452464941e-06,1.835743309063937e-06
P09099,0.0,0.0,0.0,0.0,0.0,0.0
P09126,9.030537361627479e-11,9.030537361627478e-11,8.474360307089702e-11,5.3471682477921285e-11,3.60504774125669e-11,5.347168244755572e-11
P09147,0.0,0.0,0.0,0.0,0.0,0.0
P09148,0.0,0.0,0.0,0.0,0.0,0.0
P09151,3.508619881455589e-06,3.508619881455589e-06,3.292529321944415e-06,2.0775265161308607e-06,1.400663290793389e-06,2.0775265149510726e-06
P09152,0.0,0.0,0.0,0.0,0.0,0.0
P09158,0.0,0.0,0.0,0.0,0.0,0.0
P09323,0.0,0.0,0.0,0.0,0.0,0.0
P09373,0.0,0.0,0.0,0.0,0.0,0.0
P09394,0.0,0.0,0.0,0.0,0.0,0.0
P09424,0.0,0.0,0.0,0.0,0.0,0.0
P09546,0.0,0.0,0.0,0.0,0.0,0.0
P09551,0.0,0.0,0.0,0.0,0.0,0.0
P09831,0.0,0.0,0.0,0.0,0.0,0.0
P09832,0.0,0.0,0.0,0.0,0.0,0.0
P09833,2.4865600327559793e-12,2.4865600327559793e-12,2.333416584080812e-12,1.472343706796371e-12,9.926505224015358e-13,1.4723437059602548e-12
P0A6A3,9.294616167887495e-07,0.0,0.0,1.3106088802892165e-06,9.517680836905708e-07,1.3106088804212943e-06
P0A6A6,1.1452931333373613e-09,1.1452931333373613e-09,1.0747562720218222e-09,6.781517900604995e-10,4.5720827654829127e-10,6.781517896753898e-10
P0A6A8,2.103146794102789e-05,2.1023290125618346e-05,1.9747941614496125e-05,1.3091470103847321e-05,8.82623709233228e-06,1.3091470096412918e-05
P0A6B4,2.366909595455997e-08,0.0,2.576599930913553e-09,2.917168699561081e-08,0.0,0.0
P0A6B7,6.64067145122368e-06,6.64067145122368e-06,6.247734775106148e-06,3.9422077654787915e-06,2.6578268238281147e-06,3.942207763240084e-06
P0A6C5,3.839163888433471e-05,3.839163888433471e-05,3.602715626513883e-05,2.2732484701887054e-05,1.53261855303559e-05,2.273248468897771e-05
P0A6C8,6.639853484489838e-07,6.639853484489838e-07,6.230915012095278e-07,3.931594798901026e-07,2.650671587744979e-07,3.931594796668347e-07
P0A6D3,3.858418574805048e-07,3.858418574805048e-07,3.6207844460512536e-07,2.2846495688680358e-07,1.5403051458520278e-07,2.2846495675706267e-07
P0A6D5,0.0,0.0,0.0,0.0,0.0,0.0
P0A6D7,1.1023953855187654e-06,1.102395385518765e-06,1.0345005312148382e-06,0.0,0.0,6.527511445397176e-07
P0A6E1,0.0,0.0,0.0,6.527511449104028e-07,4.40083223776176e-07,0.0
P0A6E4,4.3578620154730684e-05,4.3578620154730684e-05,4.0894679252003424e-05,2.5803803765225197e-05,1.7396861323386645e-05,2.580380375057171e-05
P0A6E6,0.00019238672914745908,0.00046794246237292765,0.0004435032918167409,4.1585090170580285e-07,4.1585090170580285e-07,4.1585090170580285e-07
P0A6F1,0.0,0.0,0.0,0.0,0.0,0.0
P0A6F3,2.872425920352757e-09,0.0,0.0,0.0,0.0,0.0
P0A6G3,0.0,0.0,0.0,0.0,0.0,0.0
P0A6G5,0.0,0.0,0.0,0.0,0.0,0.0
P0A6H8,0.0,0.0,0.0,0.0,0.0,0.0
P0A6I0,1.6811293690426858e-07,1.681129369042673e-07,1.5775911693399515e-07,9.954315255671362e-08,6.711174974348832e-08,9.954315250018492e-08
P0A6I3,5.985382399291091e-08,5.985382399272156e-08,5.61675180512757e-08,3.544068911373942e-08,2.3894025831516945e-08,3.5440689093612966e-08
P0A6I6,1.4060219887163403e-08,1.406021988711892e-08,1.3194272339402932e-08,8.325347465698996e-09,5.61292887853717e-09,8.325347460971099e-09
P0A6I9,1.418599005003121e-06,1.4185990049986333e-06,1.3312296509321069e-06,8.399818584578722e-07,5.663137124559236e-07,8.399818579808537e-07
P0A6J1,9.210753706738149e-08,9.210753706738074e-08,8.64361710671839e-08,5.453966230400963e-08,3.677050679659422e-08,5.453966227303755e-08
P0A6J5,0.0,0.0,0.0,0.0,0.0,0.0
P0A6J8,1.8033142935809315e-07,1.8033142935809315e-07,1.6922509103019367e-07,0.0,7.198944935961407e-08,1.067779749954104e-07
P0A6K1,2.9338757495914924e-07,2.9338757495914924e-07,2.753182806586655e-07,1.7372086092953922e-07,1.1712217912009671e-07,1.7372086083088643e-07
P0A6K6,8.679251767612873e-07,7.856564638556395e-07,7.322075087797714e-07,4.596355546331649e-07,2.9219923183523394e-07,4.596355543413317e-07
P0A6L0,0.0,0.0,0.0,0.0,0.0,0.0
P0A6L2,3.0285125416616286e-07,3.0285125416616286e-07,2.841991062639862e-07,1.793245014369203e-07,1.2090013983085047e-07,1.7932450133508532e-07
P0A6L4,0.0,0.0,0.0,0.0,0.0,0.0
P0A6L7,0.0,0.0,0.0,0.0,0.0,0.0
P0A6P9,1.1934205472623785e-05,5.27558376726006e-06,4.978454709187789e-06,8.522422354738076e-06,6.635325594625335e-06,8.522422354869217e-06
P0A6Q3,6.6879375438576695e-09,0.0,0.0,0.0,0.0,0.0
P0A6Q6,0.0,0.0,1.966978295488473e-13,1.2411277671227901e-13,8.367653019566845e-14,1.241127766417977e-13
P0A6R0,0.0,0.0,2.972698210586784e-11,1.8757188632420828e-11,1.2646050652989136e-11,1.875718862176897e-11
P0A6S7,0.0,2.3795598100443853e-07,2.2330063422662024e-07,1.408986658319717e-07,9.499353554348971e-08,1.4089866575196636e-07
P0A6T1,6.703288865718977e-07,2.6355089056404014e-07,2.521382578156448e-07,2.763370187253838e-07,2.7018938306053024e-07,2.7633701871466873e-07
P0A6T3,0.0,0.0,0.0,0.0,0.0,0.0
P0A6T5,1.93509773302338e-05,1.93509773302294e-05,1.815918008240386e-05,1.1458114550706016e-05,7.725032777327583e-06,1.1458114544199085e-05
P0A6T9,3.5000933801201284e-08,3.5000933801200536e-08,2.5345161582276165e-08,1.8134969034297757e-08,0.0,1.8134968981571458e-08
P0A6U8,0.0,0.0,0.0,0.0,0.0,0.0
P0A6V1,0.0,0.0,0.0,0.0,0.0,0.0
P0A6V5,0.0,0.0,0.0,0.0,0.0,0.0
P0A6V8,2.2755657850095687e-06,1.056639948132859e-06,9.384659944663794e-07,1.014916714778948e-06,4.1573152279365495e-09,1.0149167129650681e-06
P0A6W0,0.0,0.0,0.0,0.0,0.0,0.0
P0A6W3,5.278081979347625e-07,5.278081979347625e-07,4.953012941777814e-07,3.125261680344253e-07,2.107043773349235e-07,3.125261678569475e-07
P0A6W9,0.0,0.0,0.0,0.0,0.0,0.0
P0A6X1,2.4081866426665604e-06,2.40818664266656e-06,2.259870091827982e-06,1.4259371989468274e-06,9.61363368425843e-07,1.4259371981370648e-06
P0A715,3.939420065197853e-08,3.939420065197853e-08,3.696797177908907e-08,2.332612229350755e-08,1.5726414541230986e-08,2.3326122280261083e-08
P0A717,0.0,1.3570549044773884e-05,1.3570549044773884e-05,8.954397450957514e-06,8.954397450957514e-06,8.954397450957514e-06
P0A720,6.952808818759674e-08,6.952808818759674e-08,6.524595903544503e-08,4.116902135482739e-08,2.7756053403827488e-08,4.116902133144828e-08
P0A722,3.7517948673341924e-07,3.7517948673341924e-07,3.520727530476641e-07,2.2215154628653688e-07,1.4977402861554673e-07,2.2215154616038123e-07
P0A725,1.1937529123336069e-06,1.1937529123336069e-06,1.1202314869698404e-06,7.068458290935264e-07,4.765537274131033e-07,7.068458286921221e-07
P0A731,0.0,0.0,0.0,0.0,0.0,0.0
P0A738,0.0,0.0,0.0,0.0,0.0,0.0
P0A744,0.0,0.0,0.0,0.0,0.0,0.0
P0A746,0.0,0.0,0.0,0.0,0.0,0.0
P0A749,5.922600240852121e-07,5.922600240852121e-07,5.557836304305139e-07,3.5068942947757286e-07,2.3643395476526065e-07,3.5068942927842303e-07
P0A752,4.1931061898048064e-08,4.1931061898048064e-08,3.93485916013198e-08,2.4828250390748305e-08,1.6739145626754262e-08,2.482825037665185e-08
P0A754,0.00045121783570546936,0.0,0.0,0.0,0.0,0.0
P0A759,0.0,0.0,0.0,0.0,0.0,0.0
P0A761,0.0,0.0,0.0,0.0,0.0,0.0
P0A763,5.454891616723315e-07,5.454891616723415e-07,0.0,0.0,0.0,0.0
P0A786,8.030927317526653e-08,8.030927317526655e-08,7.536314724521007e-08,4.755278432829144e-08,3.2059970771250346e-08,4.7552784301287104e-08
P0A790,1.0497632637023096e-07,1.0497632636989883e-07,9.851099416897592e-08,6.215865752588254e-08,4.190721472173835e-08,6.215865749058319e-08
P0A794,1.612561125639452e-08,1.612561125639452e-08,1.5132459397091832e-08,9.548308481932067e-09,6.437446201515048e-09,9.548308476509766e-09
P0A796,0.0,2.9523167190010523e-06,2.9523167190010523e-06,2.3160815745325453e-06,2.3160815745325453e-06,2.3160815745325453e-06
P0A799,1.8070128951582142e-06,7.988113510103991e-07,7.538221642965272e-07,1.2904181931821671e-06,1.0046873089708857e-06,1.2904181932020229e-06
P0A7A7,3.1781665985714057e-07,3.1781665985714057e-07,3.1781665985714057e-07,8.356351179149755e-07,5.633831506233283e-07,8.356351174404341e-07
P0A7A9,9.089514356512644e-07,9.089514356512699e-07,2.4707227353087037e-07,0.0,0.0,0.0
P0A7B1,0.0,0.0,0.0,0.0,0.0,0.0
P0A7B3,3.6202489161554673e-10,3.620248916165336e-10,3.3972832942742535e-10,2.1436243800804828e-10,1.445226308841515e-10,2.143624378861717e-10
P0A7B5,1.2606860459447515e-06,1.2606860459447515e-06,1.1830423107325136e-06,7.464783240867415e-07,5.032738585057898e-07,7.464783236628305e-07
P0A7D4,1.0306387393591287e-05,1.0306387393592297e-05,9.671697304936079e-06,6.102666261187408e-06,4.1144026522113735e-06,6.102666257722265e-06
P0A7D7,5.855505946725198e-07,5.855505946725579e-07,5.494898787740834e-07,3.467181858914143e-07,2.33756552062213e-07,3.467181856945364e-07
P0A7E1,3.894119051177861e-07,3.894119051177863e-07,3.654286184408877e-07,2.305105456825677e-07,1.5540964554311755e-07,2.305105455516651e-07
P0A7E3,1.0465414809800167e-05,1.0465414809800169e-05,9.82086583665006e-06,6.196788909674786e-06,4.177859911382398e-06,6.196788906155747e-06
P0A7E5,1.1607909179070534e-06,1.160790917907054e-06,1.089299571622496e-06,6.873283493552222e-07,4.6339509035793856e-07,6.873283489649017e-07
P0A7E9,8.773931634637611e-08,8.773931634637612e-08,8.233558536354001e-08,5.1952266810153596e-08,3.50260910893242e-08,5.1952266780650876e-08
P0A7F3,0.0,0.0,7.536314724521007e-08,0.0,0.0,0.0
P0A7F6,0.0,0.0,0.0,0.0,0.0,0.0
P0A7I7,3.0102333033331995e-07,3.010233303333713e-07,2.82483761478568e-07,1.7824214986836915e-07,1.2017042105317272e-07,1.7824214976707801e-07
P0A7J0,7.584507043227339e-07,7.584507043228635e-07,7.117388795609903e-07,4.490943740406125e-07,3.02778327465902e-07,4.49094373785402e-07
P0A7Z0,6.566656612621703e-09,6.384845326672415e-09,5.912853143332417e-09,0.0,7.525535526460397e-10,1.1162211288176346e-09
P0A817,6.020466606664254e-08,6.020466606666398e-08,5.687677529319612e-08,3.588821761923349e-08,2.419574845421544e-08,3.5888217598853256e-08
P0A825,1.2475529312114115e-05,1.2473099398793449e-05,1.1698255078702874e-05,7.382985910578054e-06,4.965248892576407e-06,7.3829859063471876e-06
P0A836,0.0,4.376070982611736e-06,4.161662742499009e-06,7.03527654370026e-07,4.743166221383648e-07,7.03527653970506e-07
P0A840,0.0,0.0,3.12159251401398e-07,2.7728530732138663e-07,1.8694507532194843e-07,2.772853071639232e-07
P0A853,1.3078785737776876e-07,1.3078785737776876e-07,1.2273283225880233e-07,7.744219974536875e-08,5.221134146756408e-08,7.744219970139076e-08
P0A858,2.9251182482977493e-06,1.3453627406712014e-06,1.2722263295128856e-06,9.63663534604564e-07,9.67432059344235e-07,9.636635346111318e-07
P0A867,0.0,0.0,0.0,0.0,3.481481586390755e-07,0.0
P0A870,1.2699571306113162e-05,1.2142011348493268e-05,1.1154375452817404e-05,5.163889393468199e-07,0.0,5.163889390535913e-07
P0A877,7.812549919331291e-09,7.812549919331291e-09,7.331386857980541e-09,4.625972651466953e-09,3.118819435908364e-09,4.6259726488399494e-09
P0A879,7.812549919331291e-09,7.812549919331291e-09,7.331386857980541e-09,4.625972651466953e-09,3.118819435908364e-09,4.6259726488399494e-09
P0A884,5.5187228608879995e-08,5.5187228608879995e-08,5.178833117601914e-08,3.2677501314037696e-08,2.203109138200879e-08,3.2677501295480766e-08
P0A887,0.0,0.0,0.0,0.0,0.0,0.0
P0A8F0,0.0,0.0,0.0,0.0,0.0,0.0
P0A8F4,0.0,0.0,0.0,0.0,0.0,0.0
P0A8G3,0.0,0.0,0.0,0.0,0.0,0.0
P0A8G6,1.0515001874643458e-05,0.0,0.0,0.0,0.0,0.0
P0A8K1,3.8386502297462326e-08,3.8386502297462326e-08,3.6022336032835687e-08,2.2729443222390747e-08,1.5324134972325904e-08,2.272944320948313e-08
P0A8N5,0.0,0.0,0.0,0.0,0.0,0.0
P0A8Q0,7.321106884208473e-08,0.0,0.0,0.0,0.0,0.0
P0A8Q3,7.321106884208473e-08,0.0,0.0,0.0,0.0,0.0
P0A8Y1,0.0,0.0,0.0,0.0,0.0,0.0
P0A8Y3,0.0,0.0,0.0,0.0,0.0,0.0
P0A8Y5,0.0,0.0,0.0,0.0,0.0,0.0
P0A8Y8,0.0,0.0,0.0,0.0,0.0,0.0
P0A921,0.0,0.0,0.0,0.0,0.0,0.0
P0A924,0.0,0.0,0.0,1.8508342256148788e-07,1.2478279035353977e-07,1.8508342245638248e-07
P0A935,0.0,0.0,0.0,0.0,0.0,0.0
P0A951,0.0,0.0,0.0,0.0,0.0,0.0
P0A953,0.00025999372832266946,9.84840834500683e-05,9.242097367816708e-05,5.831596462431319e-05,3.9316480575469286e-05,5.831596459119666e-05
P0A955,1.2996261483115849e-06,0.0,0.0,7.0904513174884445e-06,4.395678740301503e-06,7.09045131759277e-06
P0A959,2.1480475729624738e-07,0.0,0.0,0.0,0.0,0.0
P0A962,0.0,0.0,0.0,0.0,0.0,0.0
P0A991,0.0,4.365977280900099e-06,4.365977280900099e-06,0.0,0.0,0.0
P0A993,0.0,0.0,0.0,0.0,0.0,0.0
P0A996,0.0,0.0,0.0,0.0,0.0,0.0
P0A9B2,6.79693769844203e-05,3.0046664305351342e-05,2.8354431228226623e-05,4.8538071241751595e-05,3.779052747098736e-05,4.853807124249846e-05
P0A9B6,1.1288171702034348e-10,1.1288171702034345e-10,1.0592950383862129e-10,6.683960309740161e-11,4.506309676570864e-11,6.683960305944465e-11
P0A9C0,0.0,0.0,0.0,0.0,0.0,0.0
P0A9C3,0.0,0.0,0.0,0.0,0.0,0.0
P0A9C5,5.286196344116434e-05,5.2861963441166304e-05,4.960640222327638e-05,3.475827664375743e-05,2.152176957432246e-05,3.475827662068676e-05
P0A9C9,0.0,0.0,0.0,0.0,0.0,0.0
P0A9D4,1.2527148174453138e-07,1.252714817445304e-07,1.1755810187377696e-07,7.417703836409707e-08,5.000997765836442e-08,7.417703832197331e-08
P0A9D8,8.693065328728304e-07,8.693065328728304e-07,8.157672663173212e-07,5.14734406606579e-07,3.470326767163826e-07,5.147344063142709e-07
P0A9G6,1.4631629960920764e-05,0.0,0.0,0.0,0.0,0.0
P0A9H3,0.0,0.0,0.0,0.0,0.0,0.0
P0A9H5,0.0,0.0,0.0,0.0,0.0,0.0
P0A9H7,0.0,0.0,0.0,0.0,0.0,0.0
P0A9I1,0.0,0.0,0.0,0.0,0.0,0.0
P0A9I8,0.0,0.0,0.0,0.0,0.0,0.0
P0A9J4,2.7293599211410702e-09,2.7293599211324345e-09,2.5612627967975318e-09,0.0,0.0,0.0
P0A9J6,0.0,0.0,0.0,0.0,0.0,0.0
P0A9J8,1.9923526108200524e-10,1.9923526108200532e-10,1.869646645237641e-10,1.1797132543021528e-10,7.953597877733902e-11,1.1797132536322164e-10
P0A9L8,5.594777720768617e-09,5.594777720768617e-09,5.2502038743934466e-09,3.312783789486175e-09,2.233470720224697e-09,3.312783787604908e-09
P0A9M2,0.0,0.0,0.0,0.0,0.0,0.0
P0A9M5,0.0,0.0,0.0,0.0,0.0,0.0
P0A9M8,0.0,0.0,0.0,0.0,0.0,3.7194787230494317e-06
P0A9N4,0.0,0.0,0.0,0.0,0.0,0.0
P0A9N8,0.0,0.0,0.0,0.0,0.0,0.0
P0A9P0,1.4003236455048588e-07,1.2490327239254534e-05,1.2389034019894987e-05,2.69947786404032e-06,1.8081718297811695e-06,2.6994779709642188e-06
P0A9P4,1.360352577870356e-05,0.0,0.0,9.029818858593089e-06,1.5938135647290325e-06,9.029818845631952e-06
P0A9P9,0.0,0.0,0.0,0.0,0.0,0.0
P0A9Q5,6.910178335999524e-07,2.617534600884037e-07,2.4565140032157e-07,1.5500159542735715e-07,1.0450169614866778e-07,1.5500159533933467e-07
P0A9Q7,3.409593855605414e-06,8.915831253896291e-06,8.915831253896291e-06,0.0,0.0,6.880394931017439e-06
P0A9Q9,1.5710183587245115e-06,1.5710183587245242e-06,1.453986411116795e-06,9.232179488761213e-07,5.893399816078421e-07,9.23217948237122e-07
P0A9S1,0.0,0.0,0.0,0.0,0.0,0.0
P0A9S3,0.0,0.0,0.0,0.0,0.0,0.0
P0A9S5,0.0,0.0,0.0,0.0,0.0,0.0
P0A9T0,3.83410013444406e-09,3.83410013444406e-09,3.83410013444406e-09,2.554473212791032e-09,2.554473212791032e-09,2.554473212791032e-09
P0A9U8,1.4411344343234598e-07,1.4411344343234606e-07,1.352377157455217e-07,8.533255530018101e-08,5.7530999864760265e-08,8.533255525172227e-08
P0A9V1,6.911215999614333e-09,6.9112159996143345e-09,6.485564722839469e-09,4.092274165632886e-09,2.759001223406327e-09,4.0922741633089606e-09
P0A9V8,0.0,0.0,0.0,0.0,0.0,0.0
P0A9X1,0.0,0.0,0.0,0.0,0.0,0.0
P0AA04,1.8620677022134922e-05,7.174658475856223e-06,6.80236958331322e-06,1.00215793027054e-05,1.00215793027054e-05,1.00215793027054e-05
P0AA25,3.914044083843684e-05,0.0,0.0,2.65504354477046e-05,4.686300448402056e-06,2.631660459207716e-05
P0AA84,0.0,0.0,0.0,0.0,0.0,0.0
P0AA89,0.0,0.0,0.0,0.0,0.0,0.0
P0AAB4,4.180744130984022e-11,4.180744130985855e-11,3.923258461701957e-11,2.4755052079561802e-11,1.668979550455794e-11,2.4755052065503874e-11
P0AAF3,0.0,0.0,0.0,0.0,0.0,0.0
P0AAF6,0.0,0.0,0.0,0.0,0.0,0.0
P0AAG3,0.0,0.0,0.0,0.0,0.0,0.0
P0AAG8,0.0,0.0,0.0,0.0,0.0,0.0
P0AAH0,0.0,0.0,0.0,0.0,0.0,0.0
P0AAI1,0.0,0.0,0.0,0.0,0.0,0.0
P0AAI5,0.0,0.0,0.0,0.0,0.0,0.0
P0AAI9,1.316441949669043e-08,4.986604087136832e-09,4.679727245795015e-09,2.952823343622547e-09,1.990786268910072e-09,2.952823341945695e-09
P0AAJ1,0.0,0.0,0.0,0.0,0.0,0.0
P0AAJ3,0.00037617417295873946,5.489162919226358e-05,5.030573808553792e-05,0.00023053472523420045,0.00013966767825709052,0.0002194032029316584
P0AAJ5,0.0,1.145402051385987e-08,1.145402051385987e-08,0.0,3.4813557024042115e-08,3.1826463690059884e-08
P0AAJ8,0.0,0.0,0.0,0.0,0.0,0.0
P0AAK1,0.0,0.0,0.0,0.0,0.0,0.0
P0AAK7,0.0,0.0,0.0,0.0,0.0,0.0
P0AAL3,0.0,0.0,0.0,0.0,0.0,0.0
P0AAM1,0.0,0.0,0.0,0.0,0.0,0.0
P0AAN3,0.0,0.0,0.0,0.0,0.0,0.0
P0AAX8,0.0,0.0,0.0,0.0,0.0,0.0
P0AB65,0.0,0.0,0.0,0.0,0.0,0.0
P0AB67,3.740680441377089e-06,0.0,0.0,0.0,0.0,0.0
P0AB71,0.0,3.655248566778693e-05,3.655248566778693e-05,1.651422992762104e-05,1.651422992762104e-05,1.651422992762104e-05
P0AB74,0.0,0.0,0.0,0.0,0.0,0.0
P0AB77,0.0,3.736433311503313e-07,3.736433311503313e-07,1.9389807579659366e-07,1.9389807579659366e-07,1.9389807579659366e-07
P0AB80,8.659693341112093e-07,8.744086552990532e-07,8.205551567870976e-07,5.177554789903525e-07,3.49069476321069e-07,5.177554786963291e-07
P0AB87,0.0,0.0,0.0,0.0,0.0,0.0
P0AB89,1.377678185535788e-06,1.3776781855358958e-06,1.2928360043789874e-06,8.157561611388528e-07,5.499808066342518e-07,8.157561606756478e-07
P0AB91,3.162658669801143e-07,3.1626586698011426e-07,0.0,1.8726757158023013e-07,1.2625533827455114e-07,1.8726757147388435e-07
P0AB96,0.0,0.0,0.0,0.0,0.0,0.0
P0AB98,0.00019238672914745908,0.00046794246237292765,0.0004435032918167409,4.1585090170580285e-07,4.1585090170580285e-07,4.1585090170580285e-07
P0ABA0,0.00019238672914745908,0.00046794246237292765,0.0004435032918167409,4.1585090170580285e-07,4.1585090170580285e-07,4.1585090170580285e-07
P0ABA4,0.00019238672914745908,0.00046794246237292765,0.0004435032918167409,4.1585090170580285e-07,4.1585090170580285e-07,4.1585090170580285e-07
P0ABA6,0.00019238672914745908,0.00046794246237292765,0.0004435032918167409,4.1585090170580285e-07,4.1585090170580285e-07,4.1585090170580285e-07
P0ABB0,0.00019238672914745908,0.00046794246237292765,0.0004435032918167409,4.1585090170580285e-07,4.1585090170580285e-07,4.1585090170580285e-07
P0ABB4,0.00019238672914745908,0.00046794246237292765,0.0004435032918167409,4.1585090170580285e-07,4.1585090170580285e-07,4.1585090170580285e-07
P0ABB8,0.0,0.0,0.0,0.0,0.0,0.0
P0ABC0,0.0,0.0,0.0,0.0,0.0,0.0
P0ABD3,0.0,0.0,0.0,0.0,0.0,0.0
P0ABD5,6.910178335999524e-07,2.617534600884037e-07,2.4565140032157e-07,1.5500159542735715e-07,1.0450169614866778e-07,1.5500159533933467e-07
P0ABD8,6.910178335999524e-07,2.617534600884037e-07,2.4565140032157e-07,1.5500159542735715e-07,1.0450169614866778e-07,1.5500159533933467e-07
P0ABE9,1.5030238218404566e-11,1.2093694992078365e-11,0.0,0.0,0.0,0.0
P0ABF6,0.0,0.0,0.0,0.0,0.0,0.0
P0ABF8,0.0,0.0,0.0,0.0,0.0,0.0
P0ABG1,1.577911333516294e-06,1.577911333516294e-06,1.4807301755570844e-06,9.343139884744452e-07,6.299122035602854e-07,9.34313987943866e-07
P0ABG4,2.009460887121535e-08,2.009460887121535e-08,1.8857012488349932e-08,1.1898434191141013e-08,8.021895200880504e-09,1.1898434184384112e-08
P0ABH7,7.2411571127789905e-06,1.2859097536143284e-05,1.2203875112763834e-05,7.957235091873204e-07,5.364748417342317e-07,7.957235087354438e-07
P0ABI8,9.8916393065995e-06,1.8090482739126665e-05,1.7116467174160888e-05,1.1127984720284105e-07,1.1127984720284105e-07,1.1127984720284105e-07
P0ABJ1,9.8916393065995e-06,1.8090482739126665e-05,1.7116467174160888e-05,1.1127984720284105e-07,1.1127984720284105e-07,1.1127984720284105e-07
P0ABJ3,9.8916393065995e-06,1.8090482739126665e-05,1.7116467174160888e-05,1.1127984720284102e-07,1.1127984720284102e-07,1.1127984720284102e-07
P0ABJ6,9.8916393065995e-06,1.8090482739126665e-05,1.7116467174160888e-05,1.1127984720284105e-07,1.1127984720284105e-07,1.1127984720284105e-07
P0ABJ9,0.0,0.0,0.0,4.0811661856384616e-07,4.0811661856384616e-07,4.0811661856384616e-07
P0ABK2,0.0,0.0,0.0,4.0811661856384616e-07,4.0811661856384616e-07,4.0811661856384616e-07
P0ABK5,1.0439214982548698e-06,1.0439214982548615e-06,9.796437954676715e-07,0.0,0.0,6.181375353977053e-07
P0ABK9,0.0,0.0,0.0,0.0,0.0,0.0
P0ABL1,0.0,0.0,0.0,0.0,0.0,0.0
P0ABL3,0.0,0.0,0.0,0.0,0.0,0.0
P0ABL5,0.0,0.0,0.0,0.0,0.0,0.0
P0ABL8,0.0,0.0,0.0,0.0,0.0,0.0
P0ABM1,0.0,0.0,0.0,0.0,0.0,0.0
P0ABM5,0.0,0.0,0.0,0.0,0.0,0.0
P0ABN1,0.0,0.0,0.0,0.0,0.0,0.0
P0ABP8,5.644004576828429e-10,5.644004576830904e-10,5.328066480387617e-10,3.361913687127933e-10,2.2665939769306602e-10,3.3619136852187664e-10
P0ABQ0,1.0106934504130028e-07,1.0106934504098052e-07,9.484463787493693e-08,5.984525294427693e-08,4.0347523016697404e-08,5.984525291029133e-08
P0ABQ2,0.0,0.0,0.0,0.0,0.0,0.0
P0ABQ4,1.095484312189974e-07,1.0954843121899679e-07,1.0280151003759347e-07,0.0,0.0,0.0
P0ABR5,0.0,0.0,0.0,0.0,0.0,0.0
P0ABR9,0.0,0.0,0.0,0.0,0.0,0.0
P0ABU0,0.0,0.0,0.0,0.0,0.0,0.0
P0ABW0,0.0,0.0,0.0,0.0,0.0,0.0
P0ABY4,1.2148334901002323e-07,1.214833490100241e-07,1.1808634477784595e-07,2.3560348317481145e-07,5.1917730893922404e-08,5.073895802170356e-09
P0ABZ4,1.7023831255898564e-07,1.702383125589857e-07,1.597535939362752e-07,1.0080163151100316e-07,6.796021317335183e-08,1.008016314537598e-07
P0AC00,0.0,0.0,0.0,0.0,0.0,0.0
P0AC13,6.213574072748418e-07,6.213574072747004e-07,5.830889500661247e-07,3.6791859284343475e-07,2.4804981452455894e-07,3.679185926344982e-07
P0AC16,7.609945863465346e-07,7.609945863463612e-07,7.141260877614904e-07,4.506006592856868e-07,3.03793861290457e-07,4.506006590297961e-07
P0AC19,0.0,0.0,0.0,0.0,0.0,0.0
P0AC28,0.0,0.0,0.0,0.0,0.0,0.0
P0AC33,5.071786643083888e-07,9.02878643681942e-07,8.569040348008414e-07,5.4357910459240684e-08,3.66479701478305e-08,0.0
P0AC35,0.0,0.0,0.0,0.0,0.0,0.0
P0AC38,0.0,0.0,0.0,0.0,0.0,0.0
P0AC41,2.969799208460822e-06,5.585377159142994e-06,5.307707579798111e-06,0.0,0.0,0.0
P0AC44,2.969799208460822e-06,5.585377159142994e-06,5.307707579798111e-06,0.0,0.0,0.0
P0AC47,7.321106884208473e-08,0.0,0.0,0.0,0.0,0.0
P0AC53,2.6407950345631424e-07,1.5246385730070211e-07,1.4040492350464352e-07,3.7622795740560604e-07,2.6268212554465145e-07,3.762279572015893e-07
P0AC59,5.139229005418654e-06,5.139229005418654e-06,0.0,3.4976155256949546e-06,3.4976155256949546e-06,3.4976155256949546e-06
P0AC62,0.0,0.0,0.0,1.5613618127546192e-05,1.5613618127546192e-05,1.5613618127546192e-05
P0AC69,1.1595680035747294e-05,1.1595680035747294e-05,0.0,7.5084906312371715e-06,7.5084906312371715e-06,7.5084906312371715e-06
P0AC75,2.6958181301514137e-07,2.6958181301514137e-07,2.529786793680985e-07,1.5962497612401356e-07,1.0761876809498877e-07,1.5962497603336555e-07
P0AC78,3.7153094581839292e-09,0.0,0.0,0.0,0.0,0.0
P0AC81,0.0,0.0,0.0,0.0,0.0,0.0
P0AC84,0.0,0.0,0.0,0.0,0.0,0.0
P0AC86,0.0,0.0,0.0,0.0,0.0,0.0
P0AC88,0.0,0.0,0.0,0.0,0.0,0.0
P0ACB2,7.297121521315084e-08,7.297121521315082e-08,6.847702910682392e-08,4.3207768194233606e-08,2.9130571531516917e-08,4.3207768169696736e-08
P0ACB4,7.731532045811978e-08,7.731532045811978e-08,7.255358752008211e-08,4.578000290195635e-08,3.0864765873893705e-08,4.578000287595875e-08
P0ACC7,4.020167157183455e-08,4.020167157183455e-08,3.772571179370144e-08,2.3804242552664693e-08,1.6048762049378918e-08,2.3804242539146705e-08
P0ACD4,4.606317636696241e-06,4.606317636696241e-06,4.338455321326686e-06,2.7374869250313635e-06,1.845606982701339e-06,2.737486923476795e-06
P0ACD8,0.0,0.0,0.0,0.0,0.0,0.0
P0ACE0,0.0,0.0,0.0,0.0,0.0,0.0
P0ACE7,0.0,0.0,0.0,0.0,0.0,0.0
P0ACV0,0.0,0.0,0.0,0.0,0.0,0.0
P0ACV2,0.0,0.0,0.0,0.0,0.0,0.0
P0AD57,1.128817170202898e-08,1.1288171702033931e-08,1.0592950383860512e-08,6.6839603097401595e-09,4.506309676570864e-09,6.683960305944465e-09
P0AD61,0.0,0.0,0.0,0.0,0.0,0.0
P0AD65,5.209619637302208e-07,5.209619637302208e-07,4.888767091201373e-07,3.0847237093581315e-07,2.0797131725589963e-07,3.084723707606375e-07
P0AD68,5.209619637302208e-07,5.209619637302208e-07,4.888767091201373e-07,3.0847237093581315e-07,2.0797131725589963e-07,3.084723707606375e-07
P0AD70,0.0,0.0,0.0,0.0,0.0,0.0
P0ADA1,0.0,0.0,0.0,0.0,0.0,0.0
P0ADC1,6.911215999614333e-09,6.9112159996143345e-09,6.485564722839469e-09,4.092274165632886e-09,2.759001223406327e-09,4.0922741633089606e-09
P0ADC6,6.911215999614333e-09,6.9112159996143345e-09,6.485564722839469e-09,4.092274165632886e-09,2.759001223406327e-09,4.0922741633089606e-09
P0ADF6,1.910460669306911e-07,0.0,0.0,1.0423019256187966e-06,6.461682353163309e-07,1.0423019256341323e-06
P0ADF8,4.1426715833031493e-07,4.1426715833031493e-07,2.1841657531362837e-06,1.4764524855831556e-06,9.954206510001155e-07,1.7217486509819022e-06
P0ADG4,0.0,0.0,0.0,0.0,0.0,0.0
P0ADG7,7.943253548479684e-06,7.94325354847968e-06,7.4540406494984404e-06,4.703364977932837e-06,3.1709971529330013e-06,4.7033649752618825e-06
P0ADI4,0.0,0.0,0.0,0.0,0.0,0.0
P0ADP0,2.508446478591605e-08,2.508446478592033e-08,2.3539550770221184e-08,1.4853031247738389e-08,1.001387730272996e-08,1.4853031239297735e-08
P0ADU2,2.2466079754554711e-07,0.0,0.0,1.326534093249249e-07,8.031191921225942e-08,1.3138843119180874e-07
P0ADV1,6.911215999614333e-09,6.9112159996143345e-09,6.485564722839469e-09,4.092274165632886e-09,2.759001223406327e-09,4.0922741633089606e-09
P0ADV9,6.911215999614333e-09,6.9112159996143345e-09,6.485564722839469e-09,4.092274165632886e-09,2.759001223406327e-09,4.0922741633089606e-09
P0AE08,4.293904448542148e-06,0.0,0.0,3.412693545860105e-06,3.412693545860105e-06,3.412693545860105e-06
P0AE12,0.0,0.0,0.0,0.0,0.0,0.0
P0AE22,0.0,0.0,0.0,0.0,0.0,0.0
P0AE26,0.0,0.0,0.0,0.0,0.0,0.0
P0AE30,0.0,0.0,0.0,0.0,0.0,0.0
P0AE34,0.0,0.0,0.0,0.0,0.0,0.0
P0AE37,0.0,0.0,0.0,0.0,0.0,0.0
P0AE52,0.0,0.0,0.0,0.0,0.0,0.0
P0AE76,0.0,0.0,0.0,0.0,0.0,0.0
P0AEA5,0.0,0.0,0.0,0.0,0.0,0.0
P0AEA8,1.7823185180653949e-09,1.7823185180653945e-09,1.672548232651604e-09,1.055347716930728e-09,7.115128469601561e-10,1.0553477163314158e-09
P0AEB0,0.0,0.0,0.0,0.0,0.0,0.0
P0AEB2,0.0,0.0,0.0,0.0,0.0,0.0
P0AED7,3.2941715365442283e-07,3.2941715365442283e-07,3.091288524274937e-07,1.950547208612116e-07,1.315054152546093e-07,1.9505472075044367e-07
P0AEE5,0.0,0.0,0.0,0.0,0.0,0.0
P0AEG6,0.0,0.0,0.0,0.0,0.0,0.0
P0AEI6,0.0,0.0,0.0,0.0,0.0,0.0
P0AEJ2,0.0,0.0,0.0,0.0,0.0,0.0
P0AEJ6,0.0,0.0,0.0,0.0,0.0,0.0
P0AEK2,3.525362802591901e-05,1.3353865367526829e-05,1.2532065210128841e-05,7.907506731192377e-06,5.331221678320635e-06,7.907506726701852e-06
P0AEK4,1.0858014055242005e-06,0.0,3.193432629822467e-11,2.014998293778501e-11,1.3585069163704887e-11,2.014998292634222e-11
P0AEK7,0.00037617417295873946,5.489162919226358e-05,5.030573808553792e-05,0.00023053472523420045,0.00013966767825709052,0.0002194032029316584
P0AEL0,2.2074353089921508e-10,0.0,0.0,0.0,0.0,0.0
P0AEL6,0.0,0.0,0.0,0.0,0.0,0.0
P0AEM9,0.0,0.0,0.0,0.0,0.0,0.0
P0AEN1,1.149177443580719e-06,1.149177443580719e-06,1.149177443580719e-06,1.6470933305797545e-06,1.6470933305797545e-06,1.6470933305797545e-06
P0AEP3,0.0,0.0,0.0,0.0,0.0,0.0
P0AEP7,0.0,0.0,0.0,0.0,0.0,0.0
P0AEP9,1.4410400833761456e-08,1.4410400833758176e-08,1.352288617438711e-08,8.53357179527481e-09,0.0,8.532696858274416e-09
P0AEQ3,0.0,0.0,0.0,0.0,0.0,0.0
P0AEQ6,0.0,0.0,0.0,0.0,0.0,0.0
P0AER3,0.0,0.0,0.0,0.0,0.0,0.0
P0AER5,0.0,0.0,0.0,0.0,0.0,0.0
P0AES0,0.0,0.0,0.0,0.0,0.0,0.0
P0AES2,0.0,0.0,0.0,0.0,0.0,0.0
P0AET8,0.0,0.0,0.0,0.0,0.0,0.0
P0AEU0,0.0,0.0,0.0,0.0,0.0,0.0
P0AEU3,0.0,0.0,0.0,0.0,0.0,0.0
P0AEW4,0.0,0.0,0.0,0.0,0.0,0.0
P0AEW6,0.0,0.0,0.0,0.0,0.0,0.0
P0AEW9,0.0,0.0,0.0,0.0,0.0,0.0
P0AEX9,0.0,0.0,0.0,0.0,0.0,0.0
P0AEY3,0.0,0.0,0.0,0.0,0.0,0.0
P0AEZ1,2.841206786337173e-07,2.8412067863371787e-07,2.6662902769918395e-07,1.682380993005463e-07,1.13425714653206e-07,1.6823809920500706e-07
P0AEZ7,0.0,0.0,0.0,0.0,0.0,0.0
P0AF01,2.4865600327559793e-12,2.4865600327559793e-12,2.333416584080812e-12,1.472343706796371e-12,9.926505224015358e-13,1.4723437059602548e-12
P0AF03,0.0,0.0,0.0,0.0,0.0,0.0
P0AF12,2.3010672654367142e-08,2.301067265437856e-08,2.1714062758636677e-08,1.3701181293463556e-08,9.237302883623309e-09,1.3701181285682911e-08
P0AF16,2.009460887121535e-08,2.009460887121535e-08,1.8857012488349932e-08,1.1898434191141013e-08,8.021895200880504e-09,1.1898434184384112e-08
P0AF18,0.0,0.0,0.0,0.0,0.0,0.0
P0AF24,0.0,0.0,0.0,0.0,0.0,0.0
P0AF26,0.0,0.0,0.0,0.0,0.0,0.0
P0AF32,0.0,0.0,0.0,0.0,0.0,0.0
P0AF98,6.911215999614333e-09,6.9112159996143345e-09,6.485564722839469e-09,4.092274165632886e-09,2.759001223406327e-09,4.0922741633089606e-09
P0AFA9,0.0,0.0,0.0,0.0,0.0,0.0
P0AFC0,5.838574978262189e-09,5.838574978260859e-09,5.478986029776889e-09,3.4571411961343942e-09,2.3307961303582984e-09,3.457141194171125e-09
P0AFC3,0.0,3.0208988347300195e-06,2.8684491197643464e-06,1.4234268795402292e-08,5.808699154084253e-08,5.808699154084253e-08
P0AFC7,0.0,3.0208988347300195e-06,2.8684491197643464e-06,1.4234268795402292e-08,5.808699154084253e-08,5.808699154084253e-08
P0AFD1,0.0,3.0208988347300195e-06,2.8684491197643464e-06,1.4234268795402292e-08,5.808699154084253e-08,5.808699154084253e-08
P0AFD4,0.0,3.0208988347300195e-06,2.8684491197643464e-06,1.4234268795402292e-08,5.808699154084253e-08,5.808699154084253e-08
P0AFD6,0.0,3.0208988347300195e-06,2.8684491197643464e-06,1.4234268795402292e-08,5.808699154084253e-08,5.808699154084253e-08
P0AFE0,0.0,3.0208988347300195e-06,2.8684491197643464e-06,1.4234268795402292e-08,5.808699154084253e-08,5.808699154084253e-08
P0AFE4,0.0,3.0208988347300195e-06,2.8684491197643464e-06,1.4234268795402292e-08,5.808699154084253e-08,5.808699154084253e-08
P0AFE8,0.0,3.0208988347300195e-06,2.8684491197643464e-06,1.4234268795402292e-08,5.808699154084253e-08,5.808699154084253e-08
P0AFF0,0.0,3.0208988347300195e-06,2.8684491197643464e-06,1.4234268795402292e-08,5.808699154084253e-08,5.808699154084253e-08
P0AFG3,1.0503143074928461e-07,1.8433322175252357e-06,1.7516947703846141e-06,0.0,0.0,0.0
P0AFG6,1.0503143074928461e-07,1.8433322175252357e-06,1.7516947703846141e-06,0.0,0.0,0.0
P0AFG8,0.0,1.0611994087928096e-05,1.0611994087928096e-05,2.6813428950060227e-06,1.8081718297811695e-06,2.681343001982648e-06
P0AFI0,0.0,0.0,0.0,0.0,0.0,0.0
P0AFI5,0.0,0.0,0.0,0.0,0.0,0.0
P0AFI7,0.0,0.0,0.0,1.7589369236158316e-08,1.1858709675186483e-08,1.7589369226169644e-08
P0AFK4,0.0,0.0,0.0,0.0,0.0,0.0
P0AFK6,0.0,0.0,0.0,0.0,0.0,0.0
P0AFK9,0.0,0.0,0.0,0.0,0.0,0.0
P0AFL1,0.0,0.0,0.0,0.0,0.0,0.0
P0AFL6,0.0,0.0,0.0,0.0,0.0,0.0
P0AFM2,0.0,0.0,0.0,0.0,0.0,0.0
P0AFP4,7.254911968924473e-08,0.0,0.0,0.0,0.0,0.0
P0AFQ5,0.0,0.0,0.0,0.0,0.0,0.0
P0AFR9,0.0,0.0,0.0,0.0,0.0,0.0
P0AFS1,0.0,0.0,0.0,0.0,0.0,0.0
P0AFS3,7.01153301605139e-08,0.0,0.0,6.486589552231179e-08,4.3732427950786415e-08,6.486589548547566e-08
P0AFS9,0.0,0.0,0.0,0.0,0.0,0.0
P0AFT2,0.0,0.0,0.0,0.0,0.0,0.0
P0AFU8,3.3821439787490623e-07,3.38214397874964e-07,3.173842877630846e-07,2.0026375140726585e-07,1.3501733089547842e-07,2.0026375129346038e-07
P0AFV4,0.0,0.0,0.0,0.0,0.0,0.0
P0AG00,0.0,0.0,0.0,0.0,0.0,0.0
P0AG07,3.351386429498698e-07,3.1861702422839183e-07,2.9183553577190017e-07,3.57780016983952e-08,2.412144115022631e-08,3.577800167807821e-08
P0AG16,7.063448718561751e-07,7.063448718562213e-07,6.62845125045349e-07,4.182432983031869e-07,2.81978607736196e-07,4.182432980656947e-07
P0AG18,2.905965575612165e-06,2.9059655756123552e-06,2.7270037574768887e-06,1.720690102283375e-06,1.160085054215492e-06,1.7206901013063113e-06
P0AG20,0.0,0.0,0.0,0.0,0.0,0.0
P0AG24,0.0,0.0,0.0,0.0,0.0,0.0
P0AG40,6.640101001196672e-09,6.640101001198939e-09,6.231147284627879e-09,3.931741358671375e-09,2.650770397980317e-09,3.931741356435492e-09
P0AG78,0.0,0.0,0.0,0.0,0.0,0.0
P0AG80,0.0,0.0,0.0,0.0,0.0,0.0
P0AG82,0.0,0.0,0.0,0.0,0.0,0.0
P0AG84,0.0,0.0,0.0,0.0,0.0,0.0
P0AGB0,3.4508019240751144e-07,3.4508019240751144e-07,3.4508019240751144e-07,2.299100380427543e-07,2.299100380427543e-07,2.299100380427543e-07
P0AGC3,0.0,0.0,0.0,0.0,0.0,0.0
P0AGC5,0.0,0.0,0.0,0.0,0.0,0.0
P0AGD1,0.0,0.0,0.0,0.0,0.0,0.0
P0AGD3,5.841096625065713e-08,0.0,0.0,0.0,0.0,0.0
P0AGE6,3.0752385484155445e-06,0.0,0.0,0.0,0.0,0.0
P0AGE9,0.0,4.376070982611736e-06,4.161662742499009e-06,7.03527654370026e-07,4.743166221383648e-07,7.03527653970506e-07
P0AGF6,0.0,0.0,0.0,0.0,0.0,0.0
P0AGG0,3.5835414118086146e-07,3.5835414118086146e-07,3.3628365492493987e-07,2.121889106322004e-07,1.4305724404878864e-07,2.1218891051170236e-07
P0AGG2,3.602900937506711e-07,3.6029009375067117e-07,3.381003751218704e-07,2.1333522825384106e-07,1.4383008858278375e-07,2.1333522813269203e-07
P0AGG4,8.580949799138549e-07,0.0,0.0,0.0,0.0,2.33830817517723e-07
P0AGH8,0.0,0.0,0.0,0.0,0.0,0.0
P0AGI1,0.0,0.0,0.0,0.0,0.0,0.0
P0AGI4,0.0,0.0,0.0,0.0,0.0,0.0
P0AGK1,1.1288171702028986e-05,1.1288171702033933e-05,1.0592950383860514e-05,6.683960309740161e-06,4.506309676570864e-06,6.6839603059444665e-06
P0C066,0.0,0.0,0.0,0.0,0.0,0.0
P0C0T5,0.0,0.0,0.0,0.0,0.0,0.0
P0C7L2,0.0,0.0,0.0,0.0,0.0,0.0
P0C8J6,0.0,0.0,0.0,0.0,0.0,0.0
P0C8J8,0.0,0.0,0.0,0.0,0.0,0.0
P0C8K0,0.0,0.0,0.0,0.0,0.0,0.0
P0C960,0.0,0.0,0.0,0.0,0.0,0.0
P0CI31,0.0,0.0,0.0,0.0,0.0,0.0
P0DP69,0.0,0.0,0.0,0.0,0.0,0.0
P10346,0.0,0.0,0.0,0.0,0.0,0.0
P10371,6.707072570573121e-07,6.707072570573121e-07,6.293994176952458e-07,3.971396612276765e-07,2.6775058728766235e-07,3.971396610021483e-07
P10378,0.0,0.0,0.0,0.0,0.0,0.0
P10441,1.793926636716835e-09,1.793926636716835e-09,1.6834414249391145e-09,1.0622211244572095e-09,7.161468814864329e-10,1.0622211238539942e-09
P10902,4.1553304583651235e-08,4.1553304583651235e-08,3.899409978509169e-08,2.460457245930012e-08,1.658834251299972e-08,2.4604572445330666e-08
P10905,0.0,0.0,0.0,0.0,0.0,0.0
P10906,0.0,0.0,0.0,0.0,0.0,0.0
P10907,0.0,0.0,0.0,0.0,0.0,0.0
P10908,0.0,0.0,0.0,0.0,0.0,0.0
P11349,0.0,0.0,0.0,0.0,0.0,0.0
P11350,0.0,0.0,0.0,0.0,0.0,0.0
P11446,2.0272510192205386e-05,2.0272510192205386e-05,1.9023957137688613e-05,1.2003773248690379e-05,8.092914535579996e-06,1.2003773241873664e-05
P11447,1.0220342083339705e-08,1.0220342083339705e-08,9.590886766490659e-09,6.051676271428298e-09,4.080025325954064e-09,6.051676267991664e-09
P11454,0.0,0.0,0.0,0.0,0.0,0.0
P11458,2.8827449385685077e-07,2.8827449385685077e-07,2.7052010644114967e-07,1.706932996866771e-07,1.1508100474253276e-07,1.706932995897645e-07
P11553,0.0,0.0,0.0,0.0,0.0,0.0
P11868,0.0,0.0,0.0,0.0,0.0,0.0
P11880,5.9983544299793e-08,5.9983544299793e-08,5.628924908197413e-08,3.551749919476349e-08,2.3945811000063032e-08,3.551749917459377e-08
P11988,0.0,0.0,0.0,0.0,0.0,0.0
P12008,8.23271901968087e-07,8.232719019680869e-07,7.725678382801418e-07,4.874763479977265e-07,3.286553603378561e-07,4.874763477208978e-07
P12281,0.0,0.0,0.0,0.0,0.0,0.0
P12282,0.0,0.0,0.0,0.0,0.0,0.0
P12758,0.0,0.0,0.0,0.0,0.0,0.0
P12995,0.0,0.0,2.375066781748184e-10,1.4986242290317685e-10,1.0103687861503687e-10,1.4986242281807274e-10
P12996,0.0,0.0,1.3669527840117418e-11,8.625225100216246e-12,5.815105645535674e-12,8.625225095318145e-12
P12998,0.0,0.0,3.1667557089975783e-09,1.998165638709024e-09,1.347158381533825e-09,1.998165637574304e-09
P12999,0.0,0.0,1.0983367120134377e-12,6.930306216681959e-13,4.67239548390544e-13,6.930306212746368e-13
P13000,0.0,0.0,1.3571712463759492e-07,8.563505364961497e-08,5.773494351134573e-08,8.563505360098443e-08
P13001,0.0,0.0,1.0270614517582216e-11,6.480572201748746e-12,4.3691859121156e-12,6.4805721980685524e-12
P13009,0.0,8.69776604137345e-07,8.69776604137345e-07,5.814448228817805e-07,5.814448228817805e-07,5.814448228817805e-07
P13016,0.0,0.0,0.0,0.0,0.0,0.0
P13029,1.8380596683443252e-07,0.0,0.0,0.0,0.0,1.7857254588211754e-07
P13033,0.0,0.0,0.0,0.0,0.0,0.0
P13035,0.0,0.0,0.0,0.0,0.0,0.0
P13482,0.0,0.0,0.0,0.0,0.0,0.0
P14081,0.0,0.0,0.0,0.0,0.0,0.0
P14175,0.0,0.0,0.0,0.0,0.0,0.0
P14176,0.0,0.0,0.0,0.0,0.0,0.0
P14407,0.0,0.0,0.0,0.0,0.0,0.0
P14900,1.6905944907753842e-06,1.6905944907753842e-06,1.5864733486280036e-06,1.0010360202238586e-06,6.748960340110289e-07,1.0010360196553891e-06
P15028,0.0,0.0,0.0,0.0,0.0,0.0
P15029,0.0,0.0,0.0,0.0,0.0,0.0
P15030,0.0,0.0,0.0,0.0,0.0,0.0
P15031,0.0,0.0,0.0,0.0,0.0,0.0
P15042,0.0,0.0,0.0,0.0,0.0,0.0
P15047,0.0,0.0,0.0,0.0,0.0,0.0
P15067,0.0,0.0,0.0,0.0,0.0,0.0
P15254,0.0009071336762486805,0.0009071336762487397,0.0008512684936549483,0.0005371350396572238,0.0003621351286759311,0.0005371350393522211
P15288,0.0,0.0,0.0,0.0,0.0,0.0
P15639,1.2773327340711584e-05,1.2773327340712273e-05,1.1986681734606455e-05,7.5633796115634905e-06,5.099212016788843e-06,7.56337960726869e-06
P15640,2.9230878882935915e-06,2.923087888293782e-06,2.7430715986411698e-06,1.730828619760894e-06,1.1669204178768306e-06,1.7308286187780727e-06
P15723,0.0,0.0,0.0,0.0,0.0,0.0
P15770,1.1727631171767766e-07,1.1727631171767766e-07,1.1005344213570213e-07,6.944173365580572e-08,4.6817446817421177e-08,6.944173361637107e-08
P15877,0.0,0.0,0.0,1.805412138528903e-07,8.522919020711357e-08,1.8054121404555503e-07
P15977,0.0,0.0,0.0,0.0,0.0,0.0
P16095,0.0,0.0,0.0,0.0,0.0,0.0
P16429,0.0,0.0,0.0,0.0,0.0,0.0
P16430,0.0,0.0,0.0,0.0,0.0,0.0
P16431,0.0,0.0,0.0,0.0,0.0,0.0
P16432,0.0,0.0,0.0,0.0,0.0,0.0
P16433,0.0,0.0,0.0,0.0,0.0,0.0
P16456,0.0,0.0,0.0,0.0,0.0,0.0
P16676,0.0,0.0,0.0,0.0,0.0,0.0
P16677,0.0,0.0,0.0,0.0,0.0,0.0
P16679,0.0,0.0,0.0,0.0,0.0,0.0
P16682,0.0,0.0,0.0,0.0,0.0,0.0
P16685,0.0,0.0,0.0,0.0,0.0,0.0
P16686,0.0,0.0,0.0,0.0,0.0,0.0
P16687,0.0,0.0,0.0,0.0,0.0,0.0
P16688,0.0,0.0,0.0,0.0,0.0,0.0
P16689,0.0,0.0,0.0,0.0,0.0,0.0
P16690,2.9045389837466918e-05,2.6290266584336678e-05,2.4501463670410004e-05,1.538047208447395e-05,9.777186727590402e-06,1.5380472074707706e-05
P16691,0.0,0.0,0.0,0.0,0.0,0.0
P16692,0.0,0.0,0.0,0.0,0.0,0.0
P16700,0.0,0.0,0.0,0.0,0.0,0.0
P16701,0.0,0.0,0.0,0.0,0.0,0.0
P16703,0.0,0.0,0.0,6.181375357487342e-07,4.167468132234445e-07,0.0
P17109,0.0,0.0,0.0,0.0,0.0,0.0
P17115,1.5448233411404788e-08,1.5448233411404788e-08,0.0,9.14721902740218e-09,6.1670326732532625e-09,0.0
P17169,5.561564124422889e-07,5.561564124422889e-07,5.219035852906272e-07,3.2931173310393593e-07,2.220211642088997e-07,3.2931173291692594e-07
P17334,0.0,0.0,0.0,0.0,0.0,0.0
P17411,0.0,0.0,0.0,0.0,0.0,0.0
P17443,2.0094102492945786e-07,2.009410249294578e-07,1.8856537297147442e-07,1.1898134354077505e-07,8.021693051466375e-08,1.1898134347320777e-07
P17444,0.0,0.0,0.0,0.0,0.0,0.0
P17445,0.0,0.0,0.0,0.0,0.0,0.0
P17846,6.054337334366517e-07,6.330422913013137e-07,5.940312085046539e-07,3.744919853459163e-07,2.52288940480489e-07,3.7449198513291357e-07
P17854,7.478911933108308e-05,7.478911933108248e-05,7.018410564747181e-05,4.428490264968836e-05,2.9856772944249865e-05,4.428490262453977e-05
P17952,2.8132351144047574e-06,2.8132351144047574e-06,2.63997224454494e-06,1.6657747900184713e-06,1.123061285134988e-06,1.665774789072509e-06
P17993,0.0,0.0,0.0,0.0,0.0,0.0
P18133,0.0,0.0,0.0,0.0,0.0,0.0
P18200,0.0,0.0,0.0,0.0,0.0,0.0
P18335,0.0,0.0,0.0,0.0,0.0,0.0
P18775,0.0,0.0,0.0,0.0,0.0,0.0
P18776,0.0,0.0,0.0,0.0,0.0,0.0
P18777,0.0,0.0,0.0,0.0,0.0,0.0
P18843,5.729706711751293e-08,5.729706711751293e-08,5.376822794142925e-08,3.392678040227131e-08,2.287335228470829e-08,3.3926780383009094e-08
P18956,0.0,0.0,0.0,0.0,0.0,0.0
P19317,0.0,0.0,0.0,0.0,0.0,0.0
P19318,0.0,0.0,0.0,0.0,0.0,0.0
P19319,0.0,0.0,0.0,0.0,0.0,0.0
P19624,1.612561125639452e-08,1.612561125639452e-08,1.5132459397091832e-08,9.548308481932067e-09,6.437446201515048e-09,9.548308476509766e-09
P19636,0.0,0.0,0.0,0.0,0.0,0.0
P19642,8.630344515033084e-06,3.878870350694959e-06,0.0,7.788142546745579e-06,7.788142546745579e-06,0.0
P19925,0.0,0.0,0.0,0.0,0.0,0.0
P19926,0.0,0.0,0.0,0.0,0.0,0.0
P20099,0.0,0.0,0.0,0.0,0.0,0.0
P20966,0.0,0.0,0.0,0.0,0.0,0.0
P21151,0.00013386595252605051,0.0001430950086400914,0.00013427852791571878,8.434350831763128e-05,5.672753290101018e-05,8.434350826949599e-05
P21156,1.0799094607400688e-06,1.0799094607400603e-06,1.013415859956319e-06,6.39447098282322e-07,4.311136681116554e-07,6.394470979191917e-07
P21169,0.0,0.0,0.0,0.0,0.0,0.0
P21170,0.0,0.0,0.0,0.0,0.0,0.0
P21177,3.344323826637459e-07,2.417331692805141e-07,2.275882622843087e-07,1.4313521725820914e-07,9.650141303933264e-08,1.4313521717692534e-07
P21179,0.0,0.0,0.0,1.2552817453535082e-07,8.217037141075957e-08,0.0
P21369,0.0,0.0,0.0,0.0,0.0,0.0
P21437,0.0,0.0,0.0,0.0,0.0,0.0
P21514,0.0,0.0,0.0,0.0,0.0,0.0
P21515,0.0,0.0,0.0,0.0,0.0,0.0
P21517,0.0,0.0,0.0,0.0,0.0,0.0
P21599,1.950334743913246e-07,0.0,0.0,2.8697606612337105e-07,8.825568540442934e-08,2.869760649224932e-07
P21645,1.712735838699491e-07,1.7127358386994913e-07,1.6072510446254543e-07,1.014146371008318e-07,6.837350004120045e-08,1.0141463704324036e-07
P21829,0.0,0.0,0.0,0.0,0.0,0.0
P22106,4.790193106225729e-06,4.790193106225729e-06,4.278967661010443e-06,2.2684990844541092e-06,2.2684990844541092e-06,2.2684990844541092e-06
P22188,2.164058172820248e-06,2.164058172820248e-06,2.030777122954723e-06,1.2813836746027323e-06,8.639057362216295e-07,1.2813836738750586e-06
P22255,2.197700987254031e-06,2.1977009872540138e-06,2.0623812614796346e-06,1.3013253150210523e-06,8.773503413687962e-07,1.3013253142820536e-06
P22256,0.0,0.0,0.0,0.0,0.0,0.0
P22259,0.0,0.0,0.0,0.0,0.0,0.0
P22333,0.0,0.0,0.0,0.0,0.0,0.0
P22525,0.0,0.0,0.0,0.0,0.0,0.0
P22564,0.0,0.0,0.0,0.0,0.0,0.0
P22634,2.313541037996338e-07,2.313541037996338e-07,2.1710535659293188e-07,1.3698955757499444e-07,9.23580243272506e-08,1.3698955749720066e-07
P22939,1.1487389674853403e-07,1.1487389674857445e-07,1.077989882488359e-07,6.801921398434372e-08,4.585838753765853e-08,6.801921394571687e-08
P23200,0.0,0.0,0.0,0.0,0.0,0.0
P23256,0.0,0.0,0.0,2.036712962642368e-07,1.3731468929547568e-07,2.0367129614857565e-07
P23331,0.0,0.0,0.0,0.0,0.0,0.0
P23522,0.0,0.0,0.0,0.0,0.0,0.0
P23524,0.0,0.0,0.0,0.0,0.0,0.0
P23538,0.0,0.0,0.0,0.0,0.0,0.0
P23721,2.985486669419221e-08,2.9854866694192207e-08,2.9296447151710443e-08,1.9218700234195374e-08,1.7469555553970973e-08,1.921870023114657e-08
P23830,4.330756291565386e-08,4.330756291565386e-08,4.0640316015819664e-08,2.5643305158765243e-08,1.7288653555858058e-08,2.564330514420289e-08
P23845,1.0799094607400688e-06,1.0799094607400603e-06,1.013415859956319e-06,6.39447098282322e-07,4.311136681116554e-07,6.394470979191917e-07
P23857,0.0,0.0,0.0,0.0,0.0,0.0
P23871,3.168479809140168e-08,0.0,0.0,0.0,0.0,0.0
P23876,0.0,0.0,0.0,0.0,0.0,0.0
P23877,0.0,0.0,0.0,0.0,0.0,0.0
P23878,0.0,0.0,0.0,0.0,0.0,0.0
P23883,0.0,0.0,0.0,0.0,0.0,0.0
P23893,3.8023315206852545e-07,3.802331520685254e-07,3.568151708248296e-07,2.2514392622282649e-07,1.51791483842387e-07,2.2514392609497147e-07
P23908,7.880352153895353e-09,7.880352153895353e-09,7.3950132560909315e-09,4.666119759138623e-09,3.145886517608946e-09,4.666119756488821e-09
P23917,0.0,0.0,0.0,0.0,0.0,0.0
P23930,0.0,0.0,0.0,0.0,0.0,0.0
P24169,0.0,0.0,0.0,0.0,0.0,0.0
P24173,0.0,0.0,0.0,0.0,0.0,0.0
P24174,0.0,0.0,0.0,0.0,0.0,0.0
P24175,0.0,0.0,0.0,0.0,0.0,0.0
P24182,6.910178335999524e-07,2.617534600884037e-07,2.4565140032157e-07,1.5500159542735715e-07,1.0450169614866778e-07,1.5500159533933467e-07
P24183,0.00037617417295873946,5.489162919226358e-05,5.030573808553792e-05,0.00023053472523420045,0.00013966767825709052,0.0002194032029316584
P24186,3.4053485790511464e-06,3.4053485790511464e-06,3.4053485790511464e-06,2.0886584915727526e-06,1.7496642896882286e-06,2.0886584915727526e-06
P24203,0.0,0.0,0.0,0.0,0.0,0.0
P24205,0.0,0.0,0.0,0.0,0.0,0.0
P24215,0.0,0.0,0.0,0.0,0.0,0.0
P24224,0.0,0.0,0.0,0.0,0.0,0.0
P24228,0.0,0.0,0.0,0.0,0.0,0.0
P24232,0.0,0.0,0.0,0.0,0.0,0.0
P24240,0.0,0.0,0.0,0.0,0.0,0.0
P24241,0.0,0.0,0.0,0.0,0.0,0.0
P25397,0.0,0.0,0.0,0.0,0.0,0.0
P25437,0.0,0.0,0.0,0.0,0.0,0.0
P25516,0.00020993366593335928,0.00038330120398801697,0.0003630812853240388,0.0,0.0,0.0
P25519,0.0,0.0,0.0,0.0,0.0,0.0
P25524,0.0,0.0,0.0,0.0,0.0,0.0
P25526,1.3399187448873779e-06,0.0,0.0,0.0,0.0,0.0
P25534,0.0,0.0,0.0,0.0,0.0,0.0
P25535,3.5835414118069113e-10,3.583541411808482e-10,3.3628365492488864e-10,2.121889106322004e-10,1.4305724404878862e-10,2.121889105117024e-10
P25536,0.0,0.0,0.0,0.0,0.0,0.0
P25539,1.8471233030631199e-09,1.847123303063435e-09,1.733361789553729e-09,1.0937199726193142e-09,7.373833277986713e-10,1.0937199719977771e-09
P25552,0.0,0.0,0.0,0.0,0.0,0.0
P25553,8.894159277417862e-11,8.894159277415838e-11,8.346381541560235e-11,5.266415958932198e-11,3.5506047458118274e-11,5.266415955941464e-11
P25665,3.472567320206336e-05,1.862540324668813e-05,1.6487546343635148e-05,9.799308349783604e-06,3.100053069096502e-06,9.79930833810665e-06
P25718,0.0,0.0,0.0,0.0,0.0,0.0
P25740,0.0,0.0,0.0,0.0,0.0,0.0
P25741,0.0,0.0,0.0,0.0,0.0,0.0
P25742,0.0,0.0,0.0,0.0,0.0,0.0
P25889,0.0,0.0,0.0,0.0,0.0,0.0
P26281,1.29006515534892e-08,1.2900651553486263e-08,1.2106120054935905e-08,7.638743033804009e-09,5.150021851551723e-09,7.638743029466057e-09
P26365,0.0,0.0,0.0,0.0,0.0,0.0
P26458,1.839396972751714e-09,0.0,0.0,1.8163650950035903e-09,1.8163650950035903e-09,1.8163650950035903e-09
P26459,1.839396972751714e-09,0.0,0.0,1.81636509500359e-09,1.81636509500359e-09,1.81636509500359e-09
P26602,1.3280202002387037e-08,1.3280202002392855e-08,1.2462294569247662e-08,7.863482717341364e-09,5.30154079596572e-09,7.863482712875841e-09
P26612,0.0,0.0,0.0,0.0,0.0,0.0
P26616,0.0,0.0,0.0,0.0,0.0,0.0
P26646,0.0,0.0,0.0,0.0,0.0,0.0
P26647,8.908274992630285e-09,8.908274992630285e-09,8.359627891355159e-09,5.2747741663303106e-09,3.556239828776654e-09,5.274774163334867e-09
P27126,0.0,0.0,0.0,0.0,0.0,0.0
P27127,0.0,0.0,0.0,0.0,0.0,0.0
P27128,0.0,0.0,0.0,0.0,0.0,0.0
P27129,0.0,0.0,0.0,0.0,0.0,0.0
P27240,0.0,0.0,0.0,0.0,0.0,0.0
P27241,0.0,0.0,0.0,0.0,0.0,0.0
P27242,0.0,0.0,0.0,0.0,0.0,0.0
P27243,0.0,0.0,0.0,0.0,0.0,0.0
P27247,7.27037226131103e-09,7.27037226131103e-09,6.692453162936987e-09,0.0,0.0,0.0
P27248,3.5000933801201284e-08,3.5000933801200536e-08,2.5345161582276165e-08,1.8134969034297757e-08,0.0,1.8134968981571458e-08
P27250,0.0,0.0,0.0,0.0,0.0,0.0
P27253,0.0,0.0,0.0,0.0,0.0,0.0
P27254,0.0,0.0,0.0,0.0,0.0,0.0
P27278,0.0,0.0,0.0,0.0,0.0,0.0
P27300,8.207006954172356e-07,8.207006954172356e-07,7.701549884282111e-07,4.859538833340347e-07,3.276289183890263e-07,4.859538830580707e-07
P27302,1.355421299172673e-06,1.2964147787889928e-06,8.935609501855451e-07,3.8185750034331753e-07,2.574473918345475e-07,3.818575001264749e-07
P27306,0.0,0.0,0.0,0.0,0.0,0.0
P27550,0.0,0.0,0.0,0.0,0.0,0.0
P27828,0.0,0.0,0.0,0.0,0.0,0.0
P27829,0.0,0.0,0.0,0.0,0.0,0.0
P27830,0.0,0.0,0.0,0.0,0.0,0.0
P27832,0.0,0.0,0.0,0.0,0.0,0.0
P27833,0.0,0.0,0.0,0.0,0.0,0.0
P27835,0.0,0.0,0.0,0.0,0.0,0.0
P27836,0.0,0.0,0.0,0.0,0.0,0.0
P27848,0.0,0.0,0.0,0.0,0.0,0.0
P28248,0.0,0.0,0.0,0.0,0.0,0.0
P28305,1.8897467372012485e-10,1.8897467372008181e-10,1.7733601112413674e-10,1.1189581909563024e-10,7.543988728114086e-11,1.1189581903208594e-10
P28306,0.0,0.0,0.0,0.0,0.0,0.0
P28629,0.0,0.0,0.0,0.0,0.0,0.0
P28635,0.0,0.0,0.0,0.0,0.0,0.0
P28861,0.0,0.0,0.0,0.0,0.0,0.0
P28903,1.7138045228123815e-08,1.7138045228123815e-08,1.6082539101100242e-08,1.014779161010345e-08,6.841616258821191e-09,1.0147791604340712e-08
P28904,0.0,0.0,0.0,0.0,0.0,0.0
P29012,5.95014721871655e-08,0.0,5.326026712629151e-08,6.060367314694195e-09,2.3753364757812235e-08,0.0
P29208,0.0,0.0,0.0,0.0,0.0,0.0
P29680,7.121813101981166e-08,7.121813101981162e-08,6.683191470132383e-08,4.216973072658947e-08,2.8430729212245302e-08,4.216973070264207e-08
P30011,1.6472709615269209e-06,1.6472709615269209e-06,1.545818049622386e-06,9.753832610688786e-07,6.576010065942606e-07,9.753832605150965e-07
P30125,6.610352826078207e-07,6.610352826078207e-07,6.203231254344733e-07,3.9141268479219474e-07,2.6388947379614496e-07,3.914126845699189e-07
P30126,1.1452931333373613e-09,1.1452931333373613e-09,1.0747562720218222e-09,6.781517900604995e-10,4.5720827654829127e-10,6.781517896753898e-10
P30136,5.130920640227018e-10,5.130920640227016e-10,4.814915045601555e-10,3.0381244028670604e-10,2.0482960342112115e-10,3.038124401141767e-10
P30137,1.1383262499725904e-07,1.1383262499725904e-07,1.0682184684021382e-07,6.740265540947561e-08,4.544270525599504e-08,6.740265537119893e-08
P30138,1.8813348589437043e-06,1.8813348589437043e-06,1.7654663077661495e-06,1.1139773435802808e-06,7.510407977051072e-07,1.1139773429476742e-06
P30139,8.683334038774209e-11,8.683334038774208e-11,8.148540708559506e-11,5.141581967691257e-11,3.4664419745469874e-11,5.1415819647714504e-11
P30140,1.8813348589437043e-06,1.8813348589437043e-06,1.7654663077661495e-06,1.1139773435802808e-06,7.510407977051072e-07,1.1139773429476742e-06
P30147,0.0,0.0,0.0,0.0,0.0,0.0
P30235,0.0,0.0,0.0,0.0,0.0,0.0
P30744,0.0,0.0,0.0,0.0,0.0,0.0
P30745,0.0,0.0,0.0,0.0,0.0,0.0
P30748,0.0,0.0,0.0,0.0,0.0,0.0
P30749,0.0,0.0,0.0,0.0,0.0,0.0
P30750,0.0,0.0,0.0,0.0,0.0,0.0
P30859,0.0,0.0,0.0,0.0,0.0,0.0
P30860,0.0,0.0,0.0,0.0,0.0,0.0
P30863,0.0,0.0,0.0,0.0,0.0,0.0
P31057,8.714496675582809e-08,8.71449667555524e-08,8.177784085967892e-08,5.16003401050242e-08,3.478882296638328e-08,5.1600340075720816e-08
P31119,2.0318037002679333e-05,2.0318037002679333e-05,1.9066680021182587e-05,1.2030730616302186e-05,8.111089126824494e-06,1.203073060947016e-05
P31120,1.2108713172938552e-06,1.2108713172938552e-06,1.1362955954172777e-06,7.169819912941544e-07,4.833875031525283e-07,7.169819908869938e-07
P31129,0.0,0.0,0.0,0.0,0.0,0.0
P31133,0.0,0.0,0.0,0.0,0.0,0.0
P31134,0.0,0.0,0.0,0.0,0.0,0.0
P31135,0.0,0.0,0.0,0.0,0.0,0.0
P31142,0.0,0.0,0.0,0.0,0.0,0.0
P31434,0.0,0.0,0.0,0.0,0.0,0.0
P31441,0.0,0.0,0.0,0.0,0.0,0.0
P31459,0.0,0.0,0.0,0.0,0.0,0.0
P31467,0.0,0.0,0.0,0.0,0.0,0.0
P31545,0.0,0.0,0.0,0.0,0.0,0.0
P31547,0.0,0.0,0.0,0.0,0.0,0.0
P31548,0.0,0.0,0.0,0.0,0.0,0.0
P31549,0.0,0.0,0.0,0.0,0.0,0.0
P31550,0.0,0.0,0.0,0.0,0.0,0.0
P31551,0.0,0.0,0.0,0.0,0.0,0.0
P31552,0.0,0.0,0.0,0.0,0.0,0.0
P31554,6.911215999614333e-09,6.9112159996143345e-09,6.485564722839469e-09,4.092274165632886e-09,2.759001223406327e-09,4.0922741633089606e-09
P31572,0.0,0.0,0.0,0.0,0.0,0.0
P31658,0.0,0.0,0.0,0.0,0.0,0.0
P31660,0.0,0.0,0.0,0.0,0.0,0.0
P31663,4.8738394559769574e-08,4.8738394559615374e-08,4.573667100284664e-08,2.885901307993531e-08,1.945667596335581e-08,2.8859013063546527e-08
P31677,0.0,0.0,0.0,0.0,0.0,0.0
P31678,0.0,0.0,0.0,0.0,0.0,0.0
P31806,0.0,0.0,0.0,0.0,0.0,0.0
P31979,0.0,3.0208988347300195e-06,2.8684491197643464e-06,1.4234268795402292e-08,5.808699154084253e-08,5.808699154084253e-08
P32055,0.0,0.0,0.0,0.0,0.0,0.0
P32056,0.0,0.0,0.0,0.0,0.0,0.0
P32099,0.0,0.0,0.0,0.0,0.0,0.0
P32125,0.0,0.0,0.0,0.0,0.0,0.0
P32131,0.0,0.0,0.0,0.0,0.0,0.0
P32138,0.0,0.0,0.0,0.0,0.0,0.0
P32140,0.0,0.0,0.0,0.0,0.0,0.0
P32141,0.0,0.0,0.0,0.0,0.0,0.0
P32143,0.0,0.0,0.0,0.0,0.0,0.0
P32166,0.0,0.0,0.0,0.0,0.0,0.0
P32169,0.0,0.0,0.0,0.0,0.0,0.0
P32170,0.0,0.0,0.0,0.0,0.0,0.0
P32171,0.0,0.0,0.0,0.0,0.0,0.0
P32173,0.0,0.0,0.0,0.0,0.0,0.0
P32176,2.3849571394529515e-08,0.0,0.0,0.0,3.481355702404213e-08,0.0
P32662,0.0,0.0,0.0,0.0,0.0,0.0
P32664,0.0,0.0,0.0,0.0,0.0,0.0
P32669,8.309004519950488e-05,2.7411218204496303e-05,2.5064665752308482e-05,1.8575594042642385e-05,1.8575594042642385e-05,1.8401444164594826e-05
P32674,0.00036528676481101615,6.506946154240286e-05,6.0288849791100026e-05,0.00037475557383631137,0.00027230957883787063,0.0003747555732291317
P32675,0.00036528676481101615,6.506946154240286e-05,6.0288849791100026e-05,0.00037475557383631137,0.00027230957883787063,0.0003747555732291317
P32709,0.0,0.0,0.0,0.0,0.0,0.0
P32718,0.0,0.0,0.0,0.0,0.0,0.0
P32719,0.0,0.0,0.0,0.0,0.0,0.0
P32720,0.0,0.0,0.0,0.0,0.0,0.0
P32721,0.0,0.0,0.0,0.0,0.0,0.0
P33013,0.0,0.0,0.0,0.0,0.0,0.0
P33018,0.0,0.0,0.0,0.0,0.0,0.0
P33022,0.0,0.0,0.0,0.0,0.0,0.0
P33025,0.0,0.0,0.0,0.0,0.0,0.0
P33030,0.0,0.0,0.0,0.0,0.0,0.0
P33195,3.5000933801201284e-08,3.5000933801200536e-08,2.5345161582276165e-08,1.8134969034297757e-08,0.0,1.8134968981571458e-08
P33221,0.0,7.086961435348844e-08,6.650515953291401e-08,4.196355411880353e-08,2.8291725448055006e-08,4.196355409497525e-08
P33225,0.0,0.0,0.0,0.0,0.0,0.0
P33226,0.0,0.0,0.0,0.0,0.0,0.0
P33232,0.0,0.0,0.0,0.0,0.0,0.0
P33359,0.0,0.0,0.0,0.0,0.0,0.0
P33360,0.0,0.0,0.0,0.0,0.0,0.0
P33361,0.0,0.0,0.0,0.0,0.0,0.0
P33362,0.0,0.0,0.0,0.0,0.0,0.0
P33363,0.0,0.0,0.0,0.0,0.0,0.0
P33570,1.0384561410411615e-06,9.794496206574815e-07,1.1910047065464631e-06,0.0,0.0,0.0
P33590,0.0,0.0,0.0,0.0,0.0,0.0
P33591,0.0,0.0,0.0,0.0,0.0,0.0
P33593,0.0,0.0,0.0,0.0,0.0,0.0
P33594,0.0,0.0,0.0,0.0,0.0,0.0
P33599,0.0,3.0208988347300195e-06,2.8684491197643464e-06,1.4234268795402292e-08,5.808699154084253e-08,5.808699154084253e-08
P33602,0.0,3.0208988347300195e-06,2.8684491197643464e-06,1.4234268795402292e-08,5.808699154084253e-08,5.808699154084253e-08
P33607,0.0,3.0208988347300195e-06,2.8684491197643464e-06,1.4234268795402292e-08,0.0,0.0
P33931,0.0,0.0,0.0,0.0,0.0,0.0
P33934,0.0,0.0,0.0,0.0,0.0,0.0
P33937,0.0,0.0,0.0,0.0,0.0,0.0
P33940,0.0,0.0,0.0,0.0,0.0,0.0
P35340,4.293904448542148e-06,0.0,0.0,3.412693545860105e-06,3.412693545860105e-06,3.412693545860105e-06
P36548,0.0,0.0,0.0,0.0,0.0,0.0
P36553,1.3280202002393353e-06,1.3280202002393351e-06,1.2462294569249563e-06,7.863482717341366e-07,5.301540795965722e-07,7.863482712875842e-07
P36561,0.0,0.0,0.0,0.0,0.0,0.0
P36562,0.0,0.0,0.0,0.0,0.0,0.0
P36649,0.0,0.0,0.0,0.0,0.0,0.0
P36655,0.0,0.0,0.0,0.0,0.0,0.0
P36672,0.0,0.0,0.0,0.0,0.0,0.0
P36683,1.3525731408858133e-05,1.3525731408858133e-05,1.3525731408858133e-05,2.4555729567065413e-05,1.655541275463164e-05,2.4555729553120662e-05
P36937,0.0,0.0,0.0,0.0,0.0,0.0
P36938,0.0,0.0,0.0,0.0,0.0,0.0
P37001,0.0,0.0,0.0,0.0,0.0,0.0
P37028,0.0,0.0,0.0,0.0,0.0,0.0
P37051,0.0,0.0,0.0,0.0,0.0,0.0
P37095,0.0,0.0,0.0,0.0,0.0,0.0
P37128,0.0,0.0,0.0,0.0,0.0,0.0
P37146,0.0,0.0,0.0,0.0,0.0,0.0
P37180,0.0,0.0,0.0,0.0,0.0,0.0
P37188,0.0,0.0,0.0,0.0,0.0,0.0
P37306,1.9885549281828094e-07,1.98855492818281e-07,1.8660828560951782e-07,1.1774645677401171e-07,7.938437287986964e-08,1.1774645670714571e-07
P37329,2.4865600327559793e-12,2.4865600327559793e-12,2.333416584080812e-12,1.472343706796371e-12,9.926505224015358e-13,1.4723437059602548e-12
P37330,4.985091867022299e-07,1.4080752735094153e-09,0.0,0.0,0.0,0.0
P37339,0.0,0.0,0.0,0.0,0.0,0.0
P37349,9.990332507101833e-06,3.2957881251612644e-06,3.0419129767946652e-06,2.233436755959824e-06,2.233436755959824e-06,2.233436755959824e-06
P37351,0.0,0.0,0.0,1.1162211294514932e-09,0.0,0.0
P37353,0.0,0.0,0.0,0.0,0.0,0.0
P37355,0.0,0.0,0.0,0.0,0.0,0.0
P37387,0.0,0.0,0.0,0.0,0.0,0.0
P37388,0.0,0.0,0.0,0.0,0.0,0.0
P37595,0.0,0.0,0.0,0.0,0.0,0.0
P37596,0.0,0.0,0.0,0.0,0.0,0.0
P37610,0.0,0.0,0.0,0.0,0.0,0.0
P37617,0.0,0.0,0.0,0.0,0.0,0.0
P37623,0.0,0.0,0.0,0.0,0.0,0.0
P37646,0.0,0.0,0.0,0.0,0.0,0.0
P37647,0.0,0.0,0.0,0.0,0.0,0.0
P37661,0.0,0.0,0.0,0.0,0.0,0.0
P37666,0.0,0.0,0.0,0.0,0.0,0.0
P37672,0.0,0.0,0.0,0.0,0.0,0.0
P37677,0.0,0.0,0.0,0.0,0.0,0.0
P37678,0.0,0.0,0.0,0.0,0.0,0.0
P37679,0.0,0.0,0.0,0.0,0.0,0.0
P37680,0.0,0.0,0.0,0.0,0.0,0.0
P37685,1.0778902101062998e-06,0.0,0.0,0.0,0.0,0.0
P37686,0.0,3.5096944006314464e-09,3.5096944006314464e-09,1.8213171069356398e-09,1.8213171069356398e-09,1.8213171069356398e-09
P37689,0.0,0.0,0.0,0.0,0.0,0.0
P37691,0.0,0.0,0.0,0.0,0.0,0.0
P37692,0.0,0.0,0.0,0.0,0.0,0.0
P37744,0.0,0.0,0.0,0.0,0.0,0.0
P37745,0.0,0.0,0.0,0.0,0.0,0.0
P37747,0.0,0.0,0.0,0.0,0.0,0.0
P37748,0.0,0.0,0.0,0.0,0.0,0.0
P37749,0.0,0.0,0.0,0.0,0.0,0.0
P37750,0.0,0.0,0.0,0.0,0.0,0.0
P37759,0.0,0.0,0.0,0.0,0.0,0.0
P37760,0.0,0.0,0.0,0.0,0.0,0.0
P37766,0.0,0.0,0.0,0.0,0.0,0.0
P37769,0.0,0.0,0.0,0.0,0.0,0.0
P37772,0.0,0.0,0.0,0.0,0.0,0.0
P37773,0.0,0.0,0.0,0.0,0.0,0.0
P37774,0.0,0.0,0.0,0.0,0.0,0.0
P37794,0.0,0.0,0.0,0.0,0.0,0.0
P37902,0.0,0.0,0.0,0.0,0.0,0.0
P37906,0.0,0.0,0.0,0.0,0.0,0.0
P38038,6.054337334366517e-07,6.330422913013137e-07,5.940312085046539e-07,3.744919853459163e-07,2.52288940480489e-07,3.7449198513291357e-07
P38051,0.0,0.0,0.0,0.0,0.0,0.0
P38135,0.0,0.0,0.0,0.0,0.0,0.0
P38489,0.0,0.0,0.0,0.0,0.0,0.0
P39160,0.0,0.0,0.0,0.0,0.0,0.0
P39172,0.0,0.0,0.0,0.0,0.0,0.0
P39176,0.0,0.0,0.0,0.0,0.0,0.0
P39208,0.0,0.0,0.0,7.335507843135527e-05,3.463031726937456e-05,7.33574906367443e-05
P39265,0.0,0.0,0.0,0.0,0.0,0.0
P39280,0.0,0.0,0.0,0.0,0.0,0.0
P39286,0.0,0.0,0.0,0.0,0.0,0.0
P39300,0.0,0.0,0.0,0.0,0.0,0.0
P39301,0.0,0.0,0.0,0.0,0.0,0.0
P39304,0.0,0.0,0.0,0.0,0.0,0.0
P39305,0.0,0.0,0.0,0.0,0.0,0.0
P39306,0.0,0.0,0.0,0.0,0.0,0.0
P39325,0.0,0.0,0.0,0.0,0.0,0.0
P39328,0.0,0.0,0.0,0.0,0.0,0.0
P39346,0.0,0.0,0.0,0.0,0.0,0.0
P39358,0.0,0.0,0.0,0.0,0.0,0.0
P39359,0.0,0.0,0.0,0.0,0.0,0.0
P39400,0.0,0.0,0.0,0.0,0.0,0.0
P39411,0.0,0.0,0.0,0.0,0.0,0.0
P39451,0.0,0.0,0.0,0.0,0.0,0.0
P39452,0.0,0.0,0.0,0.0,0.0,0.0
P39829,0.0,0.0,0.0,0.0,0.0,0.0
P39831,0.0,0.0,0.0,0.0,0.0,0.0
P39832,0.0,0.0,0.0,0.0,0.0,0.0
P40191,0.0,0.0,0.0,0.0,0.0,0.0
P40874,0.0,0.0,0.0,0.0,0.0,0.0
P41052,0.0,0.0,0.0,0.0,0.0,0.0
P41409,0.0,0.0,0.0,0.0,0.0,0.0
P42588,0.0,0.0,0.0,0.0,0.0,0.0
P42604,0.0,0.0,0.0,0.0,0.0,0.0
P42630,0.0,0.0,0.0,0.0,0.0,0.0
P42632,0.0,0.0,0.0,0.0,0.0,0.0
P43337,0.0,0.0,0.0,0.0,0.0,0.0
P43341,6.95333594199189e-08,6.953335941991892e-08,6.525090562058959e-08,4.1172142560683816e-08,2.775815771317428e-08,4.117214253730293e-08
P45395,0.0,0.0,1.449680022282444e-08,0.0,0.0,9.147219022207645e-09
P45425,0.0,0.0,0.0,0.0,0.0,0.0
P45541,0.0,0.0,0.0,0.0,0.0,0.0
P45543,0.0,0.0,0.0,0.0,0.0,0.0
P45563,0.0,0.0,0.0,0.0,0.0,0.0
P45568,6.3646620921624795e-09,6.364662092164564e-09,5.972672238870304e-09,3.768648274659951e-09,2.5408134400415816e-09,3.7686482725198185e-09
P45578,1.1288009153654175e-07,1.12880091536616e-07,1.064029918222944e-07,6.713836546062323e-08,4.526452161953651e-08,6.713836542249662e-08
P45799,0.0,0.0,0.0,0.0,0.0,0.0
P46022,2.009460887121535e-08,2.009460887121535e-08,1.8857012488349932e-08,0.0,0.0,0.0
P46859,0.0,0.0,0.0,2.4121271055247587e-09,0.0,0.0
P46883,0.0,0.0,0.0,0.0,0.0,0.0
P46891,0.0,0.0,0.0,0.0,0.0,0.0
P46923,0.0,0.0,0.0,0.0,0.0,0.0
P50457,1.5828818055409926e-06,1.4240484873939043e-06,1.3363435079977525e-06,8.432086098735536e-07,5.684891803597166e-07,8.432086093947112e-07
P51020,0.0,0.0,0.0,0.0,0.0,0.0
P51025,0.0,0.0,0.0,0.0,0.0,0.0
P51981,0.0,0.0,0.0,0.0,0.0,0.0
P52005,0.0,0.0,0.0,0.0,0.0,0.0
P52006,1.7754895839642786e-09,1.7754895839642786e-09,1.6661398822103406e-09,1.0513041635817419e-09,7.087866931920505e-10,1.051304162984726e-09
P52043,0.0,0.0,0.0,0.0,0.0,0.0
P52045,0.0,0.0,0.0,0.0,0.0,0.0
P52061,0.0,0.0,0.0,0.0,0.0,0.0
P52073,0.0,0.0,0.0,8.53357179527481e-09,0.0,8.532696858274416e-09
P52074,1.4410400833761456e-08,1.4410400833758176e-08,1.352288617438711e-08,8.53357179527481e-09,0.0,8.532696858274416e-09
P52086,0.0,0.0,0.0,0.0,0.0,0.0
P52094,0.0,0.0,0.0,0.0,0.0,0.0
P52095,0.0,0.0,0.0,0.0,0.0,0.0
P52643,0.0,0.0,0.0,0.0,0.0,0.0
P52647,1.1713027972163956e-07,1.171302797216404e-07,1.0991640402808711e-07,6.935526508576362e-08,4.675914991919871e-08,6.935526504637808e-08
P52697,2.7373896037729553e-07,1.5804065535707375e-07,1.4554063185132005e-07,3.8998956214760154e-07,2.722904694047425e-07,3.899895619361224e-07
P54745,0.0,0.0,0.0,0.0,0.0,0.0
P54746,0.0,0.0,0.0,0.0,0.0,0.0
P55734,0.0,0.0,0.0,0.0,0.0,0.0
P56100,0.0,0.0,0.0,4.0811661856384616e-07,4.0811661856384616e-07,4.0811661856384616e-07
P56258,0.0,0.0,0.0,0.0,0.0,0.0
P56579,0.0,0.0,0.0,0.0,0.0,0.0
P56580,0.0,0.0,0.0,0.0,0.0,0.0
P60472,2.227222487574157e-09,2.227222487574157e-09,2.0900512436786947e-09,1.3187845738760298e-09,8.891213309435354e-10,1.3187845731271132e-09
P60546,2.7359839466138075e-07,2.735983946613807e-07,2.567478858626876e-07,1.620032773239728e-07,1.0922221294123623e-07,1.6200327723197413e-07
P60560,0.0,0.0,0.0,0.0,0.0,0.0
P60595,6.950150001187455e-08,6.950150001187455e-08,6.522100838500697e-08,4.115327794518352e-08,2.7745439235589987e-08,4.1153277921813354e-08
P60651,0.0,0.0,0.0,0.0,0.0,0.0
P60664,6.950150001187455e-08,6.950150001187455e-08,6.522100838500697e-08,4.115327794518352e-08,2.7745439235589987e-08,4.1153277921813354e-08
P60716,0.0,0.0,0.0,0.0,0.0,0.0
P60720,0.0,0.0,0.0,0.0,0.0,0.0
P60752,5.6297140033042646e-08,5.6297140033042646e-08,5.282988484449477e-08,3.333470286113088e-08,2.247417505604072e-08,3.333470284220072e-08
P60757,3.552245179204956e-06,3.552245179204956e-06,3.333467803989029e-06,2.10335795866684e-06,1.4180787861083503e-06,2.1033579574723817e-06
P60782,1.09344137492324e-06,1.09344137492324e-06,1.0065241400406122e-06,0.0,0.0,0.0
P60932,0.0,0.0,0.0,0.0,0.0,0.0
P61517,0.0,0.0,1.1349035452596774e-11,7.1610363279492e-12,4.827953160028093e-12,7.161036323882878e-12
P61714,4.699923631544691e-10,4.699923631545493e-10,4.410462486846652e-10,2.7829221455229896e-10,1.8762392971172502e-10,2.782922143941516e-10
P61887,0.0,0.0,0.0,0.0,0.0,0.0
P61889,0.0,3.2443788114774493e-06,3.0791781706039937e-06,3.5761492302837984e-06,2.638110894421905e-06,3.5054980204269903e-06
P61949,1.7578233164248417e-06,1.7578233164254128e-06,1.6454766828318216e-06,8.771729250133438e-07,6.98313399110051e-07,1.107702511754063e-06
P62601,0.0,0.0,0.0,0.0,0.0,0.0
P62615,3.224777218668132e-07,3.224777218669188e-07,3.026168096841811e-07,1.9094573954305887e-07,1.2873515010987847e-07,1.9094573943462502e-07
P62617,8.957666124593715e-08,8.957666124596648e-08,8.405977098660403e-08,5.3040196787509514e-08,3.575957081649241e-08,5.3040196757389154e-08
P62620,1.7450383404851012e-06,1.7450383404856724e-06,1.6375640844804804e-06,1.0332733514922885e-06,6.966303638259535e-07,1.0332733509055142e-06
P62623,2.8792871410788257e-07,2.879287141079768e-07,2.701956227406696e-07,1.7048855633419115e-07,1.1494296727552366e-07,1.704885562373738e-07
P62707,1.4868043116904864e-06,6.572503473180199e-07,6.202329886271729e-07,1.0617526514135132e-06,8.266516548747031e-07,1.061752651429851e-06
P63224,0.0,0.0,0.0,0.0,0.0,0.0
P63228,0.0,0.0,0.0,0.0,0.0,0.0
P63883,4.484391679038692e-09,0.0,0.0,0.0,0.0,0.0
P64461,5.016892957179633e-12,5.016892957182933e-12,4.729021858768639e-12,2.983927353805476e-12,2.0117565164238446e-12,2.98392735211096e-12
P64636,0.0,0.0,0.0,0.0,0.0,0.0
P65870,0.0,0.0,0.0,0.0,0.0,0.0
P66899,0.0,0.0,0.0,0.0,0.0,0.0
P67910,0.0,0.0,0.0,0.0,0.0,0.0
P68066,0.0,0.0,0.0,0.0,0.0,0.0
P68183,0.0,0.0,0.0,0.0,0.0,0.0
P68187,0.0,0.0,0.0,0.0,0.0,0.0
P68688,3.165920025026999e-05,5.805421028991654e-05,7.018410564747181e-05,1.4456177609852108e-07,1.4456177609852108e-07,1.4456177609852108e-07
P68699,0.00019238672914745908,0.00046794246237292765,0.0004435032918167409,4.1585090170580285e-07,4.1585090170580285e-07,4.1585090170580285e-07
P68767,0.0,0.0,0.0,0.0,0.0,0.0
P69054,2.969799208460822e-06,5.585377159142994e-06,5.307707579798111e-06,0.0,0.0,0.0
P69330,0.0,0.0,0.0,0.0,0.0,0.0
P69432,0.0,0.0,0.0,0.0,0.0,0.0
P69441,5.269017252523433e-07,5.54460051303882e-07,1.033678823208848e-06,1.1394900725840188e-07,7.886729509035339e-08,1.1394900719725506e-07
P69451,0.0,0.0,0.0,0.0,0.0,0.0
P69490,0.0,0.0,0.0,0.0,0.0,0.0
P69503,0.0,0.0,0.0,0.0,0.0,0.0
P69739,0.0,0.0,0.0,0.0,0.0,0.0
P69741,0.0,0.0,0.0,0.0,0.0,0.0
P69776,0.0,0.0,0.0,0.0,0.0,0.0
P69783,8.630344515033084e-06,3.878870350694959e-06,3.7604566065185546e-06,7.788142546745579e-06,7.788142546745579e-06,7.788142546745579e-06
P69786,0.0,0.0,3.7604566065185546e-06,0.0,0.0,7.788142546745579e-06
P69791,0.0,0.0,0.0,0.0,0.0,0.0
P69795,0.0,0.0,0.0,0.0,0.0,0.0
P69797,0.0,0.0,0.0,0.0,0.0,0.0
P69801,0.0,0.0,0.0,0.0,0.0,0.0
P69805,0.0,0.0,0.0,0.0,0.0,0.0
P69811,0.0,0.0,0.0,0.0,0.0,0.0
P69820,0.0,0.0,0.0,0.0,0.0,0.0
P69822,0.0,0.0,0.0,0.0,0.0,0.0
P69824,0.0,0.0,0.0,0.0,0.0,0.0
P69826,0.0,0.0,0.0,0.0,0.0,0.0
P69828,0.0,0.0,0.0,0.0,0.0,0.0
P69831,0.0,0.0,0.0,0.0,0.0,0.0
P69874,0.0,0.0,0.0,0.0,0.0,0.0
P69902,0.0,0.0,0.0,0.0,0.0,0.0
P69908,4.9651285597566736e-08,0.0,0.0,0.0,0.0,0.0
P69910,1.3114574946251551e-08,0.0,0.0,0.0,0.0,0.0
P69922,0.0,0.0,0.0,0.0,0.0,0.0
P69924,0.0,0.0,0.0,0.0,0.0,0.0
P71241,0.0,0.0,0.0,0.0,0.0,0.0
P75682,0.0,0.0,0.0,0.0,0.0,0.0
P75691,0.0,0.0,0.0,0.0,0.0,0.0
P75713,0.0,0.0,0.0,0.0,0.0,0.0
P75726,0.0,0.0,0.0,0.0,0.0,0.0
P75728,0.0,0.0,0.0,0.0,0.0,0.0
P75792,0.0,0.0,0.0,0.0,0.0,0.0
P75796,0.0,0.0,0.0,0.0,0.0,0.0
P75797,0.0,0.0,0.0,0.0,0.0,0.0
P75798,0.0,0.0,0.0,0.0,0.0,0.0
P75799,0.0,0.0,0.0,0.0,0.0,0.0
P75804,0.0,0.0,0.0,0.0,0.0,0.0
P75806,3.1257717823813245e-07,3.1257717823813245e-07,2.9332602547208235e-07,0.0,0.0,0.0
P75809,0.0,0.0,0.0,0.0,0.0,0.0
P75820,0.0,0.0,0.0,0.0,0.0,0.0
P75823,0.0,0.0,0.0,0.0,0.0,0.0
P75838,0.0,0.0,0.0,0.0,0.0,0.0
P75851,0.0,0.0,0.0,0.0,0.0,0.0
P75853,0.0,0.0,0.0,0.0,0.0,0.0
P75893,0.0,0.0,0.0,0.0,0.0,0.0
P75894,0.0,0.0,0.0,0.0,0.0,0.0
P75895,0.0,0.0,0.0,0.0,0.0,0.0
P75897,0.0,0.0,0.0,0.0,0.0,0.0
P75898,0.0,0.0,0.0,0.0,0.0,0.0
P75905,0.0,0.0,0.0,0.0,0.0,0.0
P75908,0.0,0.0,0.0,0.0,0.0,0.0
P75913,0.0,0.0,0.0,0.0,0.0,0.0
P75948,0.0,0.0,0.0,0.0,0.0,0.0
P75949,0.0,0.0,0.0,0.0,0.0,0.0
P75954,0.0,0.0,0.0,0.0,0.0,0.0
P75959,0.0,0.0,0.0,0.0,0.0,0.0
P76008,0.0,0.0,0.0,0.0,0.0,0.0
P76014,9.990332507101833e-06,3.2957881251612644e-06,3.0419129767946652e-06,2.233436755959824e-06,2.233436755959824e-06,2.233436755959824e-06
P76015,9.990332507101833e-06,3.2957881251612644e-06,3.0419129767946652e-06,2.233436755959824e-06,2.233436755959824e-06,2.233436755959824e-06
P76038,0.0,0.0,0.0,0.0,0.0,0.0
P76052,0.0,0.0,0.0,0.0,0.0,0.0
P76077,0.0,0.0,0.0,0.0,0.0,0.0
P76078,0.0,0.0,0.0,0.0,0.0,0.0
P76079,0.0,0.0,0.0,0.0,0.0,0.0
P76080,0.0,0.0,0.0,0.0,0.0,0.0
P76081,0.0,0.0,0.0,0.0,0.0,0.0
P76082,0.0,0.0,0.0,0.0,0.0,0.0
P76083,0.0,0.0,0.0,0.0,0.0,0.0
P76084,0.0,0.0,0.0,0.0,0.0,0.0
P76085,0.0,0.0,0.0,0.0,0.0,0.0
P76108,0.0,0.0,0.0,0.0,0.0,0.0
P76112,0.0,0.0,0.0,0.0,0.0,0.0
P76113,0.0,0.0,0.0,0.0,0.0,0.0
P76129,0.0,0.0,0.0,0.0,0.0,0.0
P76142,0.0,0.0,0.0,0.0,0.0,0.0
P76143,8.633269140154376e-09,8.633269140160054e-09,8.137889092888802e-09,5.134860990646594e-09,3.4619107082783585e-09,5.1348609877306025e-09
P76145,0.0,0.0,0.0,0.0,0.0,0.0
P76149,5.4473484580386376e-08,0.0,0.0,0.0,0.0,0.0
P76173,0.0,0.0,0.0,0.0,0.0,0.0
P76190,0.0,0.0,0.0,0.0,0.0,0.0
P76193,0.0,0.0,0.0,0.0,0.0,0.0
P76194,0.0,0.0,0.0,0.0,0.0,0.0
P76215,0.0,0.0,0.0,0.0,0.0,0.0
P76216,0.0,0.0,0.0,0.0,0.0,0.0
P76217,0.0,0.0,0.0,0.0,0.0,0.0
P76234,0.0,0.0,0.0,0.0,0.0,0.0
P76245,0.0,0.0,0.0,0.0,0.0,0.0
P76251,0.0,0.0,0.0,0.0,0.0,0.0
P76270,0.0,0.0,0.0,0.0,0.0,0.0
P76290,0.0,0.0,0.0,0.0,0.0,0.0
P76316,0.0,0.0,0.0,0.0,0.0,0.0
P76372,0.0,0.0,0.0,0.0,0.0,0.0
P76373,0.0,0.0,0.0,0.0,0.0,0.0
P76422,5.2502311453648e-08,5.2502311453647976e-08,4.926877398280003e-08,3.1087706245871164e-08,2.0959255439326176e-08,3.1087706228217046e-08
P76423,0.0,0.0,0.0,0.0,0.0,0.0
P76440,0.0,0.0,0.0,0.0,0.0,0.0
P76445,0.0,0.0,0.0,0.0,0.0,0.0
P76458,0.0,0.0,0.0,0.0,0.0,0.0
P76459,0.0,0.0,0.0,0.0,0.0,0.0
P76461,1.2080185204714616e-08,1.208018520471462e-08,1.1336184980101389e-08,7.152927911972782e-09,4.822486485828617e-09,7.1529279079107705e-09
P76469,0.0,0.0,0.0,0.0,0.0,0.0
P76472,0.0,0.0,0.0,0.0,0.0,0.0
P76473,0.0,0.0,0.0,0.0,0.0,0.0
P76491,0.0,0.0,0.0,0.0,0.0,0.0
P76503,5.6453524566881165e-08,5.6453524566881165e-08,5.6453524566881165e-08,4.1943794561601134e-07,4.1943794561601134e-07,4.1943794561601134e-07
P76514,0.0,0.0,0.0,0.0,0.0,0.0
P76518,0.0,0.0,0.0,0.0,0.0,0.0
P76535,0.0,0.0,0.0,0.0,0.0,0.0
P76536,8.683334038774208e-13,8.683334038774208e-13,8.148540708559505e-13,5.141581967691257e-13,3.4664419745469874e-13,5.14158196477145e-13
P76558,0.0,0.0,0.0,0.0,0.0,0.0
P76577,0.0,0.0,0.0,0.0,0.0,0.0
P76641,0.0,0.0,0.0,0.0,0.0,0.0
P76658,0.0,0.0,0.0,0.0,0.0,0.0
P77044,0.0,0.0,0.0,0.0,0.0,0.0
P77150,0.0,0.0,0.0,0.0,0.0,0.0
P77156,0.0,0.0,0.0,0.0,0.0,0.0
P77161,0.0,0.0,0.0,0.0,0.0,0.0
P77172,0.0,0.0,0.0,0.0,0.0,0.0
P77202,0.0,0.0,0.0,0.0,0.0,0.0
P77215,0.0,0.0,0.0,0.0,0.0,0.0
P77218,2.7883848503662487e-05,0.0,0.0,3.931826640867649e-05,2.8553042510717127e-05,3.55987876895894e-05
P77231,0.0,0.0,0.0,0.0,0.0,0.0
P77243,0.0,0.0,0.0,0.0,0.0,0.0
P77247,7.321800446135466e-07,0.0,0.0,0.0,0.0,0.0
P77252,0.0,0.0,0.0,0.0,0.0,0.0
P77256,0.0,0.0,0.0,0.0,0.0,0.0
P77257,0.0,0.0,0.0,0.0,0.0,0.0
P77272,0.0,0.0,0.0,0.0,0.0,0.0
P77302,0.0,0.0,0.0,0.0,0.0,0.0
P77319,0.0,0.0,0.0,0.0,0.0,0.0
P77334,0.0,0.0,0.0,0.0,0.0,0.0
P77357,0.0,0.0,0.0,0.0,0.0,0.0
P77364,0.0,0.0,0.0,0.0,0.0,0.0
P77366,0.0,0.0,0.0,0.0,0.0,0.0
P77374,0.0,0.0,0.0,0.0,0.0,0.0
P77397,0.0,0.0,0.0,0.0,0.0,0.0
P77398,0.0,0.0,0.0,0.0,0.0,0.0
P77399,5.580454222058729e-08,5.981171088533428e-08,5.185167031964536e-08,3.5415753070373616e-08,2.3877214012103133e-08,3.5415753050261686e-08
P77425,0.0,0.0,0.0,0.0,0.0,0.0
P77432,5.941143001066472e-09,5.9411430010703785e-09,5.600238107114884e-09,3.533649066277545e-09,2.3823775490957603e-09,3.533649064270853e-09
P77433,0.0,0.0,0.0,0.0,0.0,0.0
P77434,1.988764671051212e-07,0.0,0.0,0.0,0.0,0.0
P77444,0.0,0.0,0.0,0.0,0.0,0.0
P77454,0.0,0.0,0.0,0.0,0.0,0.0
P77455,0.0,0.0,0.0,0.0,0.0,0.0
P77467,0.0,0.0,0.0,0.0,0.0,0.0
P77475,0.0,0.0,0.0,0.0,0.0,0.0
P77488,1.1039126457362077e-07,1.1039126457365124e-07,1.0359243456844847e-07,6.536495461168026e-08,4.406889236699882e-08,6.536495457456095e-08
P77495,0.0,0.0,0.0,0.0,0.0,0.0
P77499,0.0,0.0,0.0,0.0,0.0,0.0
P77522,0.0,0.0,0.0,0.0,0.0,0.0
P77526,0.0,0.0,0.0,0.0,0.0,0.0
P77536,0.0,0.0,0.0,0.0,0.0,0.0
P77541,0.0,0.0,0.0,0.0,0.0,0.0
P77555,0.0,0.0,0.0,0.0,0.0,0.0
P77567,0.0,0.0,0.0,0.0,0.0,0.0
P77570,0.0,0.0,0.0,0.0,0.0,0.0
P77580,0.0,2.8331844386761562e-06,1.8615884443566368e-06,6.880394936322467e-06,4.227227531626728e-06,0.0
P77581,8.033251286976923e-08,0.0,0.0,0.0,0.0,0.0
P77596,0.0,0.0,0.0,0.0,0.0,0.0
P77608,0.0,0.0,0.0,0.0,0.0,0.0
P77619,0.0,0.0,0.0,0.0,0.0,0.0
P77625,0.0,0.0,0.0,0.0,0.0,0.0
P77650,0.0,0.0,0.0,0.0,0.0,0.0
P77671,0.0,0.0,0.0,0.0,0.0,0.0
P77672,0.0,0.0,0.0,0.0,0.0,0.0
P77674,0.0,0.0,0.0,0.0,0.0,0.0
P77689,0.0,0.0,0.0,0.0,0.0,0.0
P77690,0.0,0.0,0.0,0.0,0.0,0.0
P77718,1.8813348589437043e-06,1.8813348589437043e-06,1.7654663077661495e-06,1.1139773435802808e-06,7.510407977051072e-07,1.1139773429476742e-06
P77731,0.0,0.0,0.0,0.0,0.0,0.0
P77756,0.0,0.0,0.0,0.0,0.0,0.0
P77757,0.0,0.0,0.0,0.0,0.0,0.0
P77781,0.0,0.0,0.0,0.0,0.0,0.0
P77783,0.0,0.0,0.0,0.0,0.0,0.0
P77788,0.0,0.0,0.0,0.0,0.0,0.0
P77790,0.0,0.0,0.0,0.0,0.0,0.0
P77791,0.0,0.0,0.0,0.0,0.0,0.0
P77795,0.0,0.0,0.0,0.0,0.0,0.0
P78055,0.0,0.0,2.3506141444545652e-07,0.0,0.0,1.7414987804756086e-07
P78061,0.0,0.0,0.0,0.0,0.0,0.0
P80644,0.0,0.0,0.0,0.0,0.0,0.0
P80645,0.0,0.0,0.0,0.0,0.0,0.0
P80668,0.0,0.0,0.0,0.0,0.0,0.0
Q46799,0.0,0.0,0.0,0.0,0.0,0.0
Q46800,0.0,0.0,0.0,0.0,0.0,0.0
Q46801,0.0,0.0,0.0,0.0,0.0,0.0
Q46806,0.0,0.0,0.0,0.0,0.0,0.0
Q46810,0.0,0.0,0.0,0.0,0.0,0.0
Q46822,0.0,0.0,0.0,0.0,0.0,0.0
Q46829,0.0,0.0,0.0,0.0,0.0,0.0
Q46845,0.0,0.0,0.0,0.0,0.0,0.0
Q46851,0.0,0.0,0.0,0.0,0.0,0.0
Q46856,2.0899612027366654e-06,0.0,0.0,0.0,0.0,0.0
Q46857,0.0,0.0,0.0,0.0,0.0,0.0
Q46871,0.0,0.0,0.0,0.0,0.0,0.0
Q46877,0.0,0.0,0.0,0.0,0.0,0.0
Q46890,0.0,0.0,0.0,0.0,0.0,0.0
Q46893,4.470561500459411e-09,4.470561500460875e-09,4.195226420399674e-09,2.6471120762584327e-09,1.7846764809222426e-09,2.6471120747551957e-09
Q46915,0.0,0.0,0.0,0.0,0.0,0.0
Q46920,0.0,0.0,0.0,0.0,0.0,0.0
Q46925,0.0,0.0,0.0,0.0,0.0,0.0
Q46938,0.0,0.0,0.0,0.0,0.0,0.0
Q47140,0.0,0.0,0.0,0.0,0.0,0.0
Q47146,4.8253514582104634e-06,5.187280608544323e-06,4.86780388923189e-06,3.071496307656849e-06,2.0707952907164728e-06,3.071496305912605e-06
Q47537,0.0,0.0,0.0,0.0,0.0,0.0
Q47538,0.0,0.0,0.0,0.0,0.0,0.0
Q47539,0.0,0.0,0.0,0.0,0.0,0.0
Q47690,0.0,0.0,0.0,0.0,0.0,0.0
Q59385,0.0,0.0,0.0,0.0,0.0,0.0
Q6BEX0,0.0,0.0,0.0,0.0,0.0,0.0
Q6BF16,0.0,0.0,0.0,0.0,0.0,0.0
Q6BF17,0.0,0.0,0.0,0.0,0.0,0.0
Q93K97,0.0,0.0,0.0,0.0,0.0,0.0
