,ac_1,ac_2,ac_3,ac_original,ac_original_1,ac_original_2
chbB,0.0,0.0,0.0,778.52347098222,722.842713843346,643.763656524197
yghU,0.0,0.0,0.0,995.133432621134,1040.64573696801,927.386633178478
glpA,0.0,0.0,0.0,15.3096198203812,12.5791009044582,16.8251266013508
rffG,0.0,0.0,0.0,17.116024889242,13.1699483088472,14.6052208502821
acnB,38842.73048318267,38842.73048318267,38842.73048318267,22426.9657144047,25951.6240916731,22843.9674488163
xylH,0.0,0.0,0.0,0.0111089897610052,0.0111421579138956,0.572422367685005
argT,0.0,0.0,0.0,13569.8451919349,11673.5644058553,12700.474809075
gpsA,0.0,0.0,0.0,307.192766653529,299.921323852523,309.202187910514
leuC,0.0,0.0,0.0,3296.20499174576,3551.49086387965,3713.22276234717
ansB,0.0,0.0,0.0,1.07854280644377,1.50472993728864,1.91184320554477
gabT,0.0,0.0,0.0,1061.03183366844,1029.43027542398,1092.71221666346
ahpF,0.0,0.0,0.0,2202.7368665636,2537.55537280277,2071.83807118451
betB,0.0,0.0,0.0,63.4180474864665,82.3754589068985,61.8965511923615
aspA,0.0,0.0,0.0,771.209218046972,781.945803233068,780.314921122045
grxD,0.0,0.0,0.0,3207.51966521993,2827.37172329376,2828.53033366644
alr,0.0,0.0,0.0,13.7582770522222,22.5819500366413,17.006380925989
hyaA,0.0,0.0,0.0,0.412730184821231,0.111512740276059,0.282538608635906
yieF,0.0,0.0,0.0,2732.33904514811,2670.48728211796,2217.01778387777
atpH,43746.892935527554,43746.892935527554,43746.892935527554,6030.95023431126,4601.98887107923,5679.35358636018
hisA,0.0,0.0,0.0,738.404945550014,689.995374906947,593.797542784291
melA,0.0,0.0,0.0,22.7827025460399,25.2946094214207,18.1100495779232
fabH,0.0,0.0,0.0,1366.86768586691,1495.53838301032,1481.28402661438
grxB,0.0,0.0,0.0,1818.44589860928,1970.06815210116,1907.10895484921
lptF,0.0,0.0,0.0,65.136443298111,50.5869338633752,79.8864146327619
cdd,0.0,0.0,0.0,245.368352365985,260.232796353547,190.193650123413
entE,0.0,0.0,0.0,48.7672731852357,44.9277156347038,48.2265706872457
metI,0.0,0.0,0.0,227.867421955008,241.427755460301,204.155391234699
deoD,0.0,0.0,0.0,2312.67623143203,2184.30724777103,2241.74186641983
putA,0.0,0.0,0.0,117.172624448353,126.77407984754,85.3801398980509
gatA,0.0,0.0,0.0,22315.871634214,25646.7264855227,22655.9120539395
ispG,0.0,0.0,0.0,310.010277961964,399.430424918148,356.960590488686
katG,0.0,0.0,0.0,2687.24092315044,2409.88850074456,2683.47596403963
gsiC,0.0,0.0,0.0,45.2720758643293,79.5198276102208,45.7953530429266
bfr,0.0,0.0,0.0,8229.35215866798,8780.70372785829,7234.89859025275
yqhD,0.0,0.0,0.0,452.515183030828,547.120956206492,407.64996309977
murI,0.0,0.0,0.0,63.3032677586959,58.9030858346627,84.9856544415937
mak,0.0,0.0,0.0,218.608520702192,248.113208643433,225.948861710077
ydcT,0.0,0.0,0.0,22.0929874236106,23.0362187674306,21.703838466205
lldD,0.0,0.0,0.0,303.643730679067,284.796051088813,315.224103324676
thiL,0.0,0.0,0.0,77.8098629642393,73.410437810008,127.824617585047
accC,0.0,0.0,0.0,1000.11072365091,1046.02387667576,1065.92245682603
ribB,0.0,0.0,0.0,230.630171622007,213.523101593317,261.234885217441
apaH,0.0,0.0,0.0,50.4838967657727,67.0254917587928,47.01243396968
appC,0.0,0.0,0.0,0.674315189335383,0.208022620671479,0.126030975151347
proW,0.0,0.0,0.0,3.8618650675416,9.39523039556454,14.4774573174545
glmM,0.0,0.0,0.0,635.660385661105,728.622608461879,763.532735882244
zntA,0.0,0.0,0.0,4.44649480093197,4.48316968520133,4.19846809991364
ackA,137.24762470055143,137.24762470055143,137.24762470055143,1556.20731103758,1458.42083188105,1434.77147964952
gltL,0.0,0.0,0.0,51.0725221631357,38.4605534280745,48.7196287345886
ptsI,0.0,0.0,0.0,2595.40844039245,3018.14326299808,2651.26066108391
glmU,0.0,0.0,0.0,305.726972130853,265.640532951479,222.710663009885
clsA,0.0,0.0,0.0,8.34749575973467,12.0080181475556,9.54753395715062
gpmI,0.0,0.0,0.0,459.944352790667,448.306838942952,475.850716113808
wecB,0.0,0.0,0.0,36.6123652432851,36.0960386980075,38.0862350047193
wecC,0.0,0.0,0.0,39.5842371468803,38.6967452469401,47.4179072000598
selB,0.0,0.0,0.0,26.4093393783918,32.2947893333457,28.4999660728795
nudK,0.0,0.0,0.0,1057.5843583731,1036.50675594756,1047.83781207936
panD,0.0,0.0,0.0,267.659954415697,295.223183846243,241.095605511859
cysD,0.0,0.0,0.0,548.383243106471,690.762225770883,588.898928140124
prs,0.0,0.0,0.0,5519.16818526827,4995.35512809249,5543.88447884664
add,0.0,0.0,0.0,136.599424907363,118.009545987462,94.1225128789819
ybbO,0.0,0.0,0.0,15.3665974776391,16.4668908048194,13.8218208970409
ftsI,0.0,0.0,0.0,11.6335404638456,15.8872242552263,14.8612936073681
nanE,0.0,0.0,0.0,28.5260707310274,19.7644815563737,26.5401706019934
ldcA,0.0,0.0,0.0,88.9256810271925,84.1377795695141,74.4966170249681
sdhD,1232.7014102512396,1232.7014102512396,1232.7014102512396,33.2536310223191,41.5574903543684,32.6705892394894
yeiR,0.0,0.0,0.0,21.1237497306715,22.6185227489793,19.6870927140432
narI,0.0,0.0,0.0,0.0174587820031452,0.0170011975580641,0.0174275908643267
sdaB,0.0,0.0,0.0,15.3471297792615,15.0368942261255,17.8465314408365
ahpC,0.0,0.0,0.0,50099.7661960407,58931.9797179628,56566.8219367556
cysJ,0.0,0.0,0.0,1487.0552274096,2031.05299206049,1570.50373678308
sucD,1024.224943766737,1024.224943766737,1024.224943766737,23770.1685785565,25370.0251685277,26781.6481546804
galT,0.0,0.0,0.0,102.038484104244,87.8729191508442,108.867286815225
sdhC,1232.7014102512396,1232.7014102512396,1232.7014102512396,2005.84689881708,2572.88579609542,2050.6233621923
garL,0.0,0.0,0.0,1.87493722778393,13.3013502589486,7.85899016736021
pntA,0.0,0.0,0.0,580.324085286823,636.041361307427,597.67270546479
bglX,0.0,0.0,0.0,116.525179278534,117.206735143978,97.8189798641514
mepA,0.0,0.0,0.0,2.07983100558625,1.18714542106304,1.43399514193627
glpQ,0.0,0.0,0.0,92.7842663939682,74.6329354879181,92.4577900128289
dsbC,0.0,0.0,0.0,345.476541507183,833.476446910361,474.936584091332
lipA,0.0,0.0,0.0,455.428766984592,356.345950199658,501.005390707219
emtA,0.0,0.0,0.0,75.9063247833305,68.1308332179477,62.5326873745295
entA,0.0,0.0,0.0,52.3360905190968,52.2125231219542,40.4022108541391
menC,0.0,0.0,0.0,7.3137601033364,7.18393856386857,5.63279356233802
lsrF,0.0,0.0,0.0,276.487155524741,150.615502266175,265.771075986506
cyoB,1811.143934571026,1811.143934571026,1811.143934571026,800.020720921396,1012.96747076722,848.398031931862
yidA,0.0,0.0,0.0,150.225945271933,167.095107196178,164.952919580052
yihX,0.0,0.0,0.0,212.896597957527,224.108962207189,147.664695375297
pabB,0.0,0.0,0.0,11.759054416577,11.9095048347773,13.819664817705
coaA,0.0,0.0,0.0,145.097850115482,140.976963961231,145.071957379546
fruK,0.0,0.0,0.0,19.2534516576494,27.5568147495537,23.7860020398495
gsk,0.0,0.0,0.0,15.1132052127872,21.111495026552,17.4922749191779
curA,0.0,0.0,0.0,738.758111305283,685.433035043537,659.26044522552
yeiG,0.0,0.0,0.0,161.949320675099,125.113845524438,149.579042289419
pgk,0.0,0.0,0.0,31034.4802880318,29801.6662224316,29467.0240355729
dapE,0.0,0.0,0.0,50.8786002644648,36.824139674529,61.8061267014556
purU,0.0,0.0,0.0,988.048183975377,1153.53400616884,1139.25789385839
tktB,0.0,0.0,0.0,962.343695885416,985.679744234581,846.704137132953
mtnN,0.0,0.0,0.0,1354.16624665763,982.522595595977,1362.38345413143
ylbA,0.0,0.0,0.0,73.1436749406166,46.6849829022749,50.9673704940066
ndh,0.0,0.0,0.0,235.646101102448,246.750591731072,219.592951474544
carB,0.0,0.0,0.0,1313.74485136999,1629.04439262994,1514.39207362724
metL,0.0,0.0,0.0,149.194541620118,221.313782199134,181.623385377252
wecA,0.0,0.0,0.0,3.0006838178663,3.66080458454073,4.00224679790901
sad,0.0,0.0,0.0,6.98176001965732,4.3421378556351,5.0179434033416
pyrB,0.0,0.0,0.0,7200.51063095711,9427.42573638446,7536.01280737385
astD,0.0,0.0,0.0,5.6151495889676,3.29483412160438,8.47577320795796
trxB,0.0,0.0,0.0,2114.50947067129,2384.68146769758,2032.28497145585
guaA,0.0,0.0,0.0,1382.89570692059,1563.43776629418,1392.00483929619
hisD,0.0,0.0,0.0,930.478464614215,1084.27781282349,1065.42791430227
argB,0.0,0.0,0.0,2209.7476199967,2342.94299330291,2368.90719720695
potG,0.0,0.0,0.0,37.5720734511014,47.812860221865,37.5936555357803
metH,0.0,0.0,0.0,167.044105666103,230.986848279839,177.634134068633
nagA,0.0,0.0,0.0,382.614596220764,332.989928267112,380.224906969279
gltX,0.0,0.0,0.0,1368.27372837235,1465.38532867974,1455.07791658758
ribE,0.0,0.0,0.0,5093.0146061189,5732.00873202382,5049.87350376401
folD,0.0,0.0,0.0,1312.14204998838,1226.55391654156,1167.83576291394
ldhA,0.0,0.0,0.0,443.453426077475,364.885141797413,356.358516911731
ilvH,0.0,0.0,0.0,901.812791282253,959.139339390436,806.240090120133
lpxB,0.0,0.0,0.0,24.5093210999308,23.1802329541701,18.9009899561933
purD,0.0,0.0,0.0,801.542539208821,728.073597393501,853.26295688496
maa,0.0,0.0,0.0,69.5705099667098,69.250518198412,48.1045420980135
preT,0.0,0.0,0.0,5.50448535983222,1.26171675874454,1.94600861027492
alsB,0.0,0.0,0.0,28.9523406252379,19.2538246470773,16.0713591810237
ynhG,0.0,0.0,0.0,288.844648921169,297.603463166446,280.6625971791
deoC,0.0,0.0,0.0,855.204989111839,902.448847089477,821.560291492674
ilvD,0.0,0.0,0.0,539.101406038108,494.131794559056,504.136128690357
alaC,0.0,0.0,0.0,76.9525496315574,179.569425111413,94.9523187856204
plsX,0.0,0.0,0.0,57.9969336474412,58.3842755067622,44.9414773748447
aceB,0.0,0.0,0.0,20349.9873006366,19374.9569702773,20578.6138176763
sdhA,1232.7014102512396,1232.7014102512396,1232.7014102512396,6360.05885359698,5533.94662661472,6585.3294042894
bioA,0.0,0.0,0.0,85.5534981557863,124.901723218281,130.194593649204
aldA,0.0,0.0,0.0,17217.3108102023,17059.6426769394,17661.9672988255
asnA,0.0,0.0,0.0,541.966670265862,535.163168450602,441.038202160179
prpD,0.0,0.0,0.0,128.631841035242,119.990564887134,106.794833675731
fucI,0.0,0.0,0.0,8.57383340622385,20.8599922916929,20.3113973332297
ybhA,0.0,0.0,0.0,142.33763165852,144.701863681245,144.679817945482
coaD,0.0,0.0,0.0,29.6041485467874,36.9193954904623,28.4096342729576
pncB,0.0,0.0,0.0,367.605574333693,419.757533321116,353.540043313595
pflB,0.0,0.0,0.0,4769.13236780369,6410.45803456845,5645.29920600877
wbbI,0.0,0.0,0.0,371.798608013845,447.415853926458,379.230466460538
gph,0.0,0.0,0.0,414.310204381348,474.865009521854,361.35282265086
nuoN,274.4952494011039,274.4952494011039,274.4952494011039,20.8565582961006,26.4820182284172,20.8459710486004
waaU,0.0,0.0,0.0,1.27011612785503,1.98442300477127,2.29184085624136
cysC,0.0,0.0,0.0,426.828555139702,505.998547278091,471.864730999479
fsaA,0.0,0.0,0.0,70.2637161666637,66.7513977191248,59.9915793349763
sucC,1024.224943766737,1024.224943766737,1024.224943766737,18664.8466654694,23657.2335197517,19647.3178969448
tyrA,0.0,0.0,0.0,871.757950981215,866.465958214378,811.558919641916
entB,0.0,0.0,0.0,99.1485678993677,102.230043330031,95.9196708732947
pyrI,0.0,0.0,0.0,11389.4072408515,13349.7627468395,12205.0355073366
speA,0.0,0.0,0.0,607.692703805532,695.46018314189,636.799454927909
coaB,0.0,0.0,0.0,220.3830514846,297.46179092307,223.269360101858
proV,0.0,0.0,0.0,2.43566604649234,3.94008275043234,1.87765491824566
mltC,0.0,0.0,0.0,0.91233272244803,0.84234134624225,0.559305725709245
queF,0.0,0.0,0.0,26.4818166335508,28.1987493549961,39.4993089966817
eutC,0.0,0.0,0.0,16.9528271674084,11.9802131018226,15.1473970843664
pyrG,0.0,0.0,0.0,389.763999352412,355.570658707674,409.365237584061
hemA,0.0,0.0,0.0,0.339027780657187,0.446758149614683,0.0045616012510425
pyrE,0.0,0.0,0.0,2.63156542794141,1.51689704245293,1.66644092900766
proX,0.0,0.0,0.0,305.464050371991,260.921255546083,280.825299808014
udp,0.0,0.0,0.0,3593.82306730464,2033.73207393303,3105.04371778594
copA,0.0,0.0,0.0,3567.62254989045,4532.19975161683,3707.23607336942
frdB,0.0,0.0,0.0,144.511128805263,127.833893023519,137.889245662138
moaD,0.0,0.0,0.0,566.830838076382,758.744162680101,582.848338011721
osmF,0.0,0.0,0.0,95.9598859583742,95.0447045058319,113.501077146309
sseA,0.0,0.0,0.0,1264.26050777856,1239.9269534786,1310.89714351073
yigL,0.0,0.0,0.0,502.210630106878,606.225863570515,496.999258656467
maeA,0.0,0.0,0.0,611.748522308527,719.335851137838,567.116892110455
glgA,0.0,0.0,0.0,369.870264948474,540.794662011783,415.992538915111
purT,0.0,0.0,0.0,764.96568203916,732.860444867483,708.152695550221
glgP,0.0,0.0,0.0,148.091949656742,164.025782477352,164.090092626359
glcD,0.0,0.0,0.0,39.1871281401879,48.4382922956316,47.778765039296
folB,0.0,0.0,0.0,89.6834162022556,50.3322886572671,90.8638566324192
btuR,0.0,0.0,0.0,124.782515366893,108.00356482681,126.191362199173
pgl,0.0,0.0,0.0,3235.22427504116,2049.0168923206,2923.5498586827
cysK,0.0,0.0,0.0,66764.0383041133,74464.04764349,66085.7688931788
lpdA,406.8514959331588,406.8514959331588,406.8514959331588,8845.25371436113,9067.01589651394,9369.49290490413
metE,0.0,0.0,0.0,17413.3992981427,19933.8498519826,17369.9928471319
ilvB,0.0,0.0,0.0,1413.78755401124,1381.01530226604,1404.58002986548
rpiB,0.0,0.0,0.0,20.4552956068857,18.0117556100801,20.6655495305843
gmk,0.0,0.0,0.0,194.341772142527,222.509791846806,191.607130484
can,0.0,0.0,0.0,2083.97577111771,2456.77372099601,2123.99572956487
yahK,0.0,0.0,0.0,3029.14962812711,2784.95968667938,2574.42515424595
mraY,0.0,0.0,0.0,11.7006569131653,18.499000963358,18.3964996035134
aroB,0.0,0.0,0.0,212.426942257961,201.211740746144,225.748462691996
ribA,0.0,0.0,0.0,192.332535953622,180.356831269641,217.394633061977
rfbD,0.0,0.0,0.0,599.62859455141,503.517067959763,506.56756212896
moaC,0.0,0.0,0.0,155.72741753153,180.832313126642,143.021782937956
lnt,0.0,0.0,0.0,16.6726869495816,25.6452461765175,18.4538184465267
lysC,0.0,0.0,0.0,1317.61128653299,1550.31224282473,1312.63701749293
amiA,0.0,0.0,0.0,26.5613883237196,17.030829086113,15.5562491938714
cobT,0.0,0.0,0.0,61.9982812680556,42.8800746946448,62.0741510621453
yecS,0.0,0.0,0.0,63.1782417579814,105.335521234622,69.3746659059213
nirD,0.0,0.0,0.0,8.8625165773887,1.7704247758185,4.7698007590381
dapD,0.0,0.0,0.0,5121.71768187156,4330.93246299539,4576.72322442776
solA,0.0,0.0,0.0,341.919345968581,354.454747662358,302.371344741929
yicI,0.0,0.0,0.0,0.483495454986791,1.17112211249352,0.343920934609729
dkgB,0.0,0.0,0.0,83.2314376463685,70.22305366898,75.808932426754
fabB,0.0,0.0,0.0,10980.274623204,10666.128214579,10932.1805927727
manX,0.0,0.0,0.0,1954.38475493934,1914.0830033848,1986.23171837534
cydA,0.0,0.0,0.0,354.546948233462,534.804423959603,427.899153079728
ugpC,0.0,0.0,0.0,30.4775402626026,26.4134026585264,19.2703653408959
pntB,0.0,0.0,0.0,731.880217449551,955.942210853474,835.178925771143
pdxB,0.0,0.0,0.0,380.907213332906,381.019647691837,382.6345939845
pepN,0.0,0.0,0.0,1235.84177497232,1163.5168240794,1215.08301644225
fumA,0.0,0.0,0.0,4703.67476601643,4783.20886229884,4832.39504283961
purL,0.0,0.0,0.0,1437.66037576712,1458.46780912044,1430.14073114655
thyA,0.0,0.0,0.0,226.568857495683,161.862999499684,205.572168275844
queC,0.0,0.0,0.0,171.671814835563,192.923307613312,198.451075724807
glgC,0.0,0.0,0.0,279.086196607145,325.538752880317,287.60793203803
ispE,0.0,0.0,0.0,142.753673588755,169.840339594164,158.06288002311
thiB,0.0,0.0,0.0,19.041584009958,17.4992665759319,19.2989771539954
tehB,0.0,0.0,0.0,173.341086027577,166.269623151581,187.069543722455
pldA,0.0,0.0,0.0,14.8080006573355,15.842030062703,12.9953794378718
ispD,0.0,0.0,0.0,46.615176604212,41.583137828326,69.7951914781275
mqo,0.0,0.0,0.0,46.7302699913999,59.9370009938651,43.2886259738007
suhB,0.0,0.0,0.0,729.512169361875,739.448643458027,674.647337160853
folX,0.0,0.0,0.0,604.172300209887,671.898975860645,640.018770881206
fbaB,0.0,0.0,0.0,3464.21565186049,4589.64862108836,4225.96776097546
purB,0.0,0.0,0.0,680.341730116564,817.860159519689,713.573394168213
dacC,0.0,0.0,0.0,962.659542745303,1090.87172273571,1027.89149473514
glk,0.0,0.0,0.0,599.798079110726,557.827366980032,716.939631910536
argC,0.0,0.0,0.0,833.152607509951,876.863339295429,790.609724578915
cmk,5.226149393270765e-06,5.226149393270765e-06,5.226149393270765e-06,502.595204542059,555.990529706397,534.723677651614
mepS,0.0,0.0,0.0,1530.04176104773,1284.2337943635,1609.10531975899
paaK,0.0,0.0,0.0,0.00642218212802364,0.00659138876588302,0.0524966875511758
cyaA,0.0,0.0,0.0,2.45857968745043,2.89595111690434,2.69292513190268
atpF,43746.892935527554,43746.892935527554,43746.892935527554,5649.5375062493,5494.77330040186,5232.84468312936
fadB,0.0,0.0,0.0,611.30909357898,610.354250258122,660.146061525417
serB,0.0,0.0,0.0,59.1954958464973,45.4446551401573,43.7587787647071
galE,0.0,0.0,0.0,580.94829118715,526.137639306048,484.6106701038
murG,0.0,0.0,0.0,75.24547964574,74.0242981656186,69.8820964296059
menB,0.0,0.0,0.0,466.529710537629,489.11612165091,501.784846250332
nudF,0.0,0.0,0.0,106.472415474956,159.763518860375,100.747391393012
thrC,0.0,0.0,0.0,5601.07941939774,5765.56311131804,5222.22099523448
modA,0.0,0.0,0.0,604.863423733552,542.960534025303,661.648892009365
guaC,0.0,0.0,0.0,640.726446285195,650.053494459838,650.296469377482
lptD,0.0,0.0,0.0,302.062417870246,295.124398348026,290.192068583162
accA,0.0,0.0,0.0,1989.99355493443,1873.28318798718,1943.70781858593
ygiN,0.0,0.0,0.0,525.173427057799,604.164014513723,572.191552617022
uxaB,0.0,0.0,0.0,2.27850445085478,4.63464757683901,2.46035999920261
potD,0.0,0.0,0.0,1821.46884944234,1614.12118593569,1689.61007098852
dsdA,0.0,0.0,0.0,28.6371669905641,26.4091810147118,28.47971107797
gloB,0.0,0.0,0.0,358.659494113809,392.411315049608,327.377558849771
gppA,0.0,0.0,0.0,20.7566723386193,28.7542526645588,19.8745485629496
fabA,0.0,0.0,0.0,1007.13163022821,855.910720410291,1060.01310141022
uxuB,0.0,0.0,0.0,31.0439775168937,22.9995434148582,32.3368912463342
mtlA,0.0,0.0,0.0,769.776029147762,875.91740951844,812.323734223063
plsB,0.0,0.0,0.0,136.721994596136,202.762746891477,162.341478424171
fabI,0.0,0.0,0.0,2893.52965514482,3022.36619444129,2618.52378687639
proC,0.0,0.0,0.0,460.951889862531,477.143695889654,467.438656515578
lpxC,0.0,0.0,0.0,79.6309375792391,91.2161558887807,89.9819053552465
purM,0.0,0.0,0.0,1192.50042154131,1121.33893721105,1201.39882909779
pykF,0.0,0.0,0.0,4455.11404901644,4947.28551365734,4396.75623198837
lsrB,0.0,0.0,0.0,224.285788876885,99.933022156533,163.003958714806
murD,0.0,0.0,0.0,68.7312927328464,76.4789780169972,67.6941715968548
sodC,0.0,0.0,0.0,235.881809998629,272.163960539383,268.109615670717
artJ,0.0,0.0,0.0,2992.79614643498,3399.1052470566,3129.83351199692
fadD,0.0,0.0,0.0,243.169205118299,217.137609413674,227.686624048128
pdxJ,0.0,0.0,0.0,638.10161394445,543.342362550967,710.865617333246
potF,0.0,0.0,0.0,2647.98217191765,2294.7834001803,2599.87004498009
srlE,0.0,0.0,0.0,1.76521492540518,1.12961192459443,0.0655961552954948
aroC,0.0,0.0,0.0,522.106173779872,517.710470108047,457.673208314183
arnB,0.0,0.0,0.0,13.4087777648286,14.6117001174377,12.5831317007285
eutB,0.0,0.0,0.0,27.834102457796,22.9009313695575,27.7900881794544
murF,0.0,0.0,0.0,508.975727309705,446.108477652075,516.862969848076
gutQ,0.0,0.0,0.0,56.9190965071469,54.9108840738834,57.0466829656475
nuoF,274.4952494011039,274.4952494011039,274.4952494011039,539.484254423909,416.307840886743,510.03609612997
ilvN,0.0,0.0,0.0,1846.49619825235,957.650582852257,1986.51848746882
puuC,0.0,0.0,0.0,27.9292376256955,16.5513177957389,28.544585488623
nuoG,274.4952494011039,274.4952494011039,274.4952494011039,832.555881471402,953.497540801599,870.554918958047
deoA,0.0,0.0,0.0,97.1713881520867,81.7546010844476,94.9887770982706
erfK,0.0,0.0,0.0,106.99004642933,125.540498737526,109.475479281036
lsrA,0.0,0.0,0.0,0.0921373312447571,0.121265258773531,0.616995224039604
malF,0.0,0.0,0.0,1.55979084374497,1.29887727143336,0.351617465102592
pstB,0.0,0.0,0.0,41.0074444843229,42.2227983452449,50.9070622756516
cysI,0.0,0.0,0.0,1542.53434641719,2060.629483102,1574.66694964959
sthA,0.0,0.0,0.0,1315.08373664072,1289.56353015274,1356.36384738883
glmS,0.0,0.0,0.0,1661.1787272448,1704.25127028282,1552.47946448198
fabF,0.0,0.0,0.0,1446.86138081291,1235.78738631377,1176.45709197445
bglA,0.0,0.0,0.0,273.865206492389,297.580659954619,276.213425133247
rmlA,0.0,0.0,0.0,405.323686792645,395.465058691986,441.440951803533
mazG,0.0,0.0,0.0,4.79756084848786,4.89123492743206,2.93567705573983
nadB,0.0,0.0,0.0,33.2161858027761,9.4896523204239,9.65480872923954
ppsA,0.0,0.0,0.0,2294.22109909224,2645.73235855398,2608.57057345223
ubiI,0.0,0.0,0.0,11.2166099370106,19.9339974548932,12.579528233095
psd,0.0,0.0,0.0,871.52193535724,904.502328358361,1078.80998572941
aroK,0.0,0.0,0.0,887.499518084319,944.554205885489,859.06274822355
pepA,0.0,0.0,0.0,710.036702480532,701.824455373214,811.196836723099
nrdF,0.0,0.0,0.0,45.87576773737,36.9347861665906,37.8566381398314
amn,0.0,0.0,0.0,313.584821040004,439.624772723542,393.107022429498
pdxH,0.0,0.0,0.0,230.312191868734,262.044152853061,237.573106473764
nfnB,0.0,0.0,0.0,745.748831635207,713.099293655886,702.058451313915
hchA,0.0,0.0,0.0,1284.82028447475,1216.91558887487,1064.72518489754
iaaA,0.0,0.0,0.0,86.3133535096443,79.6755957340298,78.3796316856824
otsA,0.0,0.0,0.0,197.116897877041,255.567444669089,249.789086873304
yjjG,0.0,0.0,0.0,10.5808845796677,8.95063654936297,1.96628158666999
paaE,0.0,0.0,0.0,0.00653821447898035,0.00662834960060611,0.00645968021030616
pyrC,0.0,0.0,0.0,2328.02258418127,2604.24037009414,2402.87663522575
gshA,0.0,0.0,0.0,321.553113016925,334.662800451067,337.825527483091
nrfA,0.0,0.0,0.0,0.0845630755502481,0.148221461519262,0.120541134192674
murE,0.0,0.0,0.0,548.525858781077,509.126542568696,495.058285099379
speC,0.0,0.0,0.0,34.1064652551837,38.618559676809,31.8662946531718
bioD,0.0,0.0,0.0,315.011607389591,425.928822381246,271.078930073168
purH,0.0,0.0,0.0,1137.76719912095,1083.11502691266,1198.40131404091
rfaL,0.0,0.0,0.0,2.06044203800865,9.60324743769642,0.741923909404379
cysA,0.0,0.0,0.0,449.793527980582,770.978531655581,564.403480376287
malZ,0.0,0.0,0.0,0.522897749198375,0.391774341504475,0.397367806819384
ybiV,0.0,0.0,0.0,54.8599980190662,66.7961482766696,66.3397873766512
ddlA,0.0,0.0,0.0,96.7246879100872,84.8525933503999,96.8600143807509
gmhB,0.0,0.0,0.0,297.707754292448,273.169886602386,235.7384259233
asd,0.0,0.0,0.0,8322.5576953621,8909.59688568318,7497.59734286247
pheA,0.0,0.0,0.0,952.640310192282,1074.56772730212,1092.19898410962
nadK,0.0,0.0,0.0,8.38693353188152,14.0749567428989,8.80934473614496
aas,0.0003212510996923032,0.0003212510996923032,0.0003212510996923032,4.20065657683128,7.08723478421664,6.08752141611193
glnP,0.0,0.0,0.0,33.9872255328565,37.7310178396469,38.7382676040339
udk,0.0,0.0,0.0,115.450120558535,136.677694758296,151.841512727113
aroE,0.0,0.0,0.0,132.570815938242,96.2465242949034,125.117812365973
ilvI,0.0,0.0,0.0,307.404096575815,305.174385014091,313.22142451159
nrdE,0.0,0.0,0.0,7.4243340797934,9.99994348076832,8.1446791872568
uidA,0.0,0.0,0.0,0.471365785229719,0.665866925961981,0.615848686496101
hldE,0.0,0.0,0.0,412.883780602303,437.481589750658,423.976809508529
poxB,0.0,0.0,0.0,420.424657737684,458.669873073627,434.902674225361
asnB,0.0,0.0,0.0,971.974594635345,1249.62515390394,904.505256215758
pstS,0.0,0.0,0.0,233.102835603276,229.763043262266,223.850374950772
lpxK,0.0,0.0,0.0,4.86605452837899,4.0598221412064,4.17785066660528
mglA,0.0,0.0,0.0,114.531079014304,127.759338513724,113.891927987765
manZ,0.0,0.0,0.0,229.193874483654,284.73539796179,242.069826021579
csdA,0.0,0.0,0.0,2.33263932473713,4.44734175482972,1.03852465963601
hemC,0.0,0.0,0.0,135.276946066183,133.935987844662,150.997605699421
ushA,0.0,0.0,0.0,317.561938993602,295.512519371384,299.888756030854
kdsD,0.0,0.0,0.0,64.6084177402667,68.9080541562359,63.0680732201931
fumC,0.0,0.0,0.0,1021.69779357933,957.663755406483,911.419184584839
anmK,0.0,0.0,0.0,51.1892011724139,59.0182999096813,60.663755638004
glpC,0.0,0.0,0.0,0.0341359214812183,0.00517377530442054,0.00516939309718708
rfaY,0.0,0.0,0.0,2.53330558838269,2.71318372146743,3.01562341095369
potA,0.0,0.0,0.0,137.570909423642,132.865789423878,135.494594082152
ugpQ,-0.00017262247888030397,-0.00017262247888030397,-0.00017262247888030397,195.50522566565,199.91060157879,250.738814600753
prpB,0.0,0.0,0.0,25.3420470174951,16.6891694460382,25.2922509648743
tpiA,0.0,0.0,0.0,7824.27832661052,7014.25682161005,7717.21713161963
ispH,0.0,0.0,0.0,110.338416166037,122.560921574145,118.937035829233
pssA,0.0,0.0,0.0,282.390660697571,381.846934219061,282.502670443341
ppa,0.0,0.0,0.0,5568.33934926967,5953.76697298998,5607.98203664185
amyA,0.0,0.0,0.0,113.331685162876,127.308752605847,102.716778732455
yeiU,0.0,0.0,0.0,1.25964560289731,1.18603737101763,2.01665521811507
lptG,0.0,0.0,0.0,37.4965783687845,53.7911168567585,42.6253690442176
agp,0.0,0.0,0.0,1436.51200943888,1380.43586817445,1365.24435613111
hdhA,0.0,0.0,0.0,363.110646277671,395.510770336111,337.505396149808
yceG,0.0,0.0,0.0,6.81855794866844,8.02621900250679,4.45183052271422
nanA,0.0,0.0,0.0,97.7568065611217,70.2120149339835,92.9322079381533
rpiA,0.0,0.0,0.0,2367.11568743392,2458.95634168911,2094.65209970303
mltB,0.0,0.0,0.0,10.5481973628126,16.670444697051,14.4535876174012
malK,0.0,0.0,0.0,112.501035710191,93.928206792929,82.0521547855417
purN,0.0,0.0,0.0,236.476744758208,254.26050131489,233.652686160314
glnH,0.0,0.0,0.0,8251.57731246519,6363.19179303558,6784.17765951598
dgt,0.0,0.0,0.0,3.19103262554884,4.97502690977437,2.19761452172504
leuA,0.0,0.0,0.0,3538.41800835747,4559.29120715535,4243.12745155041
codA,0.0,0.0,0.0,1329.23054300902,1421.57892952078,1437.83786806723
cysE,0.0,0.0,0.0,385.439756912566,432.1733344274,393.750681381134
aroD,0.0,0.0,0.0,429.325736576136,475.901467770421,393.93366067701
pbpG,0.0,0.0,0.0,0.00685438617871112,0.00689674216381503,0.00678331709207785
mgtA,0.0,0.0,0.0,16.9432495785753,15.330896572651,17.7324947124646
murB,0.0,0.0,0.0,17.7112081230122,16.3478184942615,29.1974012734817
argI,0.0,0.0,0.0,336.058105205297,336.480453000258,283.200351133412
purC,0.0,0.0,0.0,4917.72929705005,5131.48476971076,4839.69183175779
mgsA,0.0,0.0,0.0,1070.95794447608,1187.20594684254,1210.60563779313
tdk,0.0,0.0,0.0,40.9828951425114,42.3585025112365,32.9522506669027
dosC,0.0,0.0,0.0,13.9120156804316,24.4765786289006,16.9708873404869
hyaB,0.0,0.0,0.0,0.595425798959534,2.10696425600429,0.683702964608137
eda,0.0,0.0,0.0,2726.36267763404,2323.05352173721,2352.45833216547
gatD,0.0,0.0,0.0,1213.96123562401,1004.1504272432,1085.24810100458
gadB,0.0,0.0,0.0,21.9923293273623,36.9015360517313,23.8953333871703
kbl,0.0,0.0,0.0,147.786929795091,145.679824036896,100.629284095041
garD,0.0,0.0,0.0,10.8193574135626,10.2009295247694,9.64344483013582
murC,0.0,0.0,0.0,321.440450642341,332.019889373046,304.450924831364
ilvE,0.0,0.0,0.0,1263.41943298886,1254.63462036273,1216.56222465501
ghrB,0.0,0.0,0.0,852.10839870564,866.438991130299,842.291853082994
paaJ,0.0,0.0,0.0,9.77207409205707,13.611545664316,13.072031681551
fucO,0.0,0.0,0.0,200.582320050492,211.071413034278,232.210463565021
glpX,0.0,0.0,0.0,60.6387497564039,72.6132057864744,67.4624347732172
rffA,0.0,0.0,0.0,40.1058483778048,54.92550415062,33.8381172746681
glpD,0.0,0.0,0.0,107.273645512366,109.170732377479,97.9744078546884
dxs,0.0,0.0,0.0,187.633486855397,229.576874587402,210.340746695
cfa,0.0,0.0,0.0,38.532375938707,39.7820798875342,43.28640700782
aphA,0.0,0.0,0.0,104.141562263082,87.0021608891324,88.3315082750532
nadR,0.0,0.0,0.0,7.62187261080348,11.6149792891092,8.7810556599559
yghA,0.0,0.0,0.0,186.55989352173,196.492361003394,149.523572063297
accD,0.0,0.0,0.0,827.239129716368,857.595841642497,912.772335377881
gudD,0.0,0.0,0.0,0.736303586468742,0.648975567878563,1.23186502341198
panB,0.0,0.0,0.0,2649.88696453738,2953.80822187146,2310.6700547612
nuoA,274.4952494011039,274.4952494011039,274.4952494011039,363.263503503031,426.663366692838,473.682282732227
trpC,0.0,0.0,0.0,333.774122258337,360.987912391124,330.976677114013
glcB,0.0,0.0,0.0,2467.32676789638,2032.81103029687,2376.65777327777
kdsC,0.0,0.0,0.0,189.943138747776,129.801050246898,177.452915409053
wrbA,0.0,0.0,0.0,8248.65936254217,9270.9056385008,8103.98297971643
manY,0.0,0.0,0.0,44.5068896944227,63.9554173649758,48.2200252902286
mhpE,0.0,0.0,0.0,10.0728879709326,7.16171390883348,10.8554314365152
grcA,0.0,0.0,0.0,1268.87229895171,1407.03840687174,1235.44881040826
rbsD,0.0,0.0,0.0,616.564449135948,378.967765491143,576.960661040363
nudL,0.0,0.0,0.0,10.5570957363022,15.0007171366448,9.52802102035789
glpB,0.0,0.0,0.0,7.04737533937544,6.30737131730676,4.39008756767922
msrC,0.0,0.0,0.0,893.649896795581,571.920892137896,1102.63768225188
acpP,0.0,0.0,0.0,16119.5444773354,15267.1488115406,13896.6312108548
lptC,0.0,0.0,0.0,57.0773678326412,64.2800939888888,37.4125672079293
ubiF,0.0,0.0,0.0,21.9151986949167,26.3003452852431,24.0548863668973
amiC,0.0,0.0,0.0,0.0674167913021936,0.0704840181223485,0.0296596251475558
talB,0.0,0.0,0.0,7029.06167371684,6722.06607926789,6684.23855639227
paaB,0.0,0.0,0.0,0.0197969247316926,0.0198502500586424,0.0196463831614768
hinT,0.0,0.0,0.0,2055.69474919903,1979.4804229775,2129.16344635331
mglB,0.0,0.0,0.0,20058.500006932,16018.2949282913,19550.9821016388
maeB,0.0,0.0,0.0,1311.82437244587,1503.52348063044,1583.1089033297
fre,0.0,0.0,0.0,629.2644609644,594.928289709014,713.059428746035
cueO,0.0,0.0,0.0,707.310071339531,649.382005407641,596.611401430587
yecC,0.0,0.0,0.0,235.532318572902,249.918833298478,218.915132536135
gloA,0.0,0.0,0.0,1204.55545795786,1466.38890826873,1183.64519055756
tyrB,0.0,0.0,0.0,1477.31806407798,1617.63232483535,1565.96804174589
cyoC,1811.143934571026,1811.143934571026,1811.143934571026,14.63896672481,46.3976165076165,36.76487452178
hisG,0.0,0.0,0.0,1005.49058626038,1017.18241193402,993.345522900407
cdsA,-6.3862626846588e-05,-6.3862626846588e-05,-6.3862626846588e-05,29.3337662176987,32.9837054182593,26.0506061553489
sdaA,0.0,0.0,0.0,3.42872771978653,4.47461067796572,1.94409411700224
galK,0.0,0.0,0.0,520.158963004356,542.5547135482,514.246785308707
purE,0.0,0.0,0.0,2559.48208160745,2639.23975136064,2335.16891100368
argD,0.0,0.0,0.0,1466.97730614406,1548.93363106372,1680.99992848095
tauA,0.0,0.0,0.0,3.02588370008973,3.10956143892667,3.32520984762228
folM,0.0,0.0,0.0,30.3444431219042,26.6688069360057,30.762842754361
nuoM,274.4952494011039,274.4952494011039,274.4952494011039,5.19254337981773,6.89620153591401,5.66649440527861
atpA,43746.892935527554,43746.892935527554,43746.892935527554,11747.6650962909,10097.7973507825,11045.3068493939
mpl,0.0,0.0,0.0,218.726921660498,212.551359748458,205.371992307113
iscU,0.0,0.0,0.0,7500.2194012824,6250.02572671533,6814.82383185794
cpdB,0.0,0.0,0.0,262.445445769176,266.207891489728,250.238165613186
ykgE,0.0,0.0,0.0,0.00950003905933136,0.228123323268834,0.0093258213299376
atpB,43746.892935527554,43746.892935527554,43746.892935527554,703.15543381915,959.740355523596,770.223374119726
aspC,0.0,0.0,0.0,7759.63429781224,9307.69350750577,7852.71449955801
trxA,0.0,0.0,0.0,11138.5042575636,10590.7040327262,11318.8076897103
aceA,0.0,0.0,0.0,243588.854332706,220544.906403881,242737.131201871
purF,0.0,0.0,0.0,243.665786952297,292.962196765786,280.107944006351
frmA,0.0,0.0,0.0,530.05100932802,609.193877431284,534.646850557647
ugpB,0.0,0.0,0.0,182.139921280494,163.396196714113,162.616688946917
lpp,0.0,0.0,0.0,41895.342285851,36368.1201200669,42613.2527937171
xylA,0.0,0.0,0.0,219.132068144126,259.773260994732,204.214819527082
lsrK,0.0,0.0,0.0,13.8716438244124,5.09313909344665,15.2367732495725
trpG,0.0,0.0,0.0,523.324440936317,556.456420571026,523.492780601468
purA,0.0,0.0,0.0,6329.65139796121,4636.87962076519,5985.79613440879
cyoA,1811.143934571026,1811.143934571026,1811.143934571026,1849.86409905675,2345.88951494887,2103.39029244901
aceF,0.0,0.0,0.0,3566.50393318615,3809.72848704463,3521.31409695518
treA,0.0,0.0,0.0,145.55470451368,136.482018059163,146.718628404056
mrcA,0.0,0.0,0.0,23.8294199920274,54.1668133819729,24.3001140862356
rdgB,0.0,0.0,0.0,320.737137509578,312.214965906759,354.547378418991
frdA,0.0,0.0,0.0,105.319808653413,75.6871153268242,120.964878784926
glsA,0.0,0.0,0.0,328.039936214138,373.516806235087,353.390113235835
aroA,0.0,0.0,0.0,597.498247731304,644.475905538239,637.319999869038
hisP,0.0,0.0,0.0,59.9100149109593,57.3630479632251,79.6490857619748
eno,0.0,0.0,0.0,19246.600926492,19266.2739366849,19195.1483167998
rbsB,0.0,0.0,0.0,13629.5299953075,11271.6587600378,14054.4821622016
ilvC,0.0,0.0,0.0,14394.2617059615,15604.0027918009,16209.7986831261
gcvT,0.0,0.0,0.0,297.790379332199,244.804574350437,251.488911189309
nagK,0.0,0.0,0.0,6.09958330510997,5.18387015483978,4.2366927633002
hemN,0.0,0.0,0.0,54.5145683551043,76.3641310977186,49.7353163610914
ldcC,0.0,0.0,0.0,8.32451652699779,13.2641320169524,9.67418414550361
entF,0.0,0.0,0.0,33.0851703850923,15.0920117574225,33.4380313634548
fbp,0.0,0.0,0.0,1649.81111362564,1858.94838652941,1887.39737357411
ubiE,0.0,0.0,0.0,537.614676856602,572.533895496158,571.546341238999
gltA,2541.589741066315,2541.589741066315,2541.589741066315,32478.8020585401,34423.0254948625,34014.0344264548
cpdA,0.0,0.0,0.0,185.553369768427,170.675108383885,156.841413074592
ilvA,0.0,0.0,0.0,53.7133620879787,63.3493043157585,62.4436231505312
hisI,0.0,0.0,0.0,401.16335185714,435.877141678653,489.229816605215
ligA,0.0,0.0,0.0,225.41194087499,209.023990569227,215.200095802822
apt,0.0,0.0,0.0,1094.54588077138,914.879410249988,973.235205895774
hemH,0.0,0.0,0.0,7.61194409465092,7.99048175128384,3.47795116376194
artP,0.0,0.0,0.0,399.509299753454,522.823471047035,347.99705990938
gatC,0.0,0.0,0.0,2219.14680897097,2723.73644621416,2413.52941775258
ppc,0.0,0.0,0.0,1128.04419860133,1691.55434190552,1349.00205038076
mmuM,0.0,0.0,0.0,78.404361812581,86.973695976745,87.7666665786446
pykA,0.0,0.0,0.0,1421.25945193578,1430.49049525274,1312.60650915588
ytfQ,0.0,0.0,0.0,623.838367651353,490.894367053905,529.343044578077
luxS,0.0,0.0,0.0,4890.53961824662,5305.37176032268,5431.30635948306
metN,0.0,0.0,0.0,551.004303301291,573.243826331058,512.99499233484
pyrH,0.0,0.0,0.0,441.155350860996,440.028868836169,523.492653784655
yfeX,0.0,0.0,0.0,460.74183284544,415.160187926826,426.205180922557
leuB,0.0,0.0,0.0,7570.79532961178,7245.27369910899,6893.21320480752
nikA,0.0,0.0,0.0,0.443816260815975,0.742158423137957,1.0664719780346
gatY,0.0,0.0,0.0,38994.8713133994,42918.6025029902,32498.154179044
tnaA,0.0,0.0,0.0,2419.55448192092,2096.55554341571,2409.34302008695
sodA,0.0,0.0,0.0,24614.4010026797,29926.427575953,24120.3948533394
sufC,0.0,0.0,0.0,386.978236599895,410.294902077354,394.333892155201
idi,0.0,0.0,0.0,37.7488845000954,13.7116949183629,34.1386556753121
entC,0.0,0.0,0.0,79.0877219033819,72.7712806314614,56.330096554087
fadA,0.0,0.0,0.0,857.476125634607,698.709994149442,833.972903913258
adk,1.7527820932461636e-06,1.7527820932461636e-06,1.7527820932461636e-06,4032.45970081598,4254.63527057783,3957.92272893157
eptB,0.0,0.0,0.0,3.99259588254474,2.73305007529923,3.25727981903209
metC,0.0,0.0,0.0,867.074370295367,760.279097085205,688.442278718546
dgoA,0.0,0.0,0.0,0.0157748990255587,0.015675937683446,0.0155192143803977
pckA,0.0,0.0,0.0,7735.01148739068,6937.44271494478,7096.86588963833
gnd,0.0,0.0,0.0,5501.2113906393,5685.26511867064,5397.32891240634
dcd,0.0,0.0,0.0,564.806424639897,506.970658144474,756.287992338247
pgi,0.0,0.0,0.0,2918.38429659408,3157.58266177256,2828.14109377544
aroH,0.0,0.0,0.0,99.5151781154009,122.575881195522,93.5999717158
pepD,0.0,0.0,0.0,2836.58552646305,2668.79939849247,3000.19365072549
nadE,0.0,0.0,0.0,2352.65087904471,2460.53742158338,2284.77984760782
rbsA,0.0,0.0,0.0,32.0251479019163,40.8078730295185,36.8983147540392
pepB,0.0,0.0,0.0,2612.84349153431,2719.79392415935,2672.7330086298
aldB,0.0,0.0,0.0,1697.98740192869,2186.6973762072,1711.07067793083
panC,0.0,0.0,0.0,1091.64503850332,956.313536739078,1133.47962740209
pdxY,0.0,0.0,0.0,54.7811480500263,50.4635323149892,52.5293834752715
gadA,0.0,0.0,0.0,24.6825867298825,35.3274235878974,23.4564819060375
rbsC,0.0,0.0,0.0,16.6293332762509,21.5040213394301,25.7706714253161
dmsA,0.0,0.0,0.0,0.869247995956053,0.614723142483948,1.30407999525038
lysA,0.0,0.0,0.0,401.151406319189,282.638978998017,369.321810995677
spoT,0.0,0.0,0.0,10.3681963364308,20.6407557199603,16.0053263644809
psuG,0.0,0.0,0.0,44.361284680253,13.0912573329134,26.7048252470894
astC,0.0,0.0,0.0,106.263797217104,73.5652318655894,78.6127094788795
glcE,0.0,0.0,0.0,19.966532005497,33.9734052294255,22.6358564799797
yfcG,0.0,0.0,0.0,37.0442708838278,33.8371715217146,31.8823997586112
trpA,0.0,0.0,0.0,2503.1635785047,2318.4663540429,2382.68706099457
gshB,0.0,0.0,0.0,1115.93396897595,1297.16095167722,1052.0511954677
gltB,0.0,0.0,0.0,1089.21988791382,1694.34532519883,1362.61099752561
ispF,0.0,0.0,0.0,1169.21181761647,1201.41439029341,984.291010323606
thrA,0.0,0.0,0.0,1783.14388761277,2514.97274238486,2108.48742055679
gdhA,0.0,0.0,0.0,3402.6579198058,4142.99521362736,3649.93637574956
hisF,0.0,0.0,0.0,263.941848585433,278.726413296632,290.525831324156
aroG,0.0,0.0,0.0,2753.64832802978,2293.16576667929,2819.71000226756
uxuA,0.0,0.0,0.0,347.467680135674,337.535344926368,374.3285394107
ppx,0.0,0.0,0.0,29.0453242477149,36.3826779999889,29.3350063654964
pyrD,0.0,0.0,0.0,527.808510141921,677.775402275531,614.572270474884
nnr,0.0,0.0,0.0,70.6565785467283,66.9729027438921,73.0611882684609
folA,0.0,0.0,0.0,189.99598344966,176.960130007317,160.447595943809
glnQ,0.0,0.0,0.0,742.325056562962,830.351873728829,634.799568390938
nanK,0.0,0.0,0.0,15.8664203801248,9.28240337618887,6.94997764208102
acnA,39589.77733073467,39589.77733073467,39589.77733073467,1600.99782258822,1574.6221910213,1623.63493524816
cysG,0.0,0.0,0.0,28.3755459462983,26.9324380335977,31.1663019525066
atpD,43746.892935527554,43746.892935527554,43746.892935527554,15921.9549424724,16016.190068999,16447.3293371108
fliY,0.0,0.0,0.0,9114.73658876313,10779.4760449073,8671.95739071712
amiB,0.0,0.0,0.0,5.86879523317342,14.5768700256208,4.82216010660448
narH,0.0,0.0,0.0,0.101246685749427,0.0044510563057737,0.00439729147022482
yqjH,0.0,0.0,0.0,346.343143488996,545.005866811048,413.823732336092
prr,0.0,0.0,0.0,556.374460755053,513.621777615456,509.406284124205
galU,0.0,0.0,0.0,1073.60260535401,911.146789796325,1119.66161933668
carA,0.0,0.0,0.0,2961.28261449679,3151.55574308153,2883.95434895619
ahr,0.0,0.0,0.0,2.00985425727462,1.19893332530522,2.56509221352657
gmhA,0.0,0.0,0.0,3555.59361411996,3239.79693235023,3257.50587477704
speD,0.0,0.0,0.0,450.81650098137,478.292420489277,420.451419198897
ygaP,0.0,0.0,0.0,332.006301546585,359.457700738862,330.794669330843
hypB,0.0,0.0,0.0,23.3359107793445,32.388077278095,19.7652664766858
nrdD,0.0,0.0,0.0,31.5134261323612,28.1776400551769,33.1985435760831
ykgG,0.0,0.0,0.0,0.714566242668995,1.92015695820582,2.1832998325589
lipB,0.0,0.0,0.0,11.9780983255615,1.49742405536185,12.3410994313662
malE,0.0,0.0,0.0,3736.6258402895,2664.22376662804,3656.40139122665
ybjI,0.0,0.0,0.0,30.1418942995516,25.5584111679762,28.8963432075826
msrA,0.0,0.0,0.0,533.460971074217,558.992068501251,532.946229859364
hemD,0.0,0.0,0.0,15.1366188354449,11.4555524561,13.3740806684347
mdh,643.3348080218188,643.3348080218188,643.3348080218188,122313.267637144,103151.556585048,119780.547026939
msbB,0.0,0.0,0.0,42.2693640233873,49.5721961649439,50.5778222036325
yagE,0.0,0.0,0.0,106.872073738468,74.6655310343972,96.8610914610559
potC,0.0,0.0,0.0,25.2402374032505,27.3889794831518,28.3966972775409
lhgO,0.0,0.0,0.0,13.0809695920997,14.8415968048767,7.08871352008984
gpr,0.0,0.0,0.0,829.935964737881,947.13861296477,795.529028465375
acuI,0.0,0.0,0.0,1050.80022596138,1011.87680591483,982.532988294754
bioB,0.0,0.0,0.0,87.6386647966537,96.7561450333991,93.2762244606757
grxA,0.0,0.0,0.0,106.963848337568,143.574258884161,138.711878500509
nagE,0.0,0.0,0.0,375.044275521634,387.239967846227,397.527978804704
fdoH,0.0,0.0,0.0,15.5559688519342,20.0166242455053,6.57199528061922
hisJ,0.0,0.0,0.0,4338.92196485159,4228.20468625442,4134.3953759827
wzzB,0.0,0.0,0.0,857.430502200016,780.516398727809,841.993120631161
ydiI,0.0,0.0,0.0,244.638890055693,231.914403620723,222.031010492058
serC,0.0,0.0,0.0,7926.84212346248,8322.18920476926,8002.2023229622
mltA,0.0,0.0,0.0,12.8735944477682,17.4507109724754,8.92583775510265
upp,0.0,0.0,0.0,11467.0207937727,11397.0412394925,12047.0041026063
serA,0.0,0.0,0.0,4662.4396043507,4858.48244195877,4627.71823116509
acpS,0.0,0.0,0.0,46.1298222473092,40.4301192865447,39.5414889658956
mnaT,0.0,0.0,0.0,39.587948948922,59.6472159489536,49.3479830009089
lptE,0.0,0.0,0.0,174.500680879312,169.600851296535,140.169651783317
nudC,0.0,0.0,0.0,70.4678231921998,81.3644139732891,76.7656902422121
kdgK,0.0,0.0,0.0,535.1238381384,569.470509410289,547.784299035691
xylG,0.0,0.0,0.0,2.31089694871994,0.982841317962243,2.08089230205915
folP,0.0,0.0,0.0,146.663347423793,145.320871838413,154.638392257726
purK,0.0,0.0,0.0,90.434838038079,91.3669743287878,91.2931329405414
ubiC,0.0,0.0,0.0,119.865693997237,142.08061489654,117.046854193381
murA,0.0,0.0,0.0,363.330875957903,303.224089222721,353.695550345764
fdoG,0.0,0.0,0.0,12.1255674452301,38.0035437298292,14.6628374035885
modC,0.0,0.0,0.0,6.44077855898119,11.0648255246207,5.47500631030447
acs,0.0,0.0,0.0,6590.12810591759,5900.62447940032,6707.1115837614
dapB,0.0,0.0,0.0,1577.49207965228,1623.81860269622,1619.42106234503
lysU,0.0,0.0,0.0,242.051105980699,296.933070011252,267.464203721238
gcvH,0.0,0.0,0.0,319.841230003706,309.188070756055,344.25302402921
proB,0.0,0.0,0.0,434.924309756987,564.745482555947,419.500936516577
ribD,0.0,0.0,0.0,114.068190249174,105.703780150317,101.036015266782
bioF,0.0,0.0,0.0,98.0428918115458,93.2047476935065,175.411400249907
mrdA,0.0,0.0,0.0,3.37544955905572,7.16599766349065,6.65208982185339
dadX,0.0,0.0,0.0,141.526374344143,163.915968310675,117.23887729701
mobA,0.0,0.0,0.0,14.2899930069762,13.9643238484344,10.1003099198031
sucA,406.8514959331588,406.8514959331588,406.8514959331588,3442.48699436796,4836.42676412737,4194.84772071916
ppk,0.0,0.0,0.0,42.3381444305987,76.2255918793967,62.3552102942445
dhaK,0.0,0.0,0.0,657.350220430403,645.30988579486,588.154552331436
ubiG,0.0,0.0,0.0,859.290735805923,1029.84785980737,974.677123757989
argE,0.0,0.0,0.0,800.43242216802,919.11346570907,728.687106764979
malP,0.0,0.0,0.0,139.241125185717,158.289914397494,156.556082308809
hemE,0.0,0.0,0.0,7.02198878911854,1.98921330024311,4.27639243583808
nadA,0.0,0.0,0.0,221.002709364665,271.467211441693,178.755537179925
nagB,0.0,0.0,0.0,657.080379936568,703.964784060903,733.985077947072
adhE,0.0,0.0,0.0,3929.25249204018,4906.63157755498,4510.32457317426
folE,0.0,0.0,0.0,2920.18481421417,2743.70923598464,3108.286250298
uxaC,0.0,0.0,0.0,167.406204480303,174.48636844289,145.561482898381
mobB,0.0,0.0,0.0,6.81542350798748,7.02448693921523,3.38995640497945
fepB,0.0,0.0,0.0,52.6995330528631,96.7623237801202,70.0381758266922
trpE,0.0,0.0,0.0,466.358369705048,443.964779686566,546.248194847884
pgm,0.0,0.0,0.0,1408.18140634902,1258.14304849219,1344.39323834065
ynfF,0.0,0.0,0.0,0.00330188148579778,0.0395889341210495,0.00328934095686829
nudE,0.0,0.0,0.0,312.119496787012,322.742555044426,323.501930384175
pta,496.0598580758522,496.0598580758522,496.0598580758522,773.45471664887,1054.44556091365,877.200103663428
rfbB,0.0,0.0,0.0,548.975574764344,525.114962015794,677.822092788917
nrdA,0.0,0.0,0.0,305.528664047108,347.625306845247,399.317012890058
sbp,0.0,0.0,0.0,1078.07218059374,1689.6935065971,1105.50830232073
ghrA,0.0,0.0,0.0,742.270256849784,727.137819433853,693.089747764951
sucB,406.8514959331588,406.8514959331588,406.8514959331588,10291.9764767045,12450.9335840999,9990.86371520088
arnA,0.0,0.0,0.0,2.59327954102543,4.34009750086531,3.46040480911986
metF,0.0,0.0,0.0,2184.92549688795,2229.33953289902,2472.87952020256
trpB,0.0,0.0,0.0,2139.1918782784,2498.89750039384,2212.93404771608
cmoA,0.0,0.0,0.0,223.728967390837,268.61048569182,260.336660157633
dgoD,0.0,0.0,0.0,3.94362876024213,6.66252737943328,3.81356395608528
atpG,43746.892935527554,43746.892935527554,43746.892935527554,1654.84616323553,1599.06612974203,1639.57014929642
atpE,43746.892935527554,43746.892935527554,43746.892935527554,144.738441995368,176.519038447182,137.167048383045
srlB,0.0,0.0,0.0,5.2363972901433,2.87045180650179,3.16796458630009
ade,0.0,0.0,0.0,6.62018456484148,5.96513560121689,7.70589871559933
rbsK,0.0,0.0,0.0,122.690391611143,97.3738702163928,136.570176168717
ydeH,0.0,0.0,0.0,1.12773562761665,0.993957658744977,0.98714683541082
yhdE,0.0,0.0,0.0,78.0241529810002,85.7703761709172,64.5553731140897
otsB,0.0,0.0,0.0,108.787666483462,131.94831666764,98.1993014924714
ydaM,0.0,0.0,0.0,12.151339995002,13.3969613152806,11.7124406383148
queD,0.0,0.0,0.0,76.2740321744483,80.2900715856449,66.701651076045
nudJ,0.0,0.0,0.0,10.6820365565029,47.6578727254207,10.8296488576458
cysH,0.0,0.0,0.0,607.74695408491,794.340631808656,706.878705935619
dhaL,0.0,0.0,0.0,72.9404528540556,50.5590941846985,41.4461043785266
guaB,0.0,0.0,0.0,3777.57136939727,4372.63379602745,4041.30815001769
menF,0.0,0.0,0.0,3.08910966481971,3.13988977987831,2.52432146459847
hisC,0.0,0.0,0.0,652.520176009246,578.26407590063,703.328418533976
gsiA,0.0,0.0,0.0,5.0829737966214,12.6148992840533,9.19400028962474
argH,0.0,0.0,0.0,1108.11920100428,1236.38706849347,1218.71471957086
ydbK,1888.6648673626282,1888.6648673626282,1888.6648673626282,37.467937939749,55.0917395364219,47.1535558636594
dld,0.0,0.0,0.0,727.868748897568,671.599455354681,659.169278836118
ptsG,0.0,0.0,0.0,520.826638104013,611.078199261813,559.206500594776
xylF,0.0,0.0,0.0,192.416989263595,148.08113739099,189.611493117144
glpK,-1.1625536923368635e-07,-1.1625536923368635e-07,-1.1625536923368635e-07,527.089384853642,541.500531016244,515.233219914553
glgX,0.0,0.0,0.0,110.75979128074,122.497093160499,101.953100074273
ispA,0.0,0.0,0.0,7.45024035529496,11.0365488787222,5.87053504564349
speE,0.0,0.0,0.0,314.4919703606,346.295738205201,253.236197584653
btuE,0.0,0.0,0.0,1156.67163729994,1236.64404532666,1221.01021467771
dacB,0.0,0.0,0.0,3.9508605584718,3.74966461336907,1.95866871274702
ybiS,0.0,0.0,0.0,1610.44982946135,1665.36164640197,1501.23260228242
ycaO,0.0,0.0,0.0,106.047550338995,91.0409755123163,82.6544779970267
hisQ,0.0,0.0,0.0,34.9235649504119,53.8820028115974,40.9989894701278
sufB,0.0,0.0,0.0,215.128360505182,253.762078485639,213.937191306366
gatB,0.0,0.0,0.0,40628.5289555567,23340.1777362874,38599.5069944005
leuD,0.0,0.0,0.0,6630.60890806721,8999.05683416925,6651.42060460519
ddlB,0.0,0.0,0.0,445.313407414127,508.389326429988,498.412261438108
feaB,0.0,0.0,0.0,22.6257574404158,25.5618360787582,19.8914551274237
znuA,0.0,0.0,0.0,91.5882901119281,109.514217905509,95.3790132182472
yniC,0.0,0.0,0.0,370.316970473462,335.992007393927,362.123300984275
fdoI,0.0,0.0,0.0,0.0128154173558094,0.0127866526746858,0.0593544422575885
glpE,0.0,0.0,0.0,4.52644415141605,4.85842649668559,4.01413047779532
hemG,0.0,0.0,0.0,66.1974249496653,81.9755779650926,77.1334432656381
slt,0.0,0.0,0.0,70.3375602559304,82.3201000285086,72.3160033227859
gcvP,0.0,0.0,0.0,205.006581082783,211.15475746782,253.006863368719
cysW,0.0,0.0,0.0,24.4773940817635,41.7583925460092,26.5814267221845
argA,0.0,0.0,0.0,135.22708648827,199.622918135024,157.347363918196
pncC,0.0,0.0,0.0,95.4296440327965,55.6954585047179,89.2480788538116
gss,0.0,0.0,0.0,62.2070056588106,78.7888309542953,67.630961356576
thiI,0.0,0.0,0.0,75.392084124206,111.826315206526,83.0912707238367
pspE,0.0,0.0,0.0,373.196002050302,290.78549733591,351.676859662448
fldA,2284.562640669975,2284.562640669975,2284.562640669975,5554.65094276903,5798.35230909608,5276.54063670882
bisC,0.0,0.0,0.0,11.7521750013599,14.0745926651078,10.4842336437945
artI,0.0,0.0,0.0,2466.86105197604,1956.35610889871,2216.21094178903
alaA,0.0,0.0,0.0,79.4554520890716,46.6223748306808,59.5446043489967
tdh,0.0,0.0,0.0,656.381848463837,451.89954514039,628.157575253724
treC,0.0,0.0,0.0,3.96610827175255,4.8580480866397,5.79123815396069
ribC,0.0,0.0,0.0,640.620399231984,623.503880153083,578.951994776918
sufE,0.0,0.0,0.0,9.10109421520447,16.4382885449812,9.667122312046
cysM,0.0,0.0,0.0,903.716728927125,857.994061925009,844.733473132611
nuoL,274.4952494011039,274.4952494011039,274.4952494011039,2.31716739740905,3.33664544034871,4.39190958357139
nrdB,0.0,0.0,0.0,376.564821645105,335.504792043039,400.990030920042
tam,0.0,0.0,0.0,220.420886145472,146.432194222618,183.467977238391
rihA,0.0,0.0,0.0,245.382015074539,210.981640155776,216.802626027581
speG,0.0,0.0,0.0,54.8713780768529,58.0892898301935,61.3101498935813
rfbC,0.0,0.0,0.0,182.816506460618,163.218341916955,213.669042685328
ltaE,0.0,0.0,0.0,449.226735243298,424.844304755791,450.763750114853
hldD,0.0,0.0,0.0,2200.17654555477,2285.73560136244,2526.66603083419
rihC,0.0,0.0,0.0,259.596768063684,204.929576413934,211.435319162171
gntK,0.0,0.0,0.0,3.7455082685317,3.6082704061881,3.29829571668032
cydB,0.0,0.0,0.0,44.8548173589208,64.0890674574799,52.4299452259975
adhP,0.0,0.0,0.0,72.5732311764081,69.7689550281239,62.8959454591932
plsC,-3.605436057255272e-07,-3.605436057255272e-07,-3.605436057255272e-07,14.313946240795,24.5377052238499,27.8512219020235
dcyD,0.0,0.0,0.0,637.843831925784,711.051025586964,593.645666586287
glnA,0.0,0.0,0.0,4416.22453100118,5789.14058536706,4983.2472603801
dapA,0.0,0.0,0.0,2618.53545407141,2150.21694793749,2275.46583743789
fadJ,0.0,0.0,0.0,104.848056322499,96.6772686443303,87.918659922977
pyrF,0.0,0.0,0.0,554.028505130494,627.972085119151,585.743716803931
dkgA,0.0,0.0,0.0,336.784517222143,310.977153751621,321.223872705094
ydcS,0.0,0.0,0.0,312.74741466863,241.515945270735,290.749803510435
yccX,367.52028137923406,367.52028137923406,367.52028137923406,245.115758247947,93.2842943671909,271.378104236313
gltI,0.0,0.0,0.0,4576.96202775315,4121.71579192554,4756.20649560521
talA,0.0,0.0,0.0,1326.71814154303,1527.04071725937,1288.06049238633
hpt,0.0,0.0,0.0,567.826176443511,460.217935576049,532.087659334606
pfkA,0.0,0.0,0.0,887.986239540575,785.290986239128,833.560549631009
argG,0.0,0.0,0.0,2319.07082450048,2663.91442812317,2392.8382904337
narG,0.0,0.0,0.0,0.67486908686101,0.951740840497381,1.05659587150487
gapA,0.0,0.0,0.0,20252.1738363618,21308.5926604649,18262.5209318029
metA,0.0,0.0,0.0,492.228282287107,490.076830983472,494.360336026654
dsbG,0.0,0.0,0.0,69.1925672018768,55.2655820807062,63.4216980109552
ubiD,0.0,0.0,0.0,212.448555918847,314.397101157577,283.256693365128
pflA,0.0,0.0,0.0,137.017324731016,114.921610564127,132.35752131692
dut,0.0,0.0,0.0,1134.58939680001,1103.88964354249,894.759436517925
accB,0.0,0.0,0.0,1380.21190468228,1476.50721743157,1282.10293616464
prpC,0.0,0.0,0.0,144.698111822327,158.849063281309,156.274403455211
yigB,0.0,0.0,0.0,153.948133092787,156.837281929742,164.908921895353
nadD,0.0,0.0,0.0,20.7855626050881,25.323497412468,24.6022255765167
gpt,0.0,0.0,0.0,2649.89348967837,2523.88932243891,2532.38813031365
ansA,0.0,0.0,0.0,327.248221920136,279.950679084282,240.108291323892
nuoK,274.4952494011039,274.4952494011039,274.4952494011039,72.0303959553657,108.109795040707,89.6610765557655
yliI,0.0,0.0,0.0,1.45591219231863,1.62911419593655,0.00591368757847323
trxC,0.0,0.0,0.0,123.018008698221,131.870108734572,140.72118533552
hemL,0.0,0.0,0.0,1537.57194973344,1482.57586004272,1707.23282892115
pdxK,0.0,0.0,0.0,148.14941696792,39.9787245121562,147.67428106789
surE,0.0,0.0,0.0,148.544101163431,132.604504657474,133.283343447961
atpC,43746.892935527554,43746.892935527554,43746.892935527554,7870.42442992722,7138.00401058055,7044.74676568608
metQ,0.0,0.0,0.0,12300.0486651737,11417.7095584514,12334.1521085799
pfkB,0.0,0.0,0.0,903.296489202526,804.704279936462,802.384084729469
ndk,-2.1578066204675484e-06,-2.1578066204675484e-06,-2.1578066204675484e-06,18401.8392310792,15699.2565197553,17235.4684507951
gatZ,0.0,0.0,0.0,11765.921933875,13918.268815566,11246.9315571295
iscS,0.0,0.0,0.0,9373.82929758599,9479.32468544104,10438.7261473482
kdsA,0.0,0.0,0.0,2799.30870724046,2682.93369251449,2214.33177023501
dacA,0.0,0.0,0.0,613.568909409169,626.428083056771,577.480286803768
cysQ,0.0,0.0,0.0,802.715747723065,882.967176744009,822.550518658008
yfbT,0.0,0.0,0.0,774.815180746919,834.485208010309,790.802805436671
metK,0.0,0.0,0.0,3545.73956935118,3533.49657398554,3713.07509813114
argF,0.0,0.0,0.0,39.6989409330388,85.1331763418303,32.1462571374608
plsY,-5.7117686745164535e-05,-5.7117686745164535e-05,-5.7117686745164535e-05,0.87291148470457,0.0215390498529953,5.15905600817078
lptB,0.0,0.0,0.0,872.398626596576,962.207414893565,916.9819057941
tmk,0.0,0.0,0.0,94.4169360223873,91.4008054142937,86.401312287357
fabD,0.0,0.0,0.0,2086.70542039421,2024.2879922761,1828.09500475975
pncA,0.0,0.0,0.0,50.7448289259414,31.4351397857059,65.2174104939796
msrB,0.0,0.0,0.0,1652.99280240645,1288.07430736073,1547.00368842886
ribF,0.0,0.0,0.0,81.6296726625304,99.6873963856452,119.209870356928
yfbR,0.0,0.0,0.0,46.2453657899191,30.5528139972123,29.7498190648548
garR,0.0,0.0,0.0,34.8339493255789,24.0835101625972,24.6723483488975
wzzE,0.0,0.0,0.0,92.3968512536082,111.523084084683,121.414876048473
sufS,0.0,0.0,0.0,385.100133183106,517.709521341197,413.052879885976
ycfS,0.0,0.0,0.0,12.4357743862558,8.54499695668206,14.2702539637188
gltD,0.0,0.0,0.0,1309.11967781478,1293.05043956692,1228.9813022686
mog,0.0,0.0,0.0,62.6479432131843,48.1461680520627,42.8492887486547
lplA,0.0,0.0,0.0,44.6200535337567,46.7532793266306,57.6311292003098
bcp,0.0,0.0,0.0,3520.06972508938,3323.22371401783,3580.00047854533
zwf,0.0,0.0,0.0,624.930044155963,597.403253182979,665.247191605534
dhaM,0.0,0.0,0.0,67.6729061840151,91.7868037196852,69.4784164383285
hisB,0.0,0.0,0.0,863.357624181897,903.824843722783,762.719208546598
mglC,0.0,0.0,0.0,8.21525446466929,7.51833154410498,10.9135286340616
entH,0.0,0.0,0.0,9.17334930494803,6.66200737661941,7.34221363329095
glyA,0.0,0.0,0.0,9097.97894571527,9091.41386680428,8197.53507070911
gor,0.0,0.0,0.0,770.712060234989,737.141420217409,765.364307456744
aroL,0.0,0.0,0.0,404.457194718988,467.107574155313,363.647537720894
tesA,0.0,0.0,0.0,206.096214190032,173.074475853227,169.753836560992
fabZ,0.0,0.0,0.0,2783.57918635537,3031.76145971928,2792.60764347925
grxC,0.0,0.0,0.0,4932.17191489162,3023.55431487437,4705.67138887857
arsC,0.0,0.0,0.0,1.02096857093303,0.787539340691018,0.219175606643197
relA,0.0,0.0,0.0,47.1547572270394,76.7112431754172,52.2743743747178
narJ,0.0,0.0,0.0,0.733956262025892,1.40101182009452,1.48623165033721
thrB,0.0,0.0,0.0,324.778060606653,380.353082001161,557.784708931178
nuoI,274.4952494011039,274.4952494011039,274.4952494011039,230.309177197902,244.35128143683,304.191584580329
murQ,0.0,0.0,0.0,74.1314925835085,55.4732475185065,66.5976155329636
rsgA,0.0,0.0,0.0,213.130774032215,188.240439935924,196.371941415135
pdxA,0.0,0.0,0.0,141.982875342858,146.276679800479,136.008350391387
glf,0.0,0.0,0.0,559.640059399914,662.609463224835,607.406129788192
coaE,0.0,0.0,0.0,61.2422950120429,72.751550301968,64.3141370538024
avtA,0.0,0.0,0.0,333.583541541049,403.131975718009,363.360145539116
nuoH,274.4952494011039,274.4952494011039,274.4952494011039,124.216539898693,151.034972117591,157.772008242199
hycE,0.0,0.0,0.0,0.352582067964822,0.819728345558529,0.337425278839615
xylB,0.0,0.0,0.0,38.4490355777288,39.0737708726353,35.482025904807
appA,0.0,0.0,0.0,8.66198128356208,4.92629156844232,5.08702244781325
lsrG,0.0,0.0,0.0,8.34325246954169,5.29244945346526,8.3398647677722
glgB,0.0,0.0,0.0,66.4426917844959,77.7568962509442,58.0950198258373
epmB,0.0,0.0,0.0,14.488597825339,16.4799262128201,16.1106025385162
fbaA,11856.83172954609,11856.83172954609,11856.83172954609,11897.347833485,10888.9498501691,11352.0753862409
gabD,0.0,0.0,0.0,1073.91349104829,1270.32240129584,970.807234191424
sodB,0.0,0.0,0.0,3973.53985006807,4346.22015338421,4287.3099118918
proA,0.0,0.0,0.0,685.547799359837,663.472281754401,782.910865153627
moaE,0.0,0.0,0.0,232.584842691325,317.90420667146,269.252385058229
yjiA,0.0,0.0,0.0,174.974703197219,215.607616650001,209.131020610635
ydfG,0.0,0.0,0.0,1809.85667716746,1926.48596825601,2081.50678466116
gldA,0.0,0.0,0.0,56.326374197342,49.2315806490788,57.2758241450942
msbA,0.0,0.0,0.0,62.8292521575666,81.6840894991319,88.7438432306781
nadC,0.0,0.0,0.0,404.690726247842,445.86688590157,384.064639589796
manA,0.0,0.0,0.0,1014.21347733285,901.018943705006,895.988356418658
cyoD,1811.143934571026,1811.143934571026,1811.143934571026,59.4095079067105,49.2981774468783,65.8506673190972
icd,1934.8365128016064,1934.8365128016064,1934.8365128016064,30402.24121907,29997.3882431487,30054.241687819
tktA,0.0,0.0,0.0,2636.17448739291,2814.07097159802,2661.13659072402
katE,0.0,0.0,0.0,2060.76718446832,2504.40053462634,2028.09600897516
fpr,395.89777330734694,395.89777330734694,395.89777330734694,140.129396268481,133.31588900947,113.38186005193
nikC,0.0,0.0,0.0,1.25354474532097,2.6115055489415,4.54651230791146
nirB,0.0,0.0,0.0,3.35629017778048,3.86960569464022,2.50033615745573
hisH,0.0,0.0,0.0,471.273111046655,428.569212785782,441.645957296272
waaA,0.0,0.0,0.0,11.2688908535822,19.222380847695,20.5372776063993
folC,0.0,0.0,0.0,172.767226374473,171.36160327168,173.490140937166
hemB,0.0,0.0,0.0,279.217182884805,360.216332132277,327.952352202893
treB,0.0,0.0,0.0,13.3112145577732,15.4911943156372,14.3888095628926
crr,0.0,0.0,0.0,17241.9891982951,17107.9582131775,16634.426993814
aroF,0.0,0.0,0.0,1473.21542233584,1423.14491047398,1366.16662242109
bioH,0.0,0.0,0.0,60.5370433509011,95.8635946975731,32.8174985748202
hmp,0.0,0.0,0.0,42.0893656123552,44.167436315159,50.3554906261576
gpmA,0.0,0.0,0.0,10130.8583037791,10380.5209510626,11363.5713079106
lptA,0.0,0.0,0.0,783.641290509308,684.829443024551,836.185715255995
kdsB,0.0,0.0,0.0,290.215824245038,318.470020240537,279.361663477299
cysN,0.0,0.0,0.0,608.777341146556,946.550433072546,688.622276895545
amiD,0.0,0.0,0.0,50.1443833541145,66.8035552646471,47.6240846579396
galM,0.0,0.0,0.0,1132.27173856409,1130.0989801669,1053.86624461018
fadI,0.0,0.0,0.0,112.323961282153,131.222813245344,141.192985368566
selD,0.0,0.0,0.0,671.355181180022,670.991778725586,706.50711777392
dadA,0.0,0.0,0.0,125.680685946623,163.309840624706,184.995881051016
cysU,0.0,0.0,0.0,192.721475794217,245.239114764335,229.515376528043
lpxA,0.0,0.0,0.0,637.411749049846,630.013411799316,652.769633053707
fruA,0.0,0.0,0.0,109.899825797848,122.550013255695,120.448868762887
fldB,0.0,0.0,0.0,190.899014793409,374.646736265912,195.087141525186
sdhB,1232.7014102512396,1232.7014102512396,1232.7014102512396,7126.0794982466,7106.48379933317,6532.67616313143
nuoB,274.4952494011039,274.4952494011039,274.4952494011039,269.459551830302,266.914252681795,236.08796315078
hybC,0.0,0.0,0.0,5.83470055833425,1.08514517889495,4.46941302280175
gcd,0.0,0.0,0.0,18.4424343739882,35.3239125135682,28.0005071318094
deoB,0.0,0.0,0.0,1326.77229582353,1066.46759232725,1382.37805296418
hflX,0.0,0.0,0.0,158.429529474818,197.804740882853,170.592650248941
araF,0.0,0.0,0.0,144.929462220232,111.239379736925,163.629791933533
ptsH,0.0,0.0,0.0,10749.1184547294,9532.92135810263,9326.32591051508
glcF,0.0,0.0,0.0,32.0074149040643,31.9562493995122,27.1893959065489
epd,0.0,0.0,0.0,49.9445669253346,55.5590388198178,60.3427121049736
cysP,0.0,0.0,0.0,2665.84762105903,3140.34105723017,2679.85897027594
malQ,0.0,0.0,0.0,26.2224703336513,33.7487262234632,29.2680825768294
nuoC,274.4952494011039,274.4952494011039,274.4952494011039,884.728818839894,888.601497546765,960.802229128458
sufD,0.0,0.0,0.0,191.890846405541,226.50882784894,170.954999108805
ispB,0.0,0.0,0.0,64.8082572838551,69.1627189088648,57.5301741670303
mrcB,0.0,0.0,0.0,49.6052143103533,80.8610579543425,55.0165613010157
ytfR,0.0,0.0,0.0,2.17607434642552,1.15609867610652,1.30320231173727
nuoE,274.4952494011039,274.4952494011039,274.4952494011039,827.157706435256,706.597432676212,784.874556235319
fabG,0.0,0.0,0.0,2634.77271554414,2521.45848260898,2381.95594715645
nagD,0.0,0.0,0.0,704.69437192565,721.092387960646,683.268893614155
speB,0.0,0.0,0.0,921.984936445603,899.522412642405,876.356117577172
moeA,0.0,0.0,0.0,351.984534876633,434.71333016415,502.778048867404
fruB,0.0,0.0,0.0,137.588225921068,153.757217419244,118.996451241062
metB,0.0,0.0,0.0,1042.66984044452,1200.21369748738,1073.9218796587
wbbJ,0.0,0.0,0.0,123.773759649532,120.396655637459,79.3665874159495
tesB,0.0,0.0,0.0,191.180503507657,184.690753362039,209.475987526789
fadE,0.0,0.0,0.0,239.866781821062,342.054072712961,310.967519996614
mtlD,0.0,0.0,0.0,927.322583021889,1029.38084433996,967.118005009649
fepC,0.0,0.0,0.0,25.3796681882035,17.608459809493,8.84577106282232
wecF,0.0,0.0,0.0,2.36920404141881,3.1318371309681,3.15781828717207
paaC,0.0,0.0,0.0,0.980721092236076,0.00932315467994164,0.509469576809196
lpxD,0.0,0.0,0.0,36.3124976737935,48.5688880622485,48.0793517713787
ggt,0.0,0.0,0.0,182.562525556641,135.380378182929,152.896653173984
aceE,0.0,0.0,0.0,2292.42314647829,2736.26880518675,2445.225832105
yqaB,0.0,0.0,0.0,52.5929585078648,64.8631209087853,31.5812142132445
patA,0.0,0.0,0.0,39.4708308323084,30.6687991970952,35.1031399768644
