,pyr_1,pyr_2,pyr_3,pyr_original,pyr_original_1,pyr_original_2
fruB,0.0,0.0,0.0,135.640649876311,134.115358651721,190.698118029366
yidA,0.0,0.0,0.0,169.874860452754,163.030636516562,154.619350286062
wzzB,0.0,0.0,0.0,1107.70800185475,1123.9709840312,1089.71224648648
pdxK,0.0,0.0,0.0,120.739951251735,151.701598573648,119.40983162795
acnA,339091.82861694443,324000.3155208607,179672.66651676004,789.610101001916,765.036028540011,785.354857015051
lptF,2.4246360817142003,2.422759146696278,1.745050904085373,48.7900959149863,70.3952586340387,70.085480845766
ilvE,306.765520846055,306.5280505911537,220.78424615217318,1969.69949405537,2029.35426742202,1816.58996726818
queF,0.0,0.0,0.0,62.7105783394811,49.7636304234567,51.2182465879333
ilvA,0.016918819565269534,0.016905722537990487,0.012176755761861589,165.600165151271,150.427943307849,144.254914213197
mglA,0.0,0.0,0.0,99.3816804077838,276.603361457426,210.636349398887
rbsB,0.0,0.0,0.0,32188.8869029789,26664.2333521985,26849.1284498384
fldA,656.2557923451582,655.7958448220544,472.3528269257143,6996.12541433374,6927.37821904057,5806.5503084331
ubiE,0.0,0.0,0.0,812.517254747901,769.286122418255,1088.52981335197
lysA,778.774418630165,778.1715615711561,560.4968983008478,545.203891907045,608.54177993156,531.791461132962
ydcT,0.0,0.0,0.0,24.4447908561092,27.4364293738127,35.4701542770039
wecA,0.0,0.0,0.0,0.951044743732447,8.31382664028953,6.16639521581574
feaB,0.0,0.0,0.0,14.1650013964702,21.6752134712562,28.4360275702092
hyaB,0.0,0.0,0.0,1.12783624276981,1.22334093183938,0.757270032729102
crr,0.0,0.0,0.0,21778.2013780756,18754.6869347259,20524.5653074782
ugpB,0.0,0.0,0.0,177.249456302859,192.059664561941,205.816988077261
hemB,25.600218737514624,25.580401352391434,18.424903097663716,413.070024862878,370.355471038699,377.256348592195
pyrE,3671.5423681395027,3668.70019050612,2642.4700915858148,1.9840195360494,7.40772336961416,7.52479956132365
msbA,19.750515253618076,19.735226182412262,14.214774233299048,65.0217053402137,117.141796967807,138.645817101624
acs,0.0,0.0,0.0,5485.45372565101,5340.37176349475,5669.09381496114
talB,0.0,305.71591524322565,0.0,13216.9824447515,10755.6861426087,11221.540781953
tktB,168.59280172069927,57.4786245922259,121.3390427057364,580.390739484525,629.021935921581,656.068198332962
pgm,0.0,0.0,0.0,1628.31494049649,1518.49796511593,1695.9628819163
manZ,0.0,0.0,0.0,124.427443838196,255.842543620882,209.519370889537
btuE,0.0,0.0,0.0,928.731157013271,735.65471523374,700.426061534002
carB,0.0,0.0,0.0,1771.71982980969,2226.2559915241,1847.45466321398
dsbC,0.0,0.0,0.0,685.739882960801,1071.69001687807,1304.58925973388
yfcG,0.0,0.0,0.0,21.1146466843064,13.3893985008931,11.7718977874917
prpB,0.0,0.0,0.0,15.8882097605077,21.0664651962015,26.7182645094985
fepB,0.0,0.0,0.0,95.8833262694294,86.9316658060444,87.3909090376216
gapA,1160.7352727683804,1160.266859629125,835.4004761474023,21071.6852416906,20383.162670941,21679.2600924646
gcd,0.0,0.0,0.0,17.9312777799585,21.2216544163451,17.2851015928135
proV,0.0,0.0,0.0,5.87804883293501,3.5552140028239,160.428355111597
purA,3615.7513740021586,3612.9523847343803,2602.3163854301274,6040.38112435393,6183.48041558163,6140.07754087976
lptE,2.4246360817142003,2.422759146696278,1.745050904085373,226.685793130106,255.290296424759,303.525761560174
hldD,0.0,0.0,0.0,2457.78679423561,2274.10187443161,2230.75975903389
fadJ,19.384808590595476,19.369802616571654,13.951569067067885,157.769115331073,108.108959481962,84.8330736257247
cmk,58.97843341081652,58.93277761619965,42.447759200350816,660.874239776197,558.958343557167,676.944172707383
fre,0.0,0.0,812.0450609757818,753.009303708192,849.743312695576,757.425977080174
rbsK,0.0,0.0,0.0,263.364499919941,174.527266635726,149.615909163774
lipA,0.0,0.0,0.0,903.82312112042,859.862760353514,685.377103334377
nfnB,0.0,0.0,0.0,1096.4426301519,879.3316864972,997.399616852796
gpsA,83.4812075668387,83.4165839299134,60.08281318475495,323.347869558896,326.263139058751,312.100853328011
amn,0.0,0.0,0.0,340.851183237861,449.925780242267,449.579339792971
sdhC,5100.867925811095,5126.28511385331,2659.378797527077,1249.71005622598,2090.04820818635,1980.84543018568
rbsD,0.0,0.0,0.0,579.20272667812,598.964290377955,635.382481557588
selD,0.0,0.0,0.0,685.294611745623,667.202492246463,610.770853116264
speG,0.0,0.0,0.0,84.3412188267457,93.1443378915959,72.2069228596943
nuoC,1293.7291687185023,1292.2993882369253,944.5331260593147,1067.43266063298,1314.50237715696,1046.98898927884
thiI,660.0216779559703,659.5107485800999,475.0285762549226,66.8554177432969,131.071883390531,104.056620292768
aroC,288.8254047745998,288.6018221428079,207.87244631301692,646.524217217938,638.165385358823,582.724343336771
maa,0.0,0.0,0.0,63.2166997952721,64.311628526928,89.8027947374732
fruA,0.0,0.0,0.0,117.288131290301,119.501948835123,129.727191673715
fucI,0.0,0.0,0.0,4.67788007930079,4.71389975806545,6.09199843160535
apaH,0.0,0.0,0.0,51.390904731444,45.3876010073834,41.7079409995923
cyoC,8223.191044516072,8229.392968467566,5481.846390589925,42.2590183772728,111.136228377322,115.472234731951
nirB,0.0,0.0,0.0,3.87321383449114,3.29451752795352,2.8182760397459
prr,0.0,0.0,0.0,816.779359216072,1348.3027978087,1183.32727656864
lpxC,418.799873142004,418.47567597553854,301.4172323710551,95.4856111057825,109.291859329833,130.721643945869
dacB,0.0,0.0,0.0,5.49069952110874,4.87600592126215,7.59991094746332
yqaB,4.4589767094750545,4.456666835218742,3.209199680252111,116.328279031792,90.0656457736469,111.899512104395
mtlA,0.0,0.0,0.0,386.366757483597,655.955383888175,547.908445647319
hpt,0.0,0.0,0.0,752.638645092381,802.867507143126,666.273456030472
sodC,0.0,0.0,0.0,269.237788790617,243.810787115975,242.396471321828
aceE,1155.7361869862086,1154.0687721125735,14737.971697310644,10967.2438089772,17458.8820863617,15791.0001516545
folP,217.98849716215256,217.81975008830926,156.8899460507986,160.557603550198,152.476869520247,149.926249598453
glnH,0.0,0.0,0.0,14184.994340794,13814.8454726752,13061.0783632433
rsgA,0.0,0.0,0.0,355.118287945941,282.626690903868,310.222792584501
pflB,0.0,0.0,140.47997813442907,5747.47955860518,7623.41778256358,6557.03292145777
solA,0.0,0.0,0.0,532.596204321377,468.460127832612,552.707842461051
ggt,0.0,0.0,0.0,231.645874197222,186.111696641512,212.949273555759
trpC,257.4671400020066,257.26783211630845,185.30338174095388,653.001720783513,654.160141302698,594.348839250202
fumA,0.0,0.0,0.0,3289.44215408131,3356.86184727952,2990.08834197695
amiC,0.0,0.0,0.0,0.507119639660977,0.00632892471995039,0.0251193373712032
cysQ,771.011224480945,770.414376988111,554.9095983877459,836.546356715288,710.958682907982,843.969057993674
mltA,0.0,0.0,0.0,17.8511177158377,16.6692173321329,25.8868089266996
grcA,0.0,0.0,0.0,3506.56708457402,3556.80528701833,4087.63997047138
glcB,0.0,285.22492233528135,0.0,288.828339929184,315.363357826234,254.93742683938
gor,23.95020461698196,23.931664524276925,17.237360499207956,952.685929882156,968.963477944163,1028.37321878083
uxaC,0.0,0.0,0.0,179.856563916781,159.57410431893,230.655104201439
lpxK,287.92335798904395,287.70047364068205,207.22322824250622,3.85279302115954,7.26749627635083,6.4280278249393
eutC,0.0,0.0,0.0,15.0587748962731,17.4162446589215,12.0907299822807
cyoA,8223.191044516072,8229.392968467566,5481.846390589925,2282.76327303219,5115.44418341761,4384.06236023837
lptC,2.4246360817142003,2.422759146696278,1.745050904085373,62.6740156565156,54.4078993756876,20.7521106284538
cmoA,0.0,0.0,0.0,299.282376221303,271.334135171842,193.610497640289
pgk,158.20100267925787,158.13716087998043,113.85989214408983,31166.3449176109,28023.7877004661,28150.149477161
dhaM,0.0,0.0,0.0,144.171571917271,100.841524086843,129.790444734572
aroL,0.0,386.4498669540061,278.3498684263976,463.861075020557,570.665234579487,616.55732087153
ubiC,4.659043639969382,4.655437027734292,3.3531911767778704,121.800584190092,109.903745751219,104.977022220872
mrdA,182.76713888430993,182.62565701588255,131.54054884874728,1.66716179745743,6.22886393327253,9.93319415873427
gatB,0.0,0.0,0.0,13511.5932845387,19441.002841777,12132.4987278214
nuoM,1293.7291687185023,1292.2993882369253,944.5331260593147,4.73874097056546,17.6020856309867,16.8033509722086
yfeX,0.0,0.0,0.0,539.774085483019,484.45045925253,640.182342023998
msrA,0.0,0.0,0.0,655.372725418102,532.864166634549,680.962488084854
ydbK,41.09237831522194,41.060568294571304,29.574867944429368,30.9649373383286,40.6378653248747,42.150477667068
murI,81.16509565849876,81.10226494694443,58.415868932752396,60.4454521354416,63.5910920841351,62.0617505686481
gudD,0.0,0.0,0.0,1.74037653796988,1.62894070491562,2.27748747074238
dhaL,0.0,0.0,0.0,45.1439990229341,37.8056501602612,48.3600881726246
purU,0.0,0.0,0.0,878.118984828958,1225.92812870741,1014.6343085926
rdgB,0.0,0.0,0.0,455.675162874316,420.802320934596,513.007133149253
anmK,0.0,0.0,0.0,66.0073506652239,71.0039480660714,85.1974294440651
sodB,0.0005775124856321726,0.0005770654274466552,0.0,4622.54454070809,4198.19928576934,3966.75951422005
zwf,0.0,0.0,0.0,1071.9289110262,997.87329269145,791.190844473724
yeiG,0.0,0.0,0.0,152.389278543491,135.959963638058,130.589677399853
modA,0.000872350563939114,0.0008716752686510048,0.0006278452060340056,851.749073735511,766.355402765058,806.395039471726
ldcC,0.0,0.0,0.0,2.3822747718847,6.59471545354464,6.79809053388952
hybC,0.0,0.0,0.0,2.88011294671236,4.37424247304906,3.72149260515437
acnB,0.0,16697.463876249847,0.0,16395.2196888187,17419.2954301038,15939.6625901848
tktA,57.588180859517635,168.59224571042043,41.447171322502534,3761.81808871894,3399.72289096574,3674.54451730353
galK,0.0,0.0,0.0,516.887668000963,533.586656304545,504.81103927451
argG,15288.524454216735,15276.689454673133,11003.40526240961,3004.03060045131,3525.93437470623,3341.46391017456
cysA,0.0,0.0,0.0,650.991963928884,1026.30056776905,968.249037000007
sthA,1397.1806926251415,1333.7943367192674,0.0,1125.42360235268,1587.35728493302,1032.04472768728
lpxA,131.62281727320124,131.52092673516924,94.73113017376016,1021.50302532946,988.143916995613,1010.49782981297
ltaE,6.693198060526979,0.0,4.817205936523639,376.957854995691,333.141328778092,300.685702775525
treB,0.0,0.0,0.0,20.0949274349111,27.3586637668479,23.5490095034251
eptB,0.0,0.0,0.0,15.9232734774028,9.08812100959813,13.5215210647152
cysP,0.0,0.0,0.0,3861.70262797226,3249.33436115344,3430.3273773992
hinT,0.0,0.0,0.0,1696.31953201944,1402.05049292292,1559.44812924593
purH,4481.21869661833,4477.749740448464,3225.207608231726,2584.13504304694,2664.48443824513,2496.23218723161
ftsI,182.76713888430993,182.62565701588255,131.54054884874728,12.1444397485974,26.9474128239226,24.938583011711
gcvP,0.0,0.0,0.0,199.479882969377,216.008291887192,228.011303838005
cysK,0.0,0.0,0.0,63096.6062678435,61167.4316266515,61734.365593053
srlE,0.0,0.0,0.0,0.0107799323610731,0.704971513158929,0.582994566213994
glk,0.0,0.0,0.0,735.45856424874,623.377547626431,529.291579885609
mltC,0.0,0.0,0.0,0.589206345907752,0.773024812553885,4.05273126241256
aldA,0.0,0.03117889202527604,0.0,26552.0170212502,27352.653984068,28131.2908502245
purE,1019.4890432078569,1018.6998465526528,733.7432161354042,2302.35526678284,2234.38423211259,2339.46976661347
glgB,0.0,0.0,0.0,82.4405289373711,81.1280233164861,90.1645582584118
ribC,118.65449328862131,118.56264165987022,85.39761176892749,501.60161728335,428.736682720186,472.208772871855
osmF,0.0,0.0,0.0,102.051613610043,106.407575228549,106.831132145463
mhpE,0.0,0.0,0.0,7.60493443689702,5.42671725487248,4.92326540331333
grxC,0.0,0.0,0.0,6513.35974078585,5143.45790561804,5324.01908387302
wzzE,0.0,0.0,0.0,121.05399262658,114.458890550885,127.564813668804
aas,7128.100992509801,7122.58305830721,5130.212808099788,5.6086196828697,9.47368711837634,6.8283286801638
folD,1728.2025606226875,1513.1275746970487,1243.8161188812485,1223.82776844179,1374.97205466265,1413.04610258642
hisA,235.30172053940555,235.11957112639115,169.35056079419255,1314.90377540857,1219.43053997061,1327.77823995851
aroF,0.0,0.0,0.0,4211.44660428453,4574.1466375598,4244.90131369843
gabD,0.0,0.0,0.0,1250.36573008219,1377.43560203043,1568.86787745353
nanE,0.0,0.0,0.0,50.5228859875765,33.5208526693077,47.446950149059
panC,17.098708826378296,17.085472545140014,12.3062250542945,1553.12688138447,1420.41394377358,1405.65364935223
carA,0.0,0.0,0.0,3994.40833385719,4379.08218048007,3890.54715047113
emtA,0.0,0.0,0.0,103.515861320739,149.693598329311,94.5225674573103
lsrB,0.0,0.0,0.0,140.293737824209,62.8784348755621,99.8555255493033
ycfS,0.0,0.0,0.0,34.8439474878195,26.5261258639223,61.4012628796167
hisD,2320.5534416336636,2318.757078027426,1670.140897366459,1731.04662088664,1549.7354389182,1884.9093112577
dacC,0.0,0.0,0.0,1734.5149475823,1424.3343134183,1919.91264478024
ispG,612.2052797297401,611.731365505512,440.6143193756596,396.786062357134,399.744086222079,819.172573387267
fabZ,0.0,0.0,0.0,3318.38477635888,3621.99685816951,3288.64512010725
cysJ,222.23258892140225,222.06055645376165,159.65298031124888,1724.49070436867,1877.74707548871,1873.44460241047
msrB,0.0,0.0,0.0,1722.23856670048,1814.04756883978,1380.13367275178
sad,0.0,0.0,0.0,28.8052624450499,9.74965961565068,10.9467456866969
treC,0.0,0.0,0.0,9.84367237576893,7.7126957074434,8.65823117063916
glnQ,0.0,0.0,0.0,996.382179602877,1107.2829382416,1153.61242369436
trxA,0.0,0.0,0.0,20731.2041418794,17400.1052288095,14275.4627408745
gltB,0.0,0.0,0.0,1100.81019954653,1690.77990602721,1741.26104600098
bglX,0.0,0.0,0.0,157.246915012622,127.394165345527,158.580451202351
ubiF,0.0,0.0,0.0,13.7862714002283,22.1616641176976,18.8836636814129
hisP,0.0,0.0,0.0,121.521527438961,125.316950622819,124.059578237653
purF,247.80433176044448,247.6125039511382,178.34889797939906,448.329198968124,537.132648565565,497.793254466385
uxaB,0.0,0.0,0.0,10.3831383121123,10.9966364886109,12.9242403892003
ispB,3.9601870939739747,3.9571214735741487,2.8502125002611893,74.5596533594871,77.9308158370874,58.4161118318475
grxB,0.0,0.0,0.0,2430.02205422275,2004.42861964203,2299.83807508786
narG,0.0,0.0,0.0,0.753207420555006,2.81675975915169,1.63736432320885
codA,0.0,0.0,0.0,1777.53133550048,2311.55018422893,2208.3902834648
fdoI,0.0,0.0,0.0,0.0139565155314215,0.0141793122896112,0.0393870131994738
srlB,0.0,0.0,0.0,7.46812496725203,7.94932473052595,4.48274077007208
metC,120.67186524540584,120.57845194876094,86.84954791041724,730.166309214946,1043.06574294164,1111.89504625054
hemA,844.8551203778549,844.2011095873418,608.0562781174988,6.91810999543816,8.0651488929618,7.26447980546713
gmhA,0.0,0.0,0.0,5674.54902177259,4235.16752698898,4649.67726466411
artJ,0.0,0.0,0.0,4538.41034781724,3949.29458885611,4397.89110496488
astC,0.0,0.0,0.0,64.5906499253373,46.5688612980132,73.091409512156
trxC,0.0,0.0,0.0,218.155709560618,252.734370083794,201.018330891334
lhgO,0.0,0.0,0.0,16.1697630581257,13.9961844533992,22.2959026280253
grxA,0.0,0.0,0.0,82.9523413067289,66.1859624158711,95.8572899418584
nudC,0.0,0.0,0.0,108.076612527832,77.5469747698005,72.6844264144689
glpB,0.0,0.0,0.0,2.78782402793584,4.81717801593385,1.73948412869058
pfkB,0.0,0.0,0.0,779.486798655812,653.566101344656,810.924281123205
pfkA,0.0,0.0,0.0,849.713606338931,809.320370019811,689.764359889446
otsB,0.0,0.0,0.0,64.8923176857337,61.5649242705502,79.2384643190092
tauA,0.0,0.0,0.0,8.44112725810641,6.64295303005776,3.72812035258881
guaC,0.0,0.0,0.0,1016.3942084419,1291.43635943029,1217.19128691576
glpE,0.0,0.0,0.0,7.21300439325416,6.84445510872596,4.10590309882695
purN,299.363635082335,202.505608463447,215.4569858918249,436.261703768837,345.990612027719,349.056085972162
dosC,0.0,0.0,0.0,4.27913170760424,11.615058604472,13.0699543321618
sdhA,5100.867925811095,5126.28511385331,2659.378797527077,4984.21641260578,5530.36205537695,4744.74011256944
ndk,0.0,0.0,17.526107451973445,15319.6118394208,16288.9033873088,13714.7758524885
argD,0.0,0.0,0.0,2481.98634929713,2609.47683322409,2278.31108139097
potA,0.0,0.0,0.0,103.506570782849,146.482659098608,113.808653684656
alsB,0.0,0.0,0.0,46.6175893019076,49.197454942468,24.2506227603484
bcp,0.0,0.0,0.0,7220.71350118712,5940.11700071664,6910.03807192948
ydcS,0.0,0.0,0.0,249.582945099504,263.255175277888,273.648831827614
selB,0.0,0.0,0.0,43.4922110610804,47.7577332003986,65.2816552248266
nudL,0.0,0.0,0.0,9.33259891752769,8.55012308173364,8.93678050645311
maeB,0.0,0.0,0.0,840.76933951599,1651.98678735029,1257.0867972956
murD,593.1049473942041,592.6458189280963,426.8674925995603,82.4099662995817,69.4951141880575,97.754149513239
ydaM,0.0,0.0,0.0,1.5087191204146,4.03154584467076,3.05385507113823
yecC,0.0,0.0,0.0,261.75439741969,259.998427838117,273.616325801297
ugpQ,0.0,0.0,0.0,238.021633808598,195.926199600178,192.754766548425
paaK,0.0,0.0,0.0,0.00712124919785715,0.0072194811525045,0.00709378287309956
btuR,0.0,0.0,0.0,187.436730784383,174.378228535374,195.485515361488
fpr,0.0,0.0,0.0,147.432507576329,124.386273985566,159.92019161125
ispA,40.30077990895798,40.26958267254298,29.005141408993932,5.01018949560795,6.59861116603618,6.18350597664172
fadB,85.08414241336509,85.0182779285585,61.23647204688952,689.046511680628,1086.3821561715,1029.82147988732
glpK,0.0,0.0,0.0,509.468657629154,611.767677531868,724.321199188776
mgsA,0.0,0.0,0.0,1757.72743606745,1573.0412890627,457.500452101917
nagA,0.0,0.0,0.0,403.866535508131,348.471219495715,393.887215353095
gltX,57.60106242178732,57.556472863814335,41.45644239705999,1738.06061574365,1635.29764771802,1668.26347994844
pdxY,0.0,0.0,0.0,37.8076180468126,44.6424063152894,38.2545101537732
lpp,0.0,0.0,0.0,36500.5008400324,40623.935157592,58926.9310778096
kdsA,13.820520197372849,13.809821594592824,9.946858189252355,2744.56850881494,2474.03538716306,2457.69227154001
ppk,0.0,0.0,0.0,36.1782217659515,104.507822273682,56.4292186792528
metB,45.177169120006226,45.142197021978234,32.514759807231705,870.448567167758,1041.0110617887,869.971924126755
glmM,424.8054591821928,424.4766130315657,305.73955250314873,785.651966745532,1114.64748457329,1180.64022533552
argI,0.0,0.0,0.0,267.473670865588,316.557037510664,281.117234818724
garR,0.0,0.0,0.0,25.8117184130715,23.2046687208609,22.4829726650024
lptB,2.4246360817142003,2.422759146696278,1.745050904085373,1527.13174095907,1414.52319287023,1266.485891206
dcd,0.0,0.0,0.0,532.360266785615,472.276358595474,638.437183437435
mgtA,0.0,0.0,0.0,54.8636248542537,108.796970874993,119.834564149087
hemN,0.0,0.0,0.0,76.092055346629,75.5062961181613,88.9461044592157
lysC,0.0,0.0,0.0,2152.70613025053,1752.12139414707,2151.94948333929
luxS,39.60130067736153,39.57064491480881,28.501714575295242,6729.61893491064,4776.06946123488,5629.85563007851
cyoD,8223.191044516072,8229.392968467566,5481.846390589925,27.2171080288385,60.9813610599668,69.4128755108229
mobA,0.0,0.0,0.0,22.1256451956864,20.8735333765888,21.8641857662274
entC,0.0,0.0,0.0,82.5443844198486,102.399501462087,83.7850814954649
thrC,4832.211087315958,5788.797690069515,3477.822668006487,20561.7894107513,18050.1761314509,19636.3094322162
nnr,0.0,0.0,0.0,63.9379441252412,51.3786313595114,58.4367347580629
metK,21.121378009447174,21.105027739683386,15.201406952937505,7927.5868663197,6618.28102966246,6783.17451046363
ahr,0.0,0.0,0.0,2.62663145906732,1.73088854688504,0.0130846079362093
kbl,0.0,128.1533954864698,0.0,121.503146915783,147.628127133701,108.012676909035
mepA,0.0,0.0,0.0,2.27656488562476,2.00570891225752,1.71190085011256
aceF,1155.7361869862086,1154.0687721125735,14737.971697310644,18503.0447611399,23568.2561643418,21929.5451058472
glgC,0.0,0.0,0.0,217.808272115108,309.718245857079,352.456923636883
gldA,0.0,0.0,0.0,42.4368504184677,43.5355694750189,36.2708980409832
adk,891.4862504287603,879.0133493026458,631.8462384327709,5245.35794041835,5147.8916171751,4508.76413528363
purT,38.46109754412116,44.46683459185519,4.4280416002896805,2359.84584987749,2316.22283155798,2583.6229105745
acpS,0.0,0.0,0.0,41.7776004644918,38.5131290084319,34.5423669458337
puuC,0.0,0.0,0.0,53.498198850299,68.5148859870638,58.3402472361608
avtA,1087.6615999556627,1086.8196302431754,782.8081387783699,362.991840494945,328.657026323771,328.556157038014
manX,0.0,0.0,0.0,1036.49890795022,1280.16041845685,1065.62712609167
guaB,2786.7019582260077,2784.5447443953053,2005.6357357268696,3747.57467998062,4663.3235369037,4399.84948017256
cyaA,0.0,0.0,0.0,0.753174378487892,1.41250118458741,0.308536002276795
fbp,0.0,0.0,0.0,2429.11781409841,2292.44861300362,2675.58584800674
ybjI,0.0,0.0,0.0,49.7584847497706,29.5811059821464,32.2602902898845
murQ,0.0,0.0,0.0,61.4853682967803,68.0623144821265,97.9370684996546
potG,0.0,0.0,0.0,53.9028867492364,83.2109513213305,98.1720241377447
paaB,0.0,0.0,0.0,0.325841615018341,0.206403622482615,0.0214232499234513
nikC,0.0,0.0,0.0,2.27714497135058,3.40365066473347,1.90886259504444
metA,148.86799188004665,148.75275168003697,107.14276908557146,808.014597500018,818.461048154889,804.20198115975
ygaP,0.0,0.0,0.0,503.208869168182,464.623571413588,584.784989495375
gntK,0.0,0.0,0.0,5.07088315383966,6.62085894476407,4.07991179925279
nuoL,1293.7291687185023,1292.2993882369253,944.5331260593147,0.175996366198749,2.6934118304069,2.160707986897
aceA,3689.0720839062938,3820.167056927222,2655.0865195017013,50953.901599487,48723.1825838406,48114.2056442351
aldB,0.0,0.0,0.0,1100.42863767081,1358.58199971107,1582.85175819639
nrdB,0.0,0.0,0.0,396.308629921179,406.183312648442,406.965407090764
atpE,195026.28792208733,195052.1184450374,135787.7094023711,222.25690901628,370.89484097295,421.594836228682
nrfA,0.0,0.0,0.0,0.00830026354224183,0.035798160544328,0.992566434903399
ligA,0.0,0.0,0.0,241.950138680101,233.000470003767,238.764518703453
gpmA,1242.063231748225,1208.1548778979322,893.9335605205675,10072.34187971,8601.41807873007,9316.23532637337
frmA,0.0,0.0,0.0,553.223034258863,502.052653510637,529.888774414207
mepS,0.0,0.0,0.0,3231.19142794593,3229.97024686397,3044.01028775594
lysU,0.0,0.0,0.0,277.837872332087,274.263332003366,247.095823326527
dcyD,0.0,0.0,0.0,668.286744987626,717.167609130122,693.052353624624
glcE,0.0,5.051633522884654,0.0,0.00746154791068683,0.00739711246229213,0.00747295578085828
tam,0.0,0.0,0.0,110.167188761581,107.999972796138,103.056827170842
amiA,0.0,0.0,0.0,74.6131356653852,65.2212769867742,82.3618949090829
kdsC,59.72407100916684,59.67783800903313,42.984406978106875,168.354174332006,187.414046297512,155.369124394023
nadA,101.13426338906753,101.05597434522262,72.7880109893863,218.968036757092,230.066445386338,277.654142946152
nudE,0.0,0.0,0.0,585.828365161573,548.491534972,435.312192362392
rbsC,0.0,0.0,0.0,27.3419243061179,53.6103444885481,66.7891259017363
ddlA,0.0,63.21602738772946,45.53287349923783,135.118862546501,112.883276903779,109.24567260245
dut,0.0,0.0,0.0,2203.73877957569,2377.11892666557,2356.97560446777
gshB,0.0,0.0,0.0,1083.68683022402,1032.69338273267,1073.17167782827
tesA,0.0,0.0,0.0,243.049046931242,214.509384691294,232.513386987652
thrA,1767.792174680353,1781.967464394739,1272.3094224020638,6515.57151814839,11269.7199463863,10181.4368493247
maeA,0.0,0.0,0.0,500.944429693955,479.946259229429,473.462299684368
ytfQ,0.0,0.0,0.0,467.168654284407,404.039880158461,428.754323959916
fdoG,0.0,0.0,0.0,13.0184732922466,16.6262881300734,18.0922689260962
pdxA,5.657287935166928,5.652908572048454,4.071644194519579,165.250660019649,174.51700286473,175.035926008074
preT,0.0,0.0,0.0,1.70034242690213,0.539071642437241,1.39737694321323
ahpF,0.0,0.0,0.0,1814.15527087276,1819.50590003922,1909.81791567702
patA,0.0,0.0,0.0,22.9896096371379,19.8654621862775,27.39271876461
gsk,0.0,0.0,0.0,29.393325856142,25.3728940233951,25.7696855875384
cysG,0.6252841451127977,0.6248001064082002,0.4500273962630714,40.3197502624657,39.6945388787423,50.931296561476
folB,266.9768868673655,266.7702173915485,192.14770468495817,74.2032886855047,62.8213631133887,65.6381792191115
nuoF,1293.7291687185023,1292.2993882369253,944.5331260593147,533.722218476988,684.572378834006,652.385926640458
gloA,0.0,0.0,0.0,1676.13964280155,1581.57743540498,1276.020746466
dsbG,0.0,0.0,0.0,93.3824369274606,86.5951111897347,86.3187590838591
wrbA,0.0,0.0,0.0,4186.49487837437,4055.51666678633,4597.04401830723
yhdE,0.0,0.0,0.0,91.2278741729844,94.3494981098876,71.3312783210115
glpA,0.0,0.0,0.0,14.1902842351525,18.8420951129493,21.2724938321385
accA,91.82998822194206,91.75890171049019,66.09156944309547,3147.42936600632,2903.66042050597,2882.72684557677
ybbO,0.0,0.0,0.0,32.1350784324175,46.4644909260691,50.7131419213768
hemG,27.12424494654982,27.103247797510058,19.521770101328208,143.507593309699,143.706927884186,89.138878549486
dacA,0.0,0.0,0.0,1006.8193419227,892.960824274274,1038.55191250006
kdsD,0.0,0.0,0.0,64.9943835238466,90.299755728801,116.698838427511
tehB,0.0,0.0,0.0,147.447596384922,120.023849208788,146.297898690503
eda,0.0,0.0,0.0,2549.3144774827,2756.90614693731,2396.23985808511
ispD,1.5683903845785605,1.5671762779104141,1.1287966384763617,64.8531474543111,53.487030570822,52.2635999890986
serA,4376.782317413536,4087.094099117554,3150.0430095833126,4836.2876112406,6113.25377652007,6098.60855991178
yagE,0.0,0.0,0.0,80.1852380016365,59.8564282842669,79.6709250061018
serC,23739.312045484276,22162.79246279851,17085.577608846183,9849.39564731216,8444.29998094697,8721.65172547264
aroE,41.143610174665476,41.11176049492054,29.61174036553793,135.368461553826,105.145230288598,115.49725703572
psuG,0.0,0.0,0.0,27.2360705354947,37.6108585336504,29.1748334411312
ribF,2.3295218199829226,2.3277185138694936,1.676595588388767,140.967966635758,130.741100334347,144.872959962813
can,0.004242785819554447,0.004239501436657154,0.0,2538.07700079476,2429.36906366002,3285.43760651684
fbaB,0.0,0.0,0.0,2905.62704513166,3285.4131357828,4130.14563908371
wecB,0.0,0.0,0.0,53.0616900700786,48.6374205389956,59.4354756481979
ribA,105.60689004719455,105.52513869847346,76.00703476468341,302.936939904667,272.178441728937,230.57917313631
entA,0.0,0.0,0.0,129.958582155975,119.288448266692,116.832709005819
fruK,0.0,0.0,0.0,44.597028248396,41.7060291503247,32.9180398153295
araF,0.0,0.0,0.0,108.739822256886,114.029674155609,102.196265252123
sufS,0.0,0.0,0.0,383.079158350905,500.702654769684,419.477618351835
pepN,0.0,0.0,0.0,1455.262934139,1232.31464354474,1327.36017694842
malF,0.0,0.0,0.0,1.83883882861498,4.35829073582503,3.92410787307698
trpA,2.740847692455433,2.738725974870036,1.9726336582016768,3398.64925968177,3361.74104415047,3416.15508530887
hisF,24.382951519885165,24.364076433478136,17.548815640804637,643.973398355024,511.914169783147,597.674159030519
fbaA,0.0,0.0,0.0,14683.5167840409,13007.4306679174,13942.781857064
galT,0.0,0.0,0.0,171.864282584429,163.130425055266,175.859772499981
coaE,497.6817875728777,497.29652713161397,358.189857812362,64.4155891502116,71.4824649351404,50.3753514609101
aroA,135.3634569567881,135.25867075220035,97.42333075220155,1097.50321716242,974.244356074955,1017.63862227726
prpC,0.0,0.0,0.0,198.038435453458,194.778958521186,203.336919083756
aphA,0.0,0.0,0.0,95.3366984995808,82.3367902937966,104.025022826501
dadX,20.874679128559464,20.85851983086534,0.0,110.002567818756,144.169024026067,153.838698691403
cysH,26237.98724564372,26217.67615754626,18883.91569757593,1328.72994410291,1108.68888975194,1247.07018534977
yceG,0.0,0.0,0.0,9.83123988162813,8.01774554516143,5.02594468153638
gcvT,0.0,0.0,0.0,402.250403881366,268.945760057901,304.473795668433
lpxB,0.6293565779993798,0.6288693867837927,0.4529583939266601,33.1697522488453,34.1768778192358,33.3310095232202
gcvH,0.0,0.0,0.0,399.395616514036,335.908467024884,437.531158311235
udp,0.0,0.0,0.0,2506.82320726635,2641.54909646771,2631.20580950133
mog,0.0,0.0,0.0,42.5304853066912,48.4342830686451,54.5668090541241
sufC,0.0,0.0,0.0,645.565967452315,502.74682948956,619.450902984535
dsdA,0.0,0.0,0.0,22.4062237586906,18.8281253686286,21.8140446623439
dgoD,0.0,0.0,0.0,3.12975619373905,3.38328329935054,6.48516764629805
tdh,0.0,0.0,0.0,264.365856241547,286.306131795023,238.035879573906
glgA,0.0,0.0,0.0,240.540781170239,599.885386488502,425.289189588162
atpB,195026.28792208733,195052.1184450374,135787.7094023711,1790.73343658556,3233.0714568682,3159.33052377134
nrdA,0.0,0.0,0.0,470.756861038559,723.671270821807,733.602652266279
hmp,0.0,0.0,0.0,84.7191886653876,71.9344972030087,128.364471629933
fadI,0.0,175.98896964325476,175.98896964325476,118.770313715,153.040078492749,155.466857995776
pncC,0.0,0.0,0.0,137.004664038541,102.206358251127,49.1429743059154
csdA,0.0,0.0,0.0,3.04357811056953,3.28508667947603,5.64495831621845
clsA,0.0,0.0,0.0,4.45699983308661,24.220302301967,8.83218423656833
hisJ,0.0,0.0,0.0,7693.31692636102,7714.58112475671,8063.89537727276
lpdA,2631.4466838444537,2630.784382918728,15466.12158728538,21038.1308641711,24999.6220143538,24278.6997918705
aspA,0.0,0.0,0.0,469.236346528141,595.547322924517,550.808975948361
nuoN,1293.7291687185023,1292.2993882369253,944.5331260593147,49.1515323747605,84.5444403316295,2.64189653644547
pdxB,11.314575870335615,5.652908572048454,8.143288389038318,621.25205984637,646.967071906783,584.377293695781
apt,0.0,0.0,0.0,1493.04517489148,1249.31130502344,1323.58087299905
ghrB,0.0,0.0,0.0,1437.34053961356,1323.01835223359,1395.06088434929
wbbJ,0.0,0.0,0.0,62.5472450578498,104.366802569264,100.46067679974
paaC,0.0,0.0,0.0,1.95421755145779,1.87319641438119,0.0103804225152587
ispF,31.425845314138154,31.401518253271668,22.617703411519745,1182.31278158548,1315.36338943935,1226.53213891176
aroK,386.7492534154902,0.0,0.0,1136.7964859166,958.088239006774,1058.44732512757
pldA,0.0,0.0,0.0,16.7217618937985,13.1448821270547,14.251037153513
nagD,0.0,0.0,0.0,1054.1409931212,1045.3667252453,961.572280249994
gshA,0.0,0.0,0.0,399.661889622535,338.157015871811,369.949195779169
rfaY,0.0,0.0,0.0,4.48627781263543,6.35485897944023,6.20585066566853
murB,49.18795238558294,49.149875500153136,35.40138721349256,59.8869092586208,41.4948558060468,41.5059713196513
pgl,0.0,0.0,0.0,2242.07370179838,1775.3158756366,1717.30533517525
katE,0.0,0.0,0.0,1054.13140695141,1150.4851551618,1349.69325375357
nudJ,0.0,0.0,0.0,34.6264712009006,11.3412122145382,11.3263417598825
panB,30.572743023264785,30.549076357612375,22.003711507792097,2546.08473972387,2086.65491791948,1938.28108364836
slt,0.0,0.0,0.0,101.001831067994,103.275867045787,125.273085710721
hisQ,0.0,0.0,0.0,35.1769748508734,96.312399198589,107.118968183251
erfK,0.0,0.0,0.0,58.9701579008751,59.4420900772789,56.8527703893595
chbB,0.0,0.0,0.0,736.338607477681,756.820951691192,792.816017207336
metF,99.67699591719888,99.59983495868255,71.73919135891376,1978.79965519809,1937.01978941348,1443.8204377984
acuI,0.0,0.0,0.0,1315.08632394925,1338.92010351731,1486.59652700769
gltI,0.0,0.0,0.0,6543.89819781566,5470.51917861803,5735.40119543041
aspC,172.34651483427598,170.6303470874392,118.77110102009031,8384.4019014947,8085.58614741876,8218.06407240472
ddlB,63.26500145750432,0.0,0.0,523.262615434561,431.008612235651,516.269793658383
purK,2695.6398766297366,2693.5531548660815,1940.0968414506883,217.673556333908,190.794329569534,212.31818793287
malQ,0.0,0.0,0.0,41.9830208623334,43.3384535631819,52.8745562192167
speB,0.0,0.0,0.0,922.892573221243,917.512235065883,712.469116823941
potC,0.0,0.0,0.0,8.901769382071,24.0558063535415,14.7699595967234
lptD,2.4246360817142003,2.422759146696278,1.745050904085373,355.834268784079,355.639644695844,389.627536638866
gph,0.0,0.0,0.0,563.159667218003,488.480849179869,517.860888499557
gpmI,0.0,0.0,0.0,574.298744353623,593.338453501215,628.809055446754
nuoE,1293.7291687185023,1292.2993882369253,944.5331260593147,1349.14446383329,1192.48937310303,1144.73911556902
ugpC,0.0,0.0,0.0,13.4760821764974,20.8240853429323,25.4946075919553
cueO,0.0,0.0,0.0,810.782050796434,779.019986936229,691.28249204632
pykF,0.0,0.0,0.0,3093.80516455142,3405.7995018443,3491.85040598548
yigL,0.0,0.0,0.0,532.443038789814,673.455659712641,569.610620895616
lpxD,60.087271374350834,60.04075721718538,43.24580832010969,72.4219264138485,68.1809270662082,94.5056544101828
arsC,0.0,0.0,0.0,10.1052187867652,10.7007360824211,1.05328756532304
menC,0.0,0.0,0.0,11.2511268987055,11.3293852969592,7.33963172764015
malK,0.0,0.0,0.0,129.384549085351,179.517707345321,158.85037573471
queC,0.0,0.0,0.0,291.700475402349,288.230714200839,246.743843102618
dapA,106.24817373449953,106.16592596157535,76.46857729747457,4125.32419800259,3316.86445314501,2904.20677471211
leuA,1230.9160011887554,1229.96313681287,885.9107133343335,2159.5956665281,2092.79312479343,1896.60767731409
alaC,0.0,0.0,0.0,64.3288106499053,68.9151335992602,67.5702834071172
manY,0.0,0.0,0.0,73.7519465767764,86.3496551378891,99.2129249870317
fabH,0.0,0.0,0.0,1951.72014205808,1766.15280625277,2032.84274464907
bioB,0.0,0.0,0.0,68.5396167798061,117.957720780855,73.1182741699294
aroG,110.9543722171902,110.86848132899601,79.85570659863475,2900.14279837649,2625.08918001305,2295.08585016948
ptsH,0.0,0.0,0.0,13949.9168280892,12589.7469793938,12264.6589813437
sbp,0.0,0.0,0.0,504.071532958929,577.130241800832,560.861001888778
nadB,14.577990561093337,14.566705592933566,10.492022204996212,27.9575114795823,27.7657343975121,29.0356747136395
ilvI,83.32824475111003,463.8295417942068,463.8295417942068,467.913449016132,462.046753201639,459.526040715081
modC,0.000872350563939114,0.0008716752686510048,0.0006278452060340056,6.64340135903459,15.290241816474,18.5111781095323
pckA,0.0,0.0,0.0,8976.15019925953,8538.39233086631,8611.16921963451
pdxH,0.0,0.0,0.0,291.511052309347,302.394295690634,302.513493986671
cdd,0.0,0.0,0.0,177.757956985861,186.273743388138,216.700329476076
nuoB,1293.7291687185023,1292.2993882369253,944.5331260593147,380.060745979365,443.384252310016,313.154262241724
paaJ,0.0,0.0,0.0,20.3023102420894,9.12203176300177,9.59320425717652
nanA,0.0,0.0,0.0,122.742083302724,110.035953952858,172.863898285501
rpiB,0.6611471455291441,0.0,0.0,26.6006741438024,32.0018902281746,36.5340720389116
purL,318246.317651431,317999.9599969818,229047.16651202049,2585.92428706084,2816.99545098429,2708.09734010311
deoB,256.932918322886,256.6972088388576,171.58916905346067,1197.88831458414,1026.73783666731,1023.10487407428
betB,0.0,0.0,0.0,40.0841835821323,36.3666027967238,39.8412807661006
lsrG,0.001760057807882734,0.001758695329547058,0.0012667428700131218,2.28895344847009,1.73561403583694,2.39370591140092
gsiA,0.0,0.0,0.0,3.24715816559554,9.44956673496557,6.05593411044927
narI,0.0,0.0,0.0,0.0189296940297976,0.0189392423956675,0.0187505765694989
gatZ,0.0,0.0,0.0,6296.08792004443,7585.07479156069,4488.29798353599
prs,7844.88450513577,7844.88450513577,7844.88450513577,8243.25572588972,7820.93696496179,7446.04321548806
hflX,0.0,0.0,0.0,217.930069384975,265.808559435488,289.012647909707
frdB,0.0,0.0,0.0,210.223293107753,135.341321370259,224.902962213868
nuoI,1293.7291687185023,1292.2993882369253,944.5331260593147,355.89058219635,377.399912224691,323.467098528553
coaB,35.457780621285295,35.43033239924969,25.519554293957963,211.039067725148,474.178573337976,428.617092757314
xylG,0.0,0.0,0.0,1.15401671346103,0.525683080384979,0.772588280610905
ybiS,0.0,0.0,0.0,2292.52725674127,2598.12383368563,2566.95846181629
sdhB,5100.867925811095,5126.28511385331,2659.378797527077,5866.9813896647,5224.65334384563,4899.46560303507
metI,0.0,0.0,0.0,356.803669918676,680.808468837132,475.198996117319
ilvC,1591.3025788653697,1590.0707356387124,1145.2869256812994,14079.1239988304,13166.0237352603,15337.2319705339
amiD,0.0,0.0,0.0,42.4307072308355,36.647556972389,60.612100051969
murE,759.2084416174056,758.6207307767066,546.4149393079379,538.991206977187,451.655551446776,502.548332800082
yigB,8.800289039409833,8.793476647739304,6.33371435006531,247.995439128561,207.969816747573,254.740154375388
pyrC,4737.569530393125,4733.902130481656,3409.7075658194963,3717.5088941516,3944.13670007184,3576.78228931069
ade,0.0,0.0,0.0,8.00691887589222,9.77139200473723,7.00890557059775
nadK,0.12700783982769348,0.1269095217897311,0.0914096541697813,4.8931324360918,7.31196743098468,10.8754792786794
mrcB,0.0,0.0,82.61223429706172,51.93687072284,123.813278399058,202.3713691904
bioA,0.0,0.0,0.0,83.0230173325954,99.558316609776,59.2160579047283
fadA,50221.29250973263,50006.42673574429,35969.11031324994,1273.89164405579,1016.25327111878,1043.88935517045
gloB,0.0,0.0,0.0,236.605806273997,215.083939264572,355.083458265552
mobB,0.0,0.0,0.0,12.9342515116506,8.60518379212152,14.2624425867466
melA,0.0,0.0,0.0,13.6000962549121,14.9836300207652,14.3732009298193
metQ,0.0,0.0,0.0,18033.3000354776,18443.0377645847,19449.8730566948
gatA,0.0,0.0,0.0,12263.5632402065,16583.3136263938,9819.0745324673
ldhA,0.0,0.0,0.0,667.498661651849,545.894339541527,522.073895011608
yahK,0.0,0.0,0.0,1396.61035085626,1101.24613940227,1248.5615360267
gdhA,10.533820070744696,10.525665735373428,7.581365457916298,3077.01142481875,4437.35383700279,3775.89616770693
panD,36.82845228039296,36.79994300773945,26.50604947811479,406.812473924683,432.933384204146,480.154480715832
cdsA,553.5727364334831,553.1442102468875,398.4155030421305,17.7064299889101,45.6725488247275,45.3206935094077
hemC,253.4474119152855,253.25121574126453,182.4103165981837,234.507603629061,196.840160998031,222.838702836805
ghrA,0.0,0.0,0.0,871.346537633258,843.3645097503,846.702653968779
cysM,366.23507806543773,365.95157183207755,263.5854753238024,974.018811374049,982.799145528876,789.352807719166
pyrF,279.7369642006433,279.52041702151206,201.33134451224873,948.107016774692,934.275327910453,977.501461762064
sdaA,0.0,0.0,0.0,2.4271844119358,0.312489792553096,3.38529050628676
epd,0.07920374187948763,0.0395712147357396,0.05700425000521809,81.9376353993049,79.3998782822986,117.589814429306
nrdF,0.0,0.0,0.0,28.7989848255492,25.4513421329956,40.2384442988081
pncA,0.0,0.0,0.0,46.2729998577778,26.9245056966887,9.9586618191273
yecS,0.0,0.0,0.0,57.1679537670127,150.34965575382,83.8211494025417
lsrA,0.0,0.0,0.0,0.00514385388600049,0.00527031189913978,0.00517908795621573
wbbI,0.0,0.0,0.0,404.903705855567,562.298677755597,582.396199631241
cysI,222.23258892140225,222.06055645376165,159.65298031124888,2038.51067450426,1863.12403275495,1930.72429546961
purC,205.42652690809106,205.267504180965,147.84888718253487,9587.18132913725,8675.02252221069,8294.54397787064
mglB,0.0,0.0,0.0,17989.9167328169,17839.853893999,18105.3131327492
moaC,0.0,0.0,0.0,193.588856218363,178.089485470087,242.665942130232
glnA,18545.365087253373,18531.008934832433,13347.40761971332,6088.41900352559,7185.4452033566,7422.2710015027
proA,88.38569378432946,88.31727353561739,63.612653465716065,897.506757189197,798.496149691304,748.825581747402
fabF,0.0,0.0,0.0,1965.58894430683,1578.07984466528,1574.12645683412
aroD,43.665411203362225,43.63160937224303,31.4267224975944,729.017829031121,570.879100781802,607.156398009634
tmk,24.392279350212956,24.37339704303923,17.55552903539172,126.621857395829,89.9809797376694,124.333928693839
acpP,7756.579623886353,7750.575178095429,5582.539329243781,23926.8275362427,24575.8726117301,28536.4417374211
hisH,24.382951519885165,24.364076433478136,17.548815640804637,883.091938243793,776.546630533857,967.66521611259
mmuM,0.0,0.0,0.0,97.0791765804474,74.00179268736,83.0881279824411
thiL,125.72004416984034,125.62272302744844,90.48280622184225,74.8385641730737,81.6578585187699,89.9509526482827
coaA,20.998293395672274,20.982038407080367,15.112820909880536,287.558019675967,308.417371910633,273.964471423912
dapD,304.9755623020543,304.7394776719475,219.49598322519597,7503.21432660382,6905.17272962644,6418.30197909516
plsC,3.125256825162027,3.1228375326259687,2.2492993028431005,30.7578938913327,55.1533634193655,45.596243547371
ushA,0.0,0.0,0.0,360.709453147976,315.289542955954,304.461579307947
glgX,0.0,0.0,0.0,98.9867768673398,112.446968158628,92.799353568468
thyA,19.361129176452838,19.3461415329001,13.934526598975678,374.616397156255,276.016867982439,231.49015178071
atpG,195026.28792208733,195052.1184450374,135787.7094023711,2852.52269466717,2778.99661893319,2508.97435922262
msrC,0.0,0.0,0.0,961.31095823183,821.563897154189,929.84179251063
mtlD,0.0,0.0,0.0,564.891056460542,560.492714760816,568.050554345518
cysN,378.86060045597776,378.56732067958046,272.6722737214348,708.788000911623,1309.38137957014,1001.07495907731
murF,21.043802686313974,21.02751246838392,15.145574702981348,553.012591378375,495.822347209583,436.453822724578
bioH,0.0,0.0,0.0,23.5563430273328,36.5796469708899,35.5366839840266
yjjG,0.0,0.0,0.0,29.7932424335385,33.5132626533603,7.6070750825858
appA,0.0,0.0,0.0,4.60581916097029,6.93414230643109,8.09544415147263
nrdE,0.0,0.0,0.0,14.3611671014257,11.5055414887154,14.0111836345856
pntA,0.0,0.0,0.0,691.747260315885,1626.34221883375,1412.06764106153
glmS,195.11427580320844,194.963235892719,140.42698859353428,2797.14308343884,2499.92925708157,2982.9145006137
arnB,0.0,0.0,0.0,12.4207570965653,15.1843842884791,6.77352589636581
gabT,0.0,0.0,0.0,1615.72262056987,1466.05841061263,1523.94107356425
pheA,0.10127872084084776,0.10120031997106353,0.05030600584560517,1093.45970756904,1133.25024932629,1131.04979859294
cyoB,8223.191044516072,8229.392968467566,5481.846390589925,938.424911237066,1820.36443738475,1739.5463800566
alaA,0.0,0.0,0.0,70.3371566093812,84.6893289425303,58.7917906659668
pntB,0.0,0.0,0.0,1038.10529277292,2125.40449756651,1746.64519693858
uxuA,0.0,0.0,0.0,332.117759267376,320.679536062635,469.513925276583
coaD,4.932694399497208,4.928875951508109,3.5501421786084815,33.6602393329777,38.9421707896702,38.8022379819072
folA,0.0,0.0,0.0,285.032799270705,259.543161538505,283.743600977431
speE,0.0,0.0,0.0,373.718622833965,421.165110502781,453.064148495022
treA,0.0,0.0,0.0,118.512650139747,105.491988129822,105.69557259897
ppx,0.0,0.0,0.0,24.6537200368324,44.4373040288702,29.0868985744342
pncB,0.0,0.0,0.0,561.813498171778,554.408427112839,666.783984945187
ppsA,110.80187679013437,108.27441508721158,79.74595310413662,4183.7513559991,4488.20218301819,4138.31510078973
ydiI,0.0,0.0,0.0,238.437114102003,277.769975622921,364.031283060983
ynfF,0.0,0.0,0.0,0.0518148023198407,0.00354034376468638,0.00350282029262981
ilvH,83.32824475111003,463.8295417942068,463.8295417942068,1335.20505338612,1327.99015909331,1435.7529043822
mpl,0.0,0.0,0.0,290.253590310445,270.841676489249,252.19708033907
pabB,35.46376198338441,35.436309130871194,25.52385917956388,19.6805407184015,14.7396217283439,13.8360924358766
bglA,0.0,0.0,0.0,424.788197974522,345.295389964537,399.163295490061
pssA,15.193430455980799,15.181669069651416,10.934964530686525,259.36519403601,460.897850753577,457.811587155275
tnaA,45.883815245526215,45.84829612567161,33.0233447736549,889.745430037175,885.672539303346,877.597841795439
alr,0.0,0.0,15.023853666332817,21.7374735987072,13.1363005946988,8.49333519882779
argA,13468.795199035061,13458.368870090711,9693.71585957753,156.990965737773,250.809343755359,246.368027905504
aceB,2185.828010235246,1978.7723431194615,1573.1767642175041,5682.27633516069,4558.0001457025,4700.30607582586
galM,0.0,0.0,0.0,1329.22966731799,1067.93278013468,930.223155831479
ybhA,0.0,0.0,0.0,282.098025084456,210.434227968004,218.616687443044
moaE,0.0,0.0,0.0,300.099027025382,250.973305507541,343.624500670339
purM,3974.8137895452323,3971.7368464739293,2860.739576271884,2814.95767560874,2786.08906514369,2387.87036963253
icd,7376.845712706551,7381.347831955739,3721.1257349001503,35871.5045626143,33525.9449802591,35444.7155536609
mraY,185.1689776456978,185.02563648988598,133.26919214232723,18.870379251551,33.1661818272948,37.0015731434035
pspE,0.0,0.0,0.0,437.388037017535,465.240222053366,127.138896276886
ackA,0.0,0.0,142.26687221973668,8632.41484149475,8276.87924610031,7178.67219256566
fliY,0.0,0.0,0.0,7941.52302788228,7936.22480016747,7973.73538095548
pta,0.0,49.780503685465796,4268.0061665921,2133.29381133753,3908.09538101787,3511.55147626125
gmk,95.98550235328831,95.91119901682556,69.08236205998942,242.016254682351,204.721771005602,231.765865083325
pyrD,136.61592342799565,136.510167676598,98.32475169714286,704.100215052984,882.961356490429,637.585198786422
ispH,101.01295477189264,100.93475963427693,72.70070316053133,195.100167116891,142.205211539059,179.830499387383
atpC,195026.28792208733,195052.1184450374,135787.7094023711,12893.7372481638,12419.5394705701,13249.1729551167
murA,207.78037095556851,207.6195260942615,149.54298788247948,581.42052766578,534.403819384211,489.73688087483
sseA,0.0,0.0,0.0,1616.17789874552,1471.07398977032,1771.37490083885
kdsB,63.107307287593486,63.0584552904512,45.41937838306461,454.760772448733,434.712800153692,490.187535265958
nadD,14.710517748012366,14.699130189232958,10.587404225041633,31.2331957017433,21.5298555211442,13.2548728406053
fabI,0.0,0.0,0.0,4193.8338774903,3933.9407626113,4005.93404492529
dapB,693.4281058874085,692.8913162618776,499.07173790861043,1823.28853828172,1529.1695891562,1654.22883893242
speD,0.0,0.0,0.0,632.099147806146,573.876331200105,507.099232155778
ilvN,936.7925331387847,555.5015504084374,270.368344296179,633.962073453008,699.297362403116,545.935286534789
pyrI,0.0,0.0,0.0,11156.751030222,12581.3283138195,12007.3911619622
argE,2.764634497028471,2.7624943658399745,1.9897534169722937,1487.11614737848,1328.83283031212,1287.14888667673
surE,0.0,164.16134039315926,118.24117798072753,164.110553260669,185.935063266868,201.337711067421
sucD,3622.2530715606486,3624.855195489076,1766.312474198539,19454.7643766495,19815.3548685447,18247.3508404677
bioF,0.0,0.0,0.0,192.270718831619,118.638999906815,132.701658367011
cobT,0.0,0.0,0.0,80.8363680519681,76.9839197945884,7.56059694401359
lplA,0.0,0.0,0.0,75.7723290103752,55.7733268338015,75.1290157904136
hdhA,0.0,0.0,0.0,209.365225069808,199.866073398922,189.836250088344
fepC,0.0,0.0,0.0,23.006295635737,18.3869325275172,14.9489526055409
tpiA,3.989728767836893,3.9875196265968538,2.871474134149986,6821.54913285035,6562.52603390569,6833.29412448168
murG,70.4953888531025,70.44081766819839,50.736703532426034,108.149730821486,110.689895995677,109.247344171026
proW,0.0,0.0,0.0,5.73892962859155,3.76730423940609,0.627589759448072
malE,0.0,0.0,0.0,5337.48387863612,5040.10216795468,4865.93276573662
cydB,0.0,0.0,0.0,40.1917757967708,88.1164132852899,80.6351143371074
argF,3.089890063786495,3.087498149013804,2.2238452566138993,25.2461079215166,45.4451473708539,32.0685534442251
pstB,0.0,0.0,0.0,86.9578046707795,118.746720841975,171.438736000166
gltL,0.0,0.0,0.0,107.690640495106,85.0956714498372,102.446283299764
ubiI,0.0,0.0,0.0,11.9072386081268,19.5412524285384,20.5985823052296
glcD,0.0,5.051633522884654,0.0,13.3789426894203,11.8050586238933,6.29114257245911
glsA,0.0,0.0,0.0,11.7231317257618,17.1289389725912,20.0341000539587
yfbR,0.0,0.0,0.0,38.0113332402979,41.1490550029388,37.5757047137266
ilvB,936.7925331387843,555.5015504084374,270.368344296179,761.551638388617,745.391936998089,869.384374203324
glpD,0.0,0.0,0.0,83.8347641137826,80.3014674806238,91.1279050952189
ykgE,0.0,0.0,0.0,7.51912624655072,7.84722453025253,0.266792870674478
dgt,0.0,0.0,0.0,2.05297755066372,3.78045794651665,4.04497095115676
gltD,0.0,0.0,0.0,1552.87355765486,1397.43444819123,1681.89397593132
accB,91.82998822194206,91.75890171049019,66.09156944309547,2057.29856836588,1747.42523829123,2022.49727032572
leuD,0.4017989099724622,0.4014878734214605,0.28918135649134097,4080.33685780437,3325.07242863805,3651.38517149697
hisB,4.937157027410601,4.933335124823397,3.5533540061002316,1401.75580789603,1475.4341199458,1627.18082139183
entE,0.0,0.0,0.0,66.5442455355469,86.3680993277163,98.4332788803249
otsA,0.0,0.0,0.0,152.700547675599,152.249793360052,151.440922909898
ubiD,0.01466714839902234,0.0146557944128918,0.010556190583442697,207.175367392062,376.613472651683,361.939026356725
galU,0.0,0.0,0.0,1217.19648458179,1040.62789043651,1022.21206326803
fabB,34550.80295868527,34524.05683688185,24866.78738910074,16436.8328455589,14117.3062636393,12539.4215144787
prpD,0.0,0.0,0.0,83.6256403456126,90.5988135519293,120.480072978115
astD,0.0,0.0,0.0,3.06022807596128,3.444646811615,3.9007624100949
waaU,0.0,0.0,0.0,3.07105089695247,4.17451926843555,2.01956202116992
mnaT,0.0,0.0,0.0,48.3973263632652,47.6568552322979,49.9945615571364
malP,0.0,0.0,0.0,151.108352344089,221.748840958087,239.364415252548
xylA,0.0,0.0,0.0,180.994927350678,210.96066616946,194.741326954419
asnB,0.0,0.0,0.0,1350.38600491852,1304.50621744336,915.45434344607
pdxJ,5.657287935166928,5.652908572048454,4.071644194519579,922.928349822242,678.365456965639,782.561544048123
argB,232.94349846232856,232.7631745725875,167.65330915355548,3603.45803517914,3904.5972440332,4120.79987880493
ansA,0.0,0.0,0.0,351.273529434236,273.35674135083,253.077583518985
narJ,0.0,0.0,0.0,7.00508059852803,2.55765466234108,5.77321461881502
wecF,0.0,0.0,0.0,4.24923535724899,4.83644954361789,6.88417411103564
appC,0.0,0.0,0.0,0.0831490324253315,0.423632952528152,0.419847729768523
upp,0.0,0.0,0.0,13437.5368851535,14808.613171601,12696.6064639793
add,0.0,0.0,0.0,120.866392871905,125.956099322882,123.892424080112
msbB,0.0,0.0,0.0,45.9609159071116,47.0335795851164,54.0956596854495
gpt,0.0,0.0,0.0,3385.5496319416,3466.78773033772,2814.65198116784
nagE,0.0,0.0,0.0,298.355269221547,702.561897252113,664.649897665341
pepD,0.0,0.0,0.0,3074.30363583364,2539.02728430699,2563.17946249192
artI,0.0,0.0,0.0,2152.79899164701,1914.7097157782,2079.90978722396
fldB,3.0543420617749657,3.0039110219712777,2.163639605625288,270.525241624882,229.916953243261,385.342479922306
iaaA,0.0,0.0,0.0,76.0529369121231,65.1467798113438,74.9628587237017
nikA,0.0,0.0,0.0,0.978873136239644,0.894517342977342,0.816520200283374
leuC,0.4017989099724622,0.4014878734214605,0.28918135649134097,2364.50169597075,1765.30761873963,2110.6304980912
nuoA,1293.7291687185023,1292.2993882369253,944.5331260593147,411.283808638154,797.859817100216,566.29217134228
argH,3.585564419359829,3.582788798115689,2.580590332235164,1331.1333129425,1328.27257741574,1257.02336608517
eno,9341.747251935632,9086.71734419673,6723.410828812647,19565.0589157445,20006.5590395476,16912.4238829896
hemL,133.39577579701103,133.29251279407026,96.00715790353509,2539.37458082013,2155.2645521925,2139.96577355123
metH,386.37932741342644,386.37932741342644,386.37932741342644,240.713485453086,305.590801647529,337.192653830659
poxB,0.0,0.0,0.0,133.298635693978,174.956389792852,150.277729410276
hemH,0.0,0.0,0.0,6.57995663672699,13.1357826949176,3.69194644163977
putA,0.0,0.0,0.0,78.6003651221886,124.166338900086,119.997823413398
glnP,0.0,0.0,0.0,46.6105818398838,97.0847718040606,89.9254258991909
garL,0.0,0.0,0.0,3.99205673749054,10.7605167773989,1.16639449485405
accD,91.82998822194206,91.75890171049019,66.09156944309547,1257.37615142073,1397.37133252135,1459.83835267299
metE,5030.4836215397045,5021.052888647328,1615.8815033854173,19118.9866855043,18643.2353055014,18201.983790814
speA,0.0,0.0,0.0,961.414409986832,1046.92414917073,984.703348799003
ispE,113.13365405324015,113.04607616119972,81.42417197243944,189.992028949614,146.464778757628,189.705668836594
plsY,0.0,0.0,0.0,2.86242315070302,6.89880933618078,6.9553145188849
gadB,0.0,0.0,0.0,3.05316702300457,2.11737030150752,2.02093947027335
moeA,0.0,0.0,0.0,467.880307973658,393.445651596924,439.012448221838
ribB,266.0844262434309,265.8784476305832,191.50538593445262,465.483206690646,396.311964133169,534.535317840474
sucB,1475.7104968582453,1476.715610806154,728.1498899747314,8974.82010402723,9947.53596984512,10251.0694176403
moaD,0.0,0.0,0.0,1028.40258857157,807.553284904011,896.982684301442
leuB,231.90853788776172,231.72901517134278,166.90843081904526,3356.40842685935,2985.17728508339,2085.91223920776
talA,306.2986204621367,0.0,220.44821018238883,837.246732847966,849.323902233285,1118.94857110694
pykA,0.0,0.0,0.0,2180.63972179611,2213.04736216017,2117.07390729445
fadE,1819.83427086562,1818.4255189726819,1309.7649843659824,168.554888792484,507.038347508034,403.224757319408
lptG,2.4246360817142003,2.422759146696278,1.745050904085373,34.2193970676965,113.765876593458,94.1051452245798
uxuB,0.0,0.0,0.0,31.7976850535806,27.9154447592823,28.8706463672543
mqo,0.0,0.0,0.0,222.348051232242,229.271476452938,196.639490224387
garD,0.0,0.0,0.0,10.1070230887474,12.7635375351978,6.61019404202791
dapE,115.56818897436787,115.47872648452059,83.17634723584952,79.2399280256175,54.4813070233439,45.6849524329228
hyaA,0.0,0.0,0.0,0.65496897269332,0.31097785118065,0.763812045568442
yjiA,0.0,0.0,0.0,595.386619157672,540.28085065859,469.170898174354
ilvD,315.2279879734429,314.98396683818225,226.87482445496005,1210.75948274104,957.785006735472,994.157511681876
argT,0.0,0.0,0.0,16269.3050749669,14051.4621250943,16925.5129937734
dkgA,0.0,0.0,0.0,229.373340007542,286.175542855025,263.051743839717
fabD,1.7494316767946725,1.7480774242532668,1.2590950667812337,2281.73787790554,2172.21562088009,2317.22125831267
narH,0.0,0.0,0.0,0.29614893634556,0.00474864718525382,0.00484592330579928
nadE,20.10131593591877,20.085755306396088,14.467251317350717,2539.0474270844,2152.43730052394,2187.40533925958
xylH,0.0,0.0,0.0,1.13195012095231,0.772013416462402,2.38632943108935
aroH,0.0,0.0,0.0,133.705370637171,136.26746660659,148.944376586376
rbsA,0.0,0.0,0.0,66.9349965915268,113.662471678623,114.339426341727
idi,0.0,0.0,0.0,10.211164540543,7.60576787510724,18.4791109152156
rmlA,0.0,0.0,0.0,409.128386290123,380.580284409931,381.451788415722
ylbA,0.0,0.0,0.0,43.689058534705,52.844081212268,6.6956006392168
yeiU,0.0,0.0,0.0,3.95265696794958,9.2370060394293,4.00943060171346
pflA,0.0,0.0,140.47997813442907,142.292040155694,136.752101775471,137.466470755671
gppA,0.0,0.0,0.0,36.7686945907626,46.9125147217305,39.0276896858441
arnA,0.0,0.0,0.0,3.73614176837355,8.54724587206634,8.55119688120651
sdhD,5100.867925811095,5126.28511385331,2659.378797527077,36.7962212651505,52.9393441064942,47.8717347107514
mak,0.0,0.0,0.0,224.775909101449,217.94336702769,195.527192964351
znuA,0.0,0.0,0.0,132.324879201231,106.719147191067,171.209970970204
pgi,0.0,0.0,0.0,2861.48487945892,2571.66132160214,2397.43303357216
yqhD,0.0,0.0,0.0,514.695100469231,432.864477110721,457.48197291075
wecC,0.0,0.0,0.0,60.3012395344564,55.6168668663606,60.6576896435095
fabA,0.0,0.0,0.0,1387.0905636688,1357.18111629302,1402.69854820862
xylF,0.0,0.0,0.0,201.950570200743,216.694298935511,205.84103352231
ytfR,0.0,0.0,0.0,0.666262289131269,1.92686578071477,0.384931338530966
ppa,318.8840353895745,0.0,0.0,6833.69804397671,6701.17116724859,6194.48995139142
ptsG,0.0,0.0,0.0,421.444177298625,827.066547922999,742.412803821561
yicI,0.0,0.0,0.0,0.0259142742278175,0.278976427014088,0.433425047837916
frdA,0.0,0.0,0.0,64.9333381343531,59.7540983422628,64.2405918489687
sucC,3622.2530715606486,3624.855195489076,1766.312474198539,18525.0262945343,18029.9855059187,18431.5424396204
cysU,0.0,0.0,0.0,247.955059477123,413.482237384855,269.809820597217
ribE,0.1648856643892534,0.16475802474905024,0.11867095432723453,5144.74547807487,5849.23180010326,4641.06335490877
ygiN,0.0022212338528670643,0.002219514373547435,0.0015986589378769974,539.9586295569,455.272606868146,479.510621034104
iscS,2329.7219488357505,2327.9184877964813,1676.7396244508143,11026.1056361869,9823.93063353968,9421.63607232225
asd,202.73002112152963,223.08258074171596,145.90816713131494,8607.29646068819,8179.13752508714,8246.09341731268
nagK,0.0,0.0,0.0,9.88524603847359,8.54897889531931,40.5791750482441
yghA,0.0,0.0,0.0,105.761628364744,92.4917526451848,92.6722843647514
yliI,0.0,0.0,0.0,1.22017205267671,1.2169927527902,0.00647816625611066
gatC,0.0,0.0,0.0,1271.32755472901,3214.30988285378,2748.0391926059
glcF,0.0,5.051633522884654,0.0,0.00556964225014827,0.496691761120867,0.00772392504615049
galE,0.0,0.0,0.0,696.15507461303,596.738149758445,649.345634657089
glgP,0.0,0.0,0.0,136.396621404674,234.345517517789,190.262291262875
folE,6788.831061557934,6783.575759597655,4886.034597520651,5399.97516095242,4878.6770269021,5102.40628919715
queD,0.0,0.0,0.0,179.515092265004,176.675967863017,167.467585376083
malZ,0.0,0.0,0.0,0.397843350121879,0.925819421340499,1.27044676383801
aroB,0.5414440817362203,0.5410249444624157,0.38968630858510733,314.675255052379,268.944221267971,270.831777526781
fsaA,0.0,59.287302007715574,42.692172801118204,95.2863080171107,86.5595864453562,88.6365120690595
cfa,0.0,0.0,0.0,25.4269538915113,38.5488973123771,19.6167382648807
rihA,0.0,0.0,0.0,216.330427367715,248.988766498573,224.442044481713
proB,442.2817742755869,441.93939953482163,318.31754706645944,537.25222468961,599.227204629893,679.08151293105
proX,0.0,0.0,0.0,330.633342577846,430.252651436928,405.724465280082
xylB,0.0,0.0,0.0,39.6245225979821,41.9704296489588,41.6805498060002
sufD,0.0,0.0,0.0,237.168821863137,234.311048202537,231.47276435802
sdaB,0.0,0.0,0.0,15.6879567123087,18.5494885204165,41.0520339604226
purB,483.32568940510686,482.9515421594823,347.8575352502895,1043.71381469368,1658.29153812205,1509.24221638554
glpC,0.0,0.0,0.0,0.00562435439955985,0.00551730292358343,0.383255806482445
katG,0.0,0.0,0.0,3615.0996853742,3661.38522665512,3839.90977366315
ribD,0.6480193656558112,0.6475177273903903,0.46639031252201685,180.314625836318,178.602421923459,141.079783881957
gss,0.0,0.0,0.0,66.450056008093,68.1833253392903,72.8322438006538
glyA,58.89884504358625,57.98273343996153,42.3904781290835,15278.6289473037,14942.0214513987,15620.8819498542
plsX,0.0,0.0,0.0,47.8542073052418,49.2866246118975,37.0879701942826
trxB,0.0,0.0,0.0,3640.62550405555,3365.42229839455,2726.25973840533
yqjH,0.0,0.0,0.0,460.26227417924,384.598008176854,334.698843859209
eutB,0.0,0.0,0.0,45.7709889252412,27.0769614849234,24.0945686484162
argC,7112.128991726341,7106.623421609151,5118.7174935585945,1022.65997992792,1122.85958997275,1074.63580916171
waaA,94.57638002442951,94.50316750364135,68.06819328947296,10.1396990344389,32.3387341700382,33.6059462703521
tyrA,0.052109672673600844,0.05206933405530212,0.06009017146004241,2240.58456027496,2402.57549822055,2267.24903703003
yccX,0.0,0.0,0.0,200.828144346706,222.694799193837,222.774523559858
ansB,0.0,0.0,0.0,3.44233202877185,3.04903813883357,3.88554826546381
pepA,0.0,0.0,0.0,769.334657035062,1293.60842795078,1190.78736958157
nuoG,1293.7291687185023,1292.2993882369253,944.5331260593147,983.186979128231,1355.81162052813,1332.38310042364
ppc,0.0,0.0,0.0,898.685432828868,1688.27983477368,1535.61051481548
ydeH,0.0,0.0,0.0,0.228643756045674,0.568833637968214,0.738582602571209
sufE,0.0,0.0,0.0,5.97992095676655,6.60259797157338,10.6905987777042
gnd,0.0,0.0,0.0,6829.2682380528,7233.61642405274,7002.11630191619
hchA,0.0,0.0,0.0,408.650914125573,343.813789360159,284.440924790582
gmhB,0.0,0.0,0.0,325.229549196969,249.695797681145,231.605889699871
gltA,10988.202939232253,11040.243453316178,5822.2568511062755,30284.2548988097,37297.2317032872,37155.8786363628
sucA,1475.7104968582453,1476.715610806154,728.1498899747314,3351.25880640409,4509.62270871801,4195.99766148768
ptsI,0.0,0.0,0.0,3075.37080384212,3074.85161826033,3223.23356842695
lipB,0.0,0.0,0.0,5.8415274066239,9.51807006532999,5.58150590102965
deoD,0.1980065033868016,0.19785322457403928,0.14250857287647642,2187.1040545208,2663.33056178916,2038.06037581845
cysD,378.86060045597776,378.56732067958046,272.6722737214348,626.173386521891,745.645508833027,736.295555046697
nudF,0.0,0.0,0.0,150.917780679643,116.353236583114,88.9299905773023
atpF,195026.28792208733,195052.1184450374,135787.7094023711,11267.3277499465,10128.2309125516,11969.5707845686
atpH,195026.28792208733,195052.1184450374,135787.7094023711,9710.20766033603,9121.57529311222,9233.15853116641
rfbB,0.0,0.0,0.0,623.256824298835,542.969537685796,531.124160782345
lnt,0.0,0.0,0.0,19.6613207067081,33.3931218926688,28.5112212705555
bioD,0.0,0.0,0.0,197.075959639174,270.350009357159,209.197498321043
lsrK,2.0843089968284714,2.0826955124074966,1.5001118422427298,8.15010645163474,6.88192833478068,4.50002317159742
yniC,0.0,0.0,0.0,482.025018634793,453.57452423915,485.263902313858
yfbT,0.0,0.0,0.0,801.233847002175,752.691935534343,877.525068349658
dhaK,0.0,0.0,0.0,668.930630420307,778.603543933552,813.668871784832
yihX,0.0,0.0,0.0,268.318478431636,260.538646432888,262.911006014777
atpD,195026.28792208733,195052.1184450374,135787.7094023711,30541.3341772976,29896.2688354256,30533.0811208901
lptA,2.4246360817142003,2.422759146696278,1.745050904085373,1057.88345691098,927.015551109826,1042.95877971035
proC,1.9627949599178074,1.9612755407270035,1.412656169381595,401.732743409154,390.651577656473,412.934797555826
plsB,495.1063824265556,494.7231156287952,356.33629590345276,170.139238571379,293.86605893225,278.506577648141
fdoH,0.0,0.0,0.0,2.42679859334971,2.54821563479093,1.52642619771921
entF,0.0,0.0,0.0,31.6621119865998,31.960795208155,32.4722450345803
folX,0.0,0.0,0.0,839.652976671371,820.045588693073,991.110324493598
fumC,0.0,0.0,0.0,612.088176843198,679.413952888257,581.591264857337
fadD,0.0,0.0,0.0,209.257801495168,282.100129374254,262.658120558015
sufB,0.0,0.0,0.0,301.566706364665,271.630041218013,273.129025978457
nuoH,1293.7291687185023,1292.2993882369253,944.5331260593147,83.6692740251809,169.394696554303,188.804694122595
yghU,0.0,0.0,0.0,998.76722423534,910.58692834835,822.584906935723
zntA,0.0,0.0,0.0,6.67919509134428,14.4940147434016,9.69901507961517
artP,0.0,0.0,0.0,481.8107305428,559.956746850929,988.757473492103
folM,38.432466738644806,38.402715782123366,27.660485354605125,42.4000045040469,33.6894842649409,32.7128406250689
menF,0.0,0.0,0.0,3.03757600073445,2.87902872250303,2.85318117403805
thiB,0.0,0.0,0.0,32.767480911208,38.5018231660828,27.0813806675483
pyrG,407.23593981734126,406.92069440720974,293.0944772758991,626.723352289654,677.946138315209,570.646143975995
suhB,0.0,0.0,0.0,680.667605657053,748.998941508186,749.772288651567
rffA,0.0,0.0,0.0,52.8438013090854,68.7600947866115,67.0682964320625
potF,0.0,0.0,0.0,4216.44410216585,3793.17226064509,4070.39474001354
cpdA,0.0,0.0,0.0,231.857635116076,213.475465666209,209.632237725617
ndh,0.0,0.0,0.0,423.961708307433,776.165224071415,560.868074889313
hemD,0.03168149675179013,0.031656971788591684,0.022801700002089583,16.7033809936385,14.0372712827999,21.1992675544569
nirD,0.0,0.0,0.0,6.96403114725929,3.15456170157123,4.69009023497159
psd,13.466993149458206,13.456568215498447,9.69241889453317,1441.12464677755,1508.47806894961,1645.49126199861
ybiV,0.0,0.0,0.0,76.8383218599755,78.2346552228019,74.8899497371996
epmB,0.0,0.0,0.0,20.9441340736928,23.5971283721038,22.7511752226953
trpE,14.629822386421841,14.618497294730702,10.529326431529668,927.255943080457,1117.83365014255,990.85955281024
amyA,0.0,0.0,0.0,88.3776040375552,99.4140609399814,126.215960897326
dadA,0.0,0.0,0.0,160.284795438537,171.708743959163,193.832464780936
cysC,32.313743020600064,32.2887286292481,23.256738154541825,406.510320583033,475.072958901884,514.645031811795
trpB,2.740847692455433,2.738725974870036,1.9726336582016768,4076.61933548392,4071.15035297817,4095.99785938773
rpiA,0.0,0.6608355515025882,0.4758385939812429,2577.54231859894,2371.66305690794,2578.04281334719
pstS,0.0,0.0,0.0,425.365613062086,344.307713029998,449.482662339261
gatY,0.0,0.0,0.0,17086.8417389956,17681.7784660097,15188.7742165253
udk,0.0,0.0,0.0,193.179943400033,170.624326569091,171.467835501723
gadA,0.0,0.0,0.0,9.11601359579857,9.58580088414907,10.6395742278473
pbpG,0.0,0.0,0.0,0.0756696173524356,0.00747974846253513,0.113929250741476
hisG,1246.2209013690624,1245.2561893170207,896.9259044791004,1695.40658896805,1562.24692867307,1795.49545475583
gatD,0.0,0.0,0.0,609.941977694223,709.300807290461,556.986630985785
hycE,0.0,0.0,0.0,0.58544891862053,0.85196933863064,2.43773337225487
cydA,0.0,0.0,0.0,334.865609372806,612.941944345692,338.143237615582
hldE,0.0,0.0,0.0,708.261511823025,707.492136664137,647.907247802174
gsiC,0.0,0.0,0.0,46.3804988787356,69.4606528945434,65.0150936883055
pyrB,28.174602189811385,28.15279194873444,20.27772967430891,5281.78576468136,9081.06911530024,6609.38603528776
ydfG,0.0,0.0,0.0,2270.69676228868,1822.88883009542,2032.92363575314
lldD,0.0,0.0,0.0,248.487592378548,218.686695331949,188.468583007023
glmU,14.103802202641825,14.092884308430971,10.150740958767301,352.112810786704,320.03122334098,412.801176807139
pepB,0.0,0.0,0.0,2712.5539429549,3101.19012092509,2425.87410694219
nagB,0.0,0.0,0.0,562.739254068127,563.266860390162,656.071301684198
spoT,0.0,0.0,0.0,9.30069935707617,19.7466727462098,22.9613617023373
entH,0.0,0.0,0.0,25.3989989937351,26.1537499240286,17.4129779411969
sodA,0.0,0.0,0.00041564533860302525,22235.8440191102,22602.1635728173,26745.4014312898
yieF,0.0,0.0,0.0,2202.21021887531,1923.74835680811,1902.69192911808
asnA,2853.8698455094145,2851.6606363460155,2053.9775810509504,1080.92164212217,1029.61197565951,904.225833057697
kdgK,0.0,0.0,0.0,614.528411749412,499.990977632112,508.402111808031
accC,91.82998822194206,91.75890171049019,66.09156944309547,1376.07562669203,1340.96142355963,1481.12453409814
potD,0.0,0.0,0.0,2447.26108819102,2243.96951381221,2448.28877239682
bfr,0.0,0.0,0.0,3041.72913909457,2452.94620524632,2959.30187888097
nanK,0.0,0.0,0.0,18.8745415032559,15.8696106221654,10.5391251839699
mdh,3106.3295566121665,3131.2548796358587,1707.6281634514482,129096.827335516,117145.218178386,134594.608736766
purD,1025.4960001792638,1024.7021534786463,738.0665229494906,2308.10158157447,1857.43659906292,2081.41063228042
nuoK,1293.7291687185023,1292.2993882369253,944.5331260593147,178.45236206759,197.92556999838,195.923837634055
hisC,1.0854283639976305,1.0845881230554135,0.7812008417258386,1268.66453077585,995.802243124909,1008.10651179285
deoA,0.0,0.0,0.0,124.547004765133,110.259105270471,122.063922383808
mltB,0.0,0.0,0.0,24.4448985257126,36.6269245524298,26.8812381936868
amiB,0.0,0.0,0.0,9.21023986678618,10.2383797745926,14.4516889415175
mrcA,182.76713888430993,182.62565701588255,48.92831455168559,16.67312687718,33.3450473586673,37.7940020005213
atpA,195026.28792208733,195052.1184450374,135787.7094023711,19368.7856359273,20771.4177920674,19169.6419404685
murC,986.9567620389506,986.1927489477421,710.3291924417771,416.347918046086,354.151624333285,396.946289925278
rfbC,0.0,0.0,0.0,213.710637710283,163.025547618228,173.069089531551
gpr,0.0,0.0,0.0,475.560268304765,602.977508101056,564.339146067324
nrdD,6.012476361971277,6.007822043942556,4.327279211250576,19.2127392612434,33.4377687288978,26.2219078632452
ycaO,0.0,0.0,0.0,119.333523180925,109.414724132221,147.547727610166
tyrB,13.334539309021585,17.4090135494025,12.539263292038575,1902.54715634175,1719.18931222271,1490.82794869093
ykgG,0.0,0.0,0.0,8.77234213028316,10.1234121596892,9.39402783486451
hemE,24.985190761295925,24.965849475474506,17.98225723669004,0.285853764671697,12.1575955506028,14.069355035012
ldcA,0.0,0.0,0.0,79.3395105197913,70.8563691059605,99.5224423610714
fabG,4684.886683076612,4681.260065483654,3371.7908446122115,3201.98195329965,3486.70450093893,3347.34225381872
dgoA,0.0,0.0,0.0,0.0166171274153688,0.0169740625782557,0.0168033477573955
cysE,43.94852579698512,43.914504804030955,31.630484778164515,481.884543106998,481.488137104542,495.919558546405
rfbD,0.0,0.0,0.0,535.370740529488,475.700018544406,452.01132028674
speC,0.0,0.0,0.0,102.790650335845,99.1366492803095,123.690587678772
nudK,0.0,0.0,0.0,1373.38696485173,1571.49541598653,2045.13777085182
grxD,26237.98724564372,26217.67615754626,18883.91569757593,2993.16351763661,3296.76887537888,3284.50482797477
folC,2.2501127836487296,2.2483709488592747,1.6194435845496216,250.8240013125,208.834474620621,237.428737120325
entB,0.0,0.0,0.0,202.647890765494,197.994963870943,229.891085740368
adhP,0.0,0.0,0.0,30.5950635330327,29.1055858166786,22.0033534104706
dld,0.0,0.0,0.0,512.357374608136,671.169119921896,577.24872167838
hisI,679.7524504396026,679.2262472756017,489.22914128838653,887.725562400833,727.202027000241,933.904325489816
uidA,0.0,0.0,0.0,1.01347151371311,1.47648172753813,1.31634947540868
metL,0.0,222.32683580870204,0.0,109.784461284262,211.583284870912,171.075079623509
thrB,1056.8022395697137,1265.3096039624045,760.5981439889973,841.333264306514,565.175632946876,892.574619897929
tdk,0.0,0.0,0.0,54.7185264203491,54.0737505299199,50.3582128739206
nadR,0.0,0.0,0.0,9.84692843816556,18.5529368703437,16.3949767733113
manA,0.0,0.0,0.0,967.185316234314,849.74516723581,642.522140220729
pyrH,30.781256469227888,30.75742839102745,22.15378210182118,527.84303752045,720.112029278467,573.05362529493
adhE,0.0,0.0,0.0,2134.45650020436,3739.09614547216,3292.32464795908
ubiG,0.0,0.0,0.0,1269.96133831366,869.131554631608,677.263920916546
ahpC,0.0,0.0,0.0,59181.6840847372,50165.3268547288,54777.9097444382
glpQ,0.0,0.0,0.0,74.2636794928936,86.4689533372981,101.762365488451
cpdB,0.0,0.0,0.0,226.673216295494,220.990778430931,195.123938759809
nadC,577.905915529776,577.4585527860037,415.9284966420177,597.102975759302,532.492506186006,621.629516422211
hypB,0.0,0.0,0.0,11.7215128567595,17.4021056831077,18.1199002486467
dmsA,0.0,0.0,0.0,2.67644778339877,1.22995908003238,1.96486406597514
tesB,126.39922717519133,126.30138027044853,90.97162552403182,266.905035798114,245.405520306947,223.435194914621
trpG,473.4679748416841,473.1014585514469,340.7627741680788,854.038957206699,1147.0263383233,991.699653484054
bisC,0.0,0.0,0.0,17.6271320583402,16.1922084520181,21.2798573999733
iscU,1616.0172025289653,1614.7662274651802,1163.0744512788665,7094.78605281296,6897.93628405347,6812.66979189718
dxs,38.728154814765745,38.698174963149874,27.873296979595427,287.315980227577,315.792055290608,307.604707260744
dkgB,0.0,0.0,0.0,71.4069765796798,73.821836512518,78.6776604785751
paaE,0.0,0.0,0.0,0.0071512202358637,0.0769183893648504,0.00702429956518104
rihC,0.0,0.0,0.0,254.518812929647,244.528796023805,289.856930960714
rffG,0.0,0.0,0.0,21.6813114517886,18.0102670493056,21.8221596961159
serB,393923.1713461376,367850.3869632482,283513.05644670175,88.1857248059816,90.6738222246274,108.202882893434
ynhG,0.0,0.0,0.0,157.967414927152,186.61253567383,215.473932449053
mtnN,8.072748295732586,8.06649910061354,5.810091179522995,1983.80556528975,1968.97127502161,1757.747150915
mglC,0.0,0.0,0.0,12.0470812412333,16.1723369245839,11.7359089979901
mazG,0.0,0.0,0.0,1.95645566040421,2.44802279193848,0.934576010138679
metN,0.0,0.0,0.0,827.100290804438,1163.65158660235,1045.87723520661
copA,0.0,0.0,0.0,3389.5451109809,4228.77985506745,4131.04847552951
glf,0.0,0.0,0.0,561.904434659188,525.693309320896,419.390453610762
glpX,0.0,0.0,0.0,100.38804816932,97.8010373044969,112.768120554396
cysW,0.0,0.0,0.0,44.7194077591511,51.2922230924583,34.8540589396337
rfaL,0.0,0.0,0.0,2.97492212875082,5.73418789588306,2.67880830444079
guaA,3614.6950941299583,3611.8969225394103,2601.556163242798,1640.12159176431,1794.91174375811,1612.80753446835
menB,0.0,0.0,0.0,455.201252913508,465.165493897892,472.78720605238
fucO,0.0,0.0,0.0,101.817705527207,113.606471514978,99.9700314488819
relA,0.0,0.0,0.0,38.2292286656182,80.4686263549418,84.5309738876746
deoC,0.0,0.0,0.0,799.784715373497,702.310923050864,780.574578221036
gutQ,5.41964599719139,5.4154505950716265,3.90060934032421,67.9806661287923,60.7404801316662,59.1434971256975
agp,0.0,0.0,0.0,908.761562746676,836.462307502063,1237.89732953236
curA,0.0,0.0,0.0,480.238188848693,501.380206619107,404.650152086062
yeiR,0.0,0.0,0.0,20.7105430910652,24.6931893158493,23.9921762304017
lsrF,3.028777549645794,3.0264329426809016,2.1798615640272456,105.505789816458,86.8176451946595,108.678926593345
