,pyr_1,pyr_2,pyr_3
O32583,1.3224945996523962e-06,1.3214708433683827e-06,9.518213533883505e-07
P00350,0.0,0.0,0.0
P00363,0.0,0.0,0.0
P00370,2.1106761523974077e-08,2.109042256897846e-08,1.5190887225304696e-08
P00393,0.0,0.0,0.0
P00448,0.0,0.0,8.328343356471726e-13
P00452,0.0,0.0,0.0
P00490,0.0,0.0,0.0
P00509,3.4533310457788703e-07,3.418943954368205e-07,2.3798330409431946e-07
P00547,2.1175293197335536e-06,2.5353184206174222e-06,1.5240210610145853e-06
P00550,0.0,0.0,0.0
P00561,3.5421497238739055e-06,3.570552948679855e-06,2.5493440540082317e-06
P00562,0.0,4.4547936762529764e-07,0.0
P00634,0.0,0.0,0.0
P00722,0.0,0.0,0.0
P00805,0.0,0.0,0.0
P00816,0.0,0.0,0.0
P00861,1.5604411148667351e-06,1.5592331618077225e-06,1.1230754168868952e-06
P00864,0.0,0.0,0.0
P00887,0.0,0.0,0.0
P00888,0.0,0.0,0.0
P00893,1.6696596091076818e-07,9.29381692555565e-07,9.29381692555565e-07
P00894,1.6696596091076818e-07,9.29381692555565e-07,9.29381692555565e-07
P00895,2.931397823149576e-08,2.9291285988040235e-08,2.1097757556690666e-08
P00903,7.105923225375114e-08,7.10042245920237e-08,5.114251100327231e-08
P00904,9.486943546697485e-07,9.479599608904041e-07,6.82791101643053e-07
P00909,5.158904830142802e-07,5.154911270365792e-07,3.712949586878356e-07
P00926,0.0,0.0,0.0
P00934,9.682368444543878e-06,1.1599094301426724e-05,6.968561564873469e-06
P00935,9.052212099126977e-08,9.045204691290951e-08,6.515027565038139e-08
P00936,0.0,0.0,0.0
P00944,0.0,0.0,0.0
P00946,0.0,0.0,0.0
P00963,5.718338631672634e-06,5.713912008599971e-06,4.11558339592625e-06
P00968,0.0,0.0,0.0
P02916,0.0,0.0,0.0
P02918,3.662130536635853e-07,3.659295644795279e-07,9.803834317244128e-08
P02919,0.0,0.0,1.655312808231291e-07
P02924,0.0,0.0,0.0
P02925,0.0,0.0,0.0
P03959,0.0,0.0,0.0
P03960,0.0,0.0,0.0
P03961,0.0,0.0,0.0
P04036,1.3894315231028875e-06,1.3883559502775945e-06,9.999969702014892e-07
P04079,7.242814745390496e-06,7.237208010125587e-06,5.21277420347173e-06
P04391,0.0,0.0,0.0
P04425,0.0,0.0,0.0
P04693,2.671860154600869e-08,3.488268215017034e-08,2.51250959494194e-08
P04805,1.1541604848944984e-07,1.1532670377307206e-07,8.306684919911052e-08
P04825,0.0,0.0,0.0
P04951,1.2644898777402612e-07,1.2635110234910647e-07,9.100743905441655e-08
P04968,3.390047365846503e-11,3.387423096307103e-11,2.439873457826399e-11
P04982,0.0,0.0,0.0
P04983,0.0,0.0,0.0
P05020,9.492733842964184e-06,9.485385422844553e-06,6.832078388932879e-06
P05041,7.105923225375114e-08,7.10042245920237e-08,5.114251100327231e-08
P05042,0.0,0.0,0.0
P05194,8.749299066492187e-08,8.742526146661441e-08,6.297016018709557e-08
P05459,2.2671172759380744e-08,1.132681138900643e-08,1.6316820003953965e-08
P05637,0.0,0.0,0.0
P05706,0.0,0.0,0.0
P05707,0.0,0.0,0.0
P05791,6.316266960279735e-07,6.311377474913397e-07,4.545922356186392e-07
P05793,3.188515070413751e-06,3.186046809037977e-06,2.2948273137887053e-06
P05804,0.0,0.0,0.0
P05847,0.0,0.0,0.0
P06149,0.0,0.0,0.0
P06282,0.0,0.0,0.0
P06609,0.0,0.0,0.0
P06610,0.0,0.0,0.0
P06611,0.0,0.0,0.0
P06715,4.798935750810519e-08,4.795220846694734e-08,3.4538738550318925e-08
P06720,0.0,0.0,0.0
P06721,2.417918917621929e-07,2.4160471824278485e-07,1.7402164493973022e-07
P06959,2.3157646437395878e-06,2.3124236214074264e-06,2.9530678507234454e-05
P06960,6.1912556198644085e-09,6.18646290702578e-09,4.4559496158407585e-09
P06968,0.0,0.0,0.0
P06972,0.0,0.0,0.0
P06983,5.078360980382849e-07,5.074429770404735e-07,3.6549808389486656e-07
P06986,2.1748878826858192e-09,2.1732042802442593e-09,1.5653029725112268e-09
P06987,9.89265008174772e-09,9.884992082471657e-09,7.1199047556650875e-09
P06988,4.649725148830685e-06,4.646125750132723e-06,3.346484503760638e-06
P06989,1.362029422413649e-06,1.3609750618283025e-06,9.802752227020513e-07
P06999,0.0,0.0,0.0
P07000,0.0,0.0,0.0
P07001,0.0,0.0,0.0
P07003,0.0,0.0,0.0
P07004,1.7709964175465118e-07,1.7696254715238172e-07,1.274615569271967e-07
P07014,1.0220679881783075e-05,1.0271608654347453e-05,5.328634218578288e-06
P07023,1.0441287461029187e-10,1.0433204756075813e-10,1.2040351082740342e-10
P07024,0.0,0.0,0.0
P07102,0.0,0.0,0.0
P07109,0.0,0.0,0.0
P07623,2.982888621661182e-07,2.980579537774003e-07,2.1468345395304488e-07
P07639,1.084899023813078e-09,1.0840591926383866e-09,7.808198667933161e-10
P07650,0.0,0.0,0.0
P07654,0.0,0.0,0.0
P07762,0.0,0.0,0.0
P07821,0.0,0.0,0.0
P07822,0.0,0.0,0.0
P07862,1.2676496177165242e-07,0.0,0.0
P07913,0.0,0.0,0.0
P08142,1.8770642047811306e-06,1.1130661689610439e-06,5.417408051747492e-07
P08178,7.964389575168039e-06,7.958224261616766e-06,5.732103606578559e-06
P08179,5.998390718844078e-07,4.057632992019649e-07,4.317141539680296e-07
P08192,4.508582224450478e-09,4.505092085899764e-09,3.2449015942041005e-09
P08200,1.4781088172340532e-05,1.4790109131186132e-05,7.456071297951051e-06
P08201,0.0,0.0,0.0
P08202,0.0,0.0,0.0
P08203,0.0,0.0,0.0
P08204,0.0,0.0,0.0
P08244,5.605128389482772e-07,5.600789403589795e-07,4.034104102198399e-07
P08331,0.0,0.0,0.0
P08337,0.0,0.0,0.0
P08373,9.855858310495091e-08,9.84822879209678e-08,7.093425106132729e-08
P08506,0.0,0.0,0.0
P08660,0.0,0.0,0.0
P08722,0.0,0.0,0.0
P08839,0.0,0.0,0.0
P08997,4.379773931452438e-06,3.964893616557212e-06,3.15219612395075e-06
P09029,5.401291046213631e-06,5.39710985284441e-06,3.88739897690507e-06
P09053,2.1793626485804694e-06,2.1776755821779176e-06,1.5685235359305868e-06
P09099,0.0,0.0,0.0
P09126,6.348065489743264e-11,6.343151388817511e-11,4.5688082865770867e-11
P09147,0.0,0.0,0.0
P09148,0.0,0.0,0.0
P09151,2.4664034812299708e-06,2.464494213650742e-06,1.7751115960118746e-06
P09152,0.0,0.0,0.0
P09158,0.0,0.0,0.0
P09323,0.0,0.0,0.0
P09373,0.0,0.0,2.81481682567497e-07
P09394,0.0,0.0,0.0
P09424,0.0,0.0,0.0
P09546,0.0,0.0,0.0
P09551,0.0,0.0,0.0
P09831,0.0,0.0,0.0
P09832,0.0,0.0,0.0
P09833,1.7479409364038523e-12,1.7465878378594816e-12,1.258022156134406e-12
P0A6A3,0.0,0.0,2.850621070548996e-07
P0A6A6,8.050900543606817e-10,8.044668261051068e-10,5.794366989041008e-10
P0A6A8,1.5541966282276903e-05,1.5529935090881805e-05,1.118581156021442e-05
P0A6B4,0.0,0.0,3.0103504177658924e-08
P0A6B7,4.668096214004159e-06,4.664482594081092e-06,3.359706464834199e-06
P0A6C5,2.6987611936794972e-05,2.6966720556733328e-05,1.9423433052317533e-05
P0A6C8,4.667521219827521e-07,4.6639080450131813e-07,3.359292631964455e-07
P0A6D3,2.7122963804769763e-07,2.7101967647474666e-07,1.9520848042286683e-07
P0A6D5,0.0,0.0,0.0
P0A6D7,7.749348485728102e-07,0.0,0.0
P0A6E1,0.0,7.743349637633475e-07,5.577334958874226e-07
P0A6E4,3.063382870994735e-05,3.0610114757048455e-05,2.2047675892085194e-05
P0A6E6,0.00039077688079272387,0.00039082863777018185,0.00027207971856309894
P0A6F1,0.0,0.0,0.0
P0A6F3,0.0,0.0,0.0
P0A6G3,0.0,0.0,0.0
P0A6G5,0.0,0.0,0.0
P0A6H8,0.0,0.0,0.0
P0A6I0,1.1817590586315041e-07,1.1808442471360598e-07,8.505316444099301e-08
P0A6I3,4.207457201056613e-08,4.2042001664245405e-08,3.028176907874854e-08
P0A6I6,9.883708252239942e-09,9.876057174990062e-09,7.113469172327871e-09
P0A6I9,9.972119074161512e-07,9.964399557211574e-07,7.177099910932152e-07
P0A6J1,6.474749552415414e-08,6.469737384091033e-08,4.659984912944508e-08
P0A6J5,0.0,0.0,0.0
P0A6J8,0.0,1.2666683174810405e-07,9.123485079442313e-08
P0A6K1,2.062383959155661e-07,2.06078744712545e-07,1.4843320280672038e-07
P0A6K6,5.148200556188616e-07,5.143477612531979e-07,3.438156003221184e-07
P0A6L0,0.0,0.0,0.0
P0A6L2,2.128909408278234e-07,2.1272613982331322e-07,1.5322114999646756e-07
P0A6L4,0.0,0.0,0.0
P0A6L7,0.0,0.0,0.0
P0A6P9,1.871818866656474e-05,1.82071816996738e-05,1.3471791623399262e-05
P0A6Q3,0.0,0.0,0.0
P0A6Q6,0.0,0.0,0.0
P0A6R0,0.0,0.0,0.0
P0A6S7,1.67272454628331e-07,1.6714296734980964e-07,1.2038876694904994e-07
P0A6T1,0.0,0.0,0.0
P0A6T3,0.0,0.0,0.0
P0A6T5,1.3602875052024796e-05,1.3592344930524037e-05,9.790215359209598e-06
P0A6T9,0.0,0.0,0.0
P0A6U8,0.0,0.0,0.0
P0A6V1,0.0,0.0,0.0
P0A6V5,0.0,0.0,0.0
P0A6V8,0.0,0.0,0.0
P0A6W0,0.0,0.0,0.0
P0A6W3,3.710256513361472e-07,3.7073843667214377e-07,2.6703333056285274e-07
P0A6W9,0.0,0.0,0.0
P0A6X1,1.692847934402124e-06,1.6915374839010943e-06,1.2183708065248913e-06
P0A715,2.7692368199202918e-08,2.7670931260276567e-08,1.9930657852834936e-08
P0A717,1.5718903998833375e-05,1.5718903998833375e-05,1.5718903998833375e-05
P0A720,4.8875148788705776e-08,4.883731404766581e-08,3.517625726362156e-08
P0A722,2.637344663798375e-07,2.635303068941668e-07,1.8981408074618339e-07
P0A725,8.39155120299483e-07,8.385055219359854e-07,6.039538932833108e-07
P0A731,0.0,0.0,0.0
P0A738,0.0,0.0,0.0
P0A744,0.0,0.0,0.0
P0A746,0.0,0.0,0.0
P0A749,4.163324140405612e-07,4.160101269588412e-07,2.9964136102762356e-07
P0A752,2.9475668647863548e-08,2.945285123823599e-08,2.121412883788428e-08
P0A754,0.0,0.0,0.0
P0A759,0.0,0.0,0.0
P0A761,0.0,0.0,0.0
P0A763,0.0,0.0,3.511730482844642e-08
P0A786,5.645384157498199e-08,5.641014009212965e-08,4.063076847799178e-08
P0A790,7.37936811487952e-08,7.373655672336565e-08,5.3110539340897926e-08
P0A794,1.133558637968861e-08,1.132681138900643e-08,8.158410001977823e-09
P0A796,0.0,0.0,0.0
P0A799,3.1698954548106476e-07,3.168616247814933e-07,2.2814264668380805e-07
P0A7A7,9.920515323683561e-07,9.912835753645284e-07,7.139959833620671e-07
P0A7A9,6.389523689950813e-07,0.0,0.0
P0A7B1,0.0,0.0,0.0
P0A7B3,2.544873719993878e-10,2.542903707817061e-10,1.8315879316268964e-10
P0A7B5,8.86206131616124e-07,8.855201105946305e-07,6.37817288477111e-07
P0A7D4,7.244931228035481e-06,7.2393228543793534e-06,5.214297471223167e-06
P0A7D7,4.116159840426051e-07,4.112973479964414e-07,2.9624686793478687e-07
P0A7E1,2.7373922250490416e-07,2.7352731823754933e-07,1.970146700852888e-07
P0A7E3,7.356720417572975e-06,7.3510255067890734e-06,5.294754009728662e-06
P0A7E5,8.159843065468672e-07,8.153526449418191e-07,5.872774733486501e-07
P0A7E9,6.167683094461159e-08,6.162908629349989e-08,4.4389840773516064e-08
P0A7F3,0.0,0.0,0.0
P0A7F6,0.0,0.0,0.0
P0A7I7,2.1160599180019077e-07,2.1144218548774842e-07,1.5229635081560355e-07
P0A7J0,5.331570590958962e-07,5.327443368895913e-07,3.837220005970118e-07
P0A7Z0,0.0,1.3241253693773172e-09,9.534443971526079e-10
P0A817,4.23211983600547e-08,4.2288437097527034e-08,3.0459270163122354e-08
P0A825,1.1801643354675141e-07,1.1618080800756504e-07,8.49383895632224e-08
P0A836,7.257958769700937e-06,7.263172681543391e-06,3.5391848274748027e-06
P0A840,0.0,3.2893235690985097e-07,2.3692148994306452e-07
P0A853,9.193803764382527e-08,9.186686749023638e-08,6.616933440863622e-08
P0A858,7.994274924245875e-09,7.98984843727219e-09,5.7536125892341165e-09
P0A867,6.137347983730578e-07,0.0,4.4171513937561026e-07
P0A870,0.0,6.125672238358309e-07,0.0
P0A877,5.4918745744345805e-09,5.487623259451465e-09,3.952593448359888e-09
P0A879,5.4918745744345805e-09,5.487623259451465e-09,3.952593448359888e-09
P0A884,3.8794163334646444e-08,3.876413238517612e-08,2.7920804408923293e-08
P0A887,0.0,0.0,0.0
P0A8F0,0.0,0.0,0.0
P0A8F4,0.0,0.0,0.0
P0A8G3,0.0,0.0,0.0
P0A8G6,0.0,0.0,0.0
P0A8K1,2.698400114503875e-08,2.6963112560127083e-08,1.9420834305451488e-08
P0A8N5,0.0,0.0,0.0
P0A8Q0,0.0,0.0,0.0
P0A8Q3,0.0,0.0,0.0
P0A8Y1,0.0,0.0,0.0
P0A8Y3,0.0,0.0,0.0
P0A8Y5,0.0,0.0,0.0
P0A8Y8,0.0,0.0,0.0
P0A921,0.0,0.0,0.0
P0A924,2.197278321981512e-07,2.1955773868771673e-07,1.5814177439734222e-07
P0A935,0.0,0.0,0.0
P0A951,0.0,0.0,0.0
P0A953,6.922992358072741e-05,6.917633200513522e-05,4.982592713414462e-05
P0A955,0.0,0.0,0.0
P0A959,0.0,0.0,0.0
P0A962,0.0,0.0,0.0
P0A991,0.0,0.0,0.0
P0A993,0.0,0.0,0.0
P0A996,0.0,0.0,0.0
P0A9B2,2.3257813813270504e-06,2.324842815416625e-06,1.673903532492279e-06
P0A9B6,1.5870163724360625e-10,7.928939236021888e-11,1.142202071644154e-10
P0A9C0,0.0,0.0,0.0
P0A9C3,0.0,0.0,0.0
P0A9C5,3.715960550330712e-05,3.7130839881385006e-05,2.674438595880128e-05
P0A9C9,0.0,0.0,0.0
P0A9D4,8.806027130683749e-08,8.799210297091849e-08,6.33784414976449e-08
P0A9D8,6.110837683687802e-07,6.106107223177108e-07,4.3980714900106536e-07
P0A9G6,7.39184495243192e-06,7.654521769955055e-06,5.320033721506214e-06
P0A9H3,0.0,0.0,0.0
P0A9H5,0.0,0.0,0.0
P0A9H7,0.0,0.0,0.0
P0A9I1,0.0,0.0,0.0
P0A9I8,0.0,0.0,0.0
P0A9J4,1.918618442130018e-09,1.917133220435979e-09,1.380861594984558e-09
P0A9J6,0.0,0.0,0.0
P0A9J8,2.0293357907050267e-10,2.0277648615922322e-10,1.0079884234549771e-10
P0A9L8,3.932879512011127e-09,3.929835030683379e-09,2.830558779460921e-09
P0A9M2,0.0,0.0,0.0
P0A9M5,0.0,0.0,0.0
P0A9M8,0.0,9.974588637132082e-08,8.551863211646987e-06
P0A9N4,0.0,0.0,2.8148168256749706e-07
P0A9N8,0.0,0.0,0.0
P0A9P0,5.272666254591793e-06,5.27133919303174e-06,3.098968255117937e-05
P0A9P4,0.0,0.0,0.0
P0A9P9,0.0,0.0,0.0
P0A9Q5,1.8400102233878905e-07,1.838585853088503e-07,1.324285952875564e-07
P0A9Q7,0.0,0.0,0.0
P0A9Q9,4.062129579606393e-07,4.469936642401011e-07,2.923582202238147e-07
P0A9S1,0.0,0.0,0.0
P0A9S3,0.0,0.0,0.0
P0A9S5,0.0,0.0,0.0
P0A9T0,8.76981949526154e-06,8.189367190322367e-06,6.311784912501946e-06
P0A9U8,1.0130533103691976e-07,1.0122690956791689e-07,7.291113122001408e-08
P0A9V1,4.8582769798104785e-09,4.854516139056296e-09,3.4965827242501434e-09
P0A9V8,0.0,0.0,0.0
P0A9X1,0.0,0.0,0.0
P0AA04,0.0,0.0,0.0
P0AA25,0.0,0.0,0.0
P0AA84,0.0,0.0,0.0
P0AA89,0.0,0.0,0.0
P0AAB4,2.938876888116592e-11,2.936601874152101e-11,2.1151585630852176e-11
P0AAF3,0.0,0.0,0.0
P0AAF6,0.0,0.0,0.0
P0AAG3,0.0,0.0,0.0
P0AAG8,0.0,0.0,0.0
P0AAH0,0.0,0.0,0.0
P0AAI1,0.0,0.0,0.0
P0AAI5,0.0,0.0,0.0
P0AAI9,3.505360539349028e-09,3.5026470047298013e-09,2.5228662661868443e-09
P0AAJ1,0.0,0.0,0.0
P0AAJ3,0.0,0.0,0.0
P0AAJ5,0.0,0.0,0.0
P0AAJ8,0.0,0.0,0.0
P0AAK1,0.0,0.0,0.0
P0AAK7,0.0,0.0,0.0
P0AAL3,0.0,0.0,0.0
P0AAM1,0.0,0.0,0.0
P0AAN3,0.0,0.0,0.0
P0AAX8,0.0,0.0,0.0
P0AB65,0.0,0.0,0.0
P0AB67,0.0,0.0,0.0
P0AB71,0.0,0.0,0.0
P0AB74,0.0,0.0,0.0
P0AB77,0.0,2.5678273777741004e-07,0.0
P0AB80,6.14670333154612e-07,6.141945107079046e-07,4.4238845931368415e-07
P0AB87,0.0,0.0,0.0
P0AB89,9.684463942018667e-07,9.676967101712673e-07,6.970069729248955e-07
P0AB91,2.2232081606696049e-07,2.2214871530180386e-07,1.6000798800303317e-07
P0AB96,0.0,0.0,0.0
P0AB98,0.00039077688079272387,0.00039082863777018185,0.00027207971856309894
P0ABA0,0.00039077688079272387,0.00039082863777018185,0.00027207971856309894
P0ABA4,0.00039077688079272387,0.00039082863777018185,0.00027207971856309894
P0ABA6,0.00039077688079272387,0.00039082863777018185,0.00027207971856309894
P0ABB0,0.00039077688079272387,0.00039082863777018185,0.00027207971856309894
P0ABB4,0.00039077688079272387,0.00039082863777018185,0.00027207971856309894
P0ABB8,0.0,0.0,0.0
P0ABC0,0.0,0.0,0.0
P0ABD3,0.0,0.0,0.0
P0ABD5,1.8400102233878905e-07,1.838585853088503e-07,1.324285952875564e-07
P0ABD8,1.8400102233878905e-07,1.838585853088503e-07,1.324285952875564e-07
P0ABE9,0.0,0.0,6.1185477322677526e-12
P0ABF6,0.0,0.0,0.0
P0ABF8,0.0,0.0,0.0
P0ABG1,1.1092013776203857e-06,1.108342733750782e-06,7.983106749202257e-07
P0ABG4,1.4125614899428514e-08,1.411468011979112e-08,1.0166439919339247e-08
P0ABH7,2.2017214786070487e-05,2.2121489086654467e-05,1.166613688693248e-05
P0ABI8,1.6476922064077912e-05,1.648934894520507e-05,1.0984051721044807e-05
P0ABJ1,1.6476922064077912e-05,1.648934894520507e-05,1.0984051721044807e-05
P0ABJ3,1.6476922064077912e-05,1.648934894520507e-05,1.0984051721044807e-05
P0ABJ6,1.6476922064077912e-05,1.648934894520507e-05,1.0984051721044807e-05
P0ABJ9,0.0,0.0,0.0
P0ABK2,0.0,0.0,0.0
P0ABK5,0.0,0.0,0.0
P0ABK9,0.0,0.0,0.0
P0ABL1,0.0,0.0,0.0
P0ABL3,0.0,0.0,0.0
P0ABL5,0.0,0.0,0.0
P0ABL8,0.0,0.0,0.0
P0ABM1,0.0,0.0,0.0
P0ABM5,0.0,0.0,0.0
P0ABN1,0.0,0.0,0.0
P0ABP8,3.967483798957399e-10,3.964412530105336e-10,2.8554640601650434e-10
P0ABQ0,7.104724731546983e-08,7.099224893189465e-08,5.113388524421609e-08
P0ABQ2,0.0,0.0,0.0
P0ABQ4,0.0,0.0,0.0
P0ABR5,0.0,0.0,0.0
P0ABR9,0.0,0.0,0.0
P0ABU0,0.0,0.0,0.0
P0ABW0,0.0,0.0,0.0
P0ABY4,6.120027594696702e-09,6.018978220073461e-09,4.335314717078681e-09
P0ABZ4,1.1966995027116128e-07,1.1957731256690905e-07,8.612845304393065e-08
P0AC00,0.0,0.0,0.0
P0AC13,4.367865782470861e-07,4.3644845739239535e-07,3.1436256311232583e-07
P0AC16,5.349452948387146e-07,5.345311883406863e-07,3.850090235951499e-07
P0AC19,0.0,0.0,0.0
P0AC28,0.0,0.0,0.0
P0AC33,0.0,0.0,0.0
P0AC35,0.0,0.0,0.0
P0AC38,0.0,0.0,0.0
P0AC41,1.0220679881783075e-05,1.0271608654347453e-05,5.328634218578288e-06
P0AC44,1.0220679881783075e-05,1.0271608654347453e-05,5.328634218578288e-06
P0AC47,0.0,0.0,0.0
P0AC53,0.0,0.0,0.0
P0AC59,0.0,0.0,0.0
P0AC62,0.0,0.0,0.0
P0AC69,5.2573419324004474e-05,5.2532721714790874e-05,3.783796406153992e-05
P0AC75,1.8950400572346746e-07,1.893573087791048e-07,1.363891839313627e-07
P0AC78,0.0,0.0,0.0
P0AC81,0.0,0.0,0.0
P0AC84,0.0,0.0,0.0
P0AC86,0.0,0.0,0.0
P0AC88,0.0,0.0,0.0
P0ACB2,5.1295513709690147e-08,5.125580533998051e-08,3.6918234142310206e-08
P0ACB4,5.4349226183831354e-08,5.430715390478265e-08,3.9116041786106967e-08
P0ACC7,2.8259984286158045e-08,2.8238107949947165e-08,2.033918058875586e-08
P0ACD4,3.2380361049785084e-06,3.2355295088750592e-06,2.330468425784925e-06
P0ACD8,0.0,0.0,0.0
P0ACE0,0.0,0.0,0.0
P0ACE7,0.0,0.0,0.0
P0ACV0,0.0,0.0,0.0
P0ACV2,0.0,0.0,0.0
P0AD57,7.9350818621795e-09,7.928939236022265e-09,5.711010358221342e-09
P0AD61,0.0,0.0,0.0
P0AD65,3.662130536635853e-07,3.659295644795279e-07,2.6356962399557037e-07
P0AD68,3.662130536635853e-07,3.659295644795279e-07,2.6356962399557037e-07
P0AD70,0.0,0.0,0.0
P0ADA1,0.0,0.0,0.0
P0ADC1,4.8582769798104785e-09,4.854516139056296e-09,3.4965827242501434e-09
P0ADC6,4.8582769798104785e-09,4.854516139056296e-09,3.4965827242501434e-09
P0ADF6,0.0,0.0,0.0
P0ADF8,1.8770642047811308e-06,1.1130661689610439e-06,5.417408051747492e-07
P0ADG4,0.0,0.0,0.0
P0ADG7,5.58375340338519e-06,5.579430964082537e-06,4.018720169287514e-06
P0ADI4,0.0,0.0,0.0
P0ADP0,1.7633261328692393e-08,1.7619611244921072e-08,1.2690951378510687e-08
P0ADU2,4.450717109897323e-12,4.447271765311875e-12,3.2032551090987083e-12
P0ADV1,4.8582769798104785e-09,4.854516139056296e-09,3.4965827242501434e-09
P0ADV9,4.8582769798104785e-09,4.854516139056296e-09,3.4965827242501434e-09
P0AE08,0.0,0.0,0.0
P0AE12,0.0,0.0,0.0
P0AE22,0.0,0.0,0.0
P0AE26,0.0,0.0,0.0
P0AE30,0.0,0.0,0.0
P0AE34,0.0,0.0,0.0
P0AE37,0.0,0.0,0.0
P0AE52,0.0,0.0,0.0
P0AE76,0.0,0.0,0.0
P0AEA5,0.0,0.0,0.0
P0AEA8,1.2528905228096232e-09,1.2519206477369804e-09,9.017261419302104e-10
P0AEB0,0.0,0.0,0.0
P0AEB2,0.0,0.0,0.0
P0AED7,2.315655847600886e-07,2.3138632752711263e-07,1.666616017505437e-07
P0AEE5,0.0,0.0,0.0
P0AEG6,0.0,0.0,0.0
P0AEI6,0.0,0.0,0.0
P0AEJ2,0.0,0.0,0.0
P0AEJ6,0.0,0.0,0.0
P0AEK2,9.387172490364113e-06,9.379905786342293e-06,6.75610412822609e-06
P0AEK4,0.0,0.0,0.0
P0AEK7,0.0,0.0,0.0
P0AEL0,0.0,0.0,0.0
P0AEL6,0.0,0.0,0.0
P0AEM9,0.0,0.0,0.0
P0AEN1,0.0,0.0,1.6271059628537132e-06
P0AEP3,0.0,0.0,0.0
P0AEP7,0.0,0.0,0.0
P0AEP9,0.0,1.0122028225084502e-08,0.0
P0AEQ3,0.0,0.0,0.0
P0AEQ6,0.0,0.0,0.0
P0AER3,0.0,0.0,0.0
P0AER5,0.0,0.0,0.0
P0AES0,0.0,0.0,0.0
P0AES2,0.0,0.0,0.0
P0AET8,0.0,0.0,0.0
P0AEU0,0.0,0.0,0.0
P0AEU3,0.0,0.0,0.0
P0AEW4,0.0,0.0,0.0
P0AEW6,0.0,0.0,0.0
P0AEW9,0.0,0.0,0.0
P0AEX9,0.0,0.0,0.0
P0AEY3,0.0,0.0,0.0
P0AEZ1,1.9972418060314563e-07,1.995695721192882e-07,1.437448137300762e-07
P0AEZ7,0.0,0.0,0.0
P0AF01,1.7479409364038523e-12,1.7465878378594816e-12,1.258022156134406e-12
P0AF03,0.0,0.0,0.0
P0AF12,1.6175477839640944e-08,1.6162956240619064e-08,1.1641760361876729e-08
P0AF16,1.4125614899428514e-08,1.411468011979112e-08,1.0166439919339247e-08
P0AF18,0.0,0.0,0.0
P0AF24,0.0,0.0,0.0
P0AF26,0.0,0.0,0.0
P0AF32,0.0,0.0,0.0
P0AF98,4.8582769798104785e-09,4.854516139056296e-09,3.4965827242501434e-09
P0AFA9,0.0,0.0,0.0
P0AFC0,4.104258123805024e-09,4.101080976580717e-09,2.953902815997392e-09
P0AFC3,2.5922630970874553e-06,2.5893982260859004e-06,1.8925741382839382e-06
P0AFC7,2.5922630970874553e-06,2.5893982260859004e-06,1.8925741382839382e-06
P0AFD1,2.5922630970874553e-06,2.5893982260859004e-06,1.8925741382839382e-06
P0AFD4,2.5922630970874553e-06,2.5893982260859004e-06,1.8925741382839382e-06
P0AFD6,2.5922630970874553e-06,2.5893982260859004e-06,1.8925741382839382e-06
P0AFE0,2.5922630970874553e-06,2.5893982260859004e-06,1.8925741382839382e-06
P0AFE4,2.5922630970874553e-06,2.5893982260859004e-06,1.8925741382839382e-06
P0AFE8,2.5922630970874553e-06,2.5893982260859004e-06,1.8925741382839382e-06
P0AFF0,2.5922630970874553e-06,2.5893982260859004e-06,1.8925741382839382e-06
P0AFG3,2.956901610852205e-06,2.9589155716243137e-06,1.4590040439449149e-06
P0AFG6,2.956901610852205e-06,2.9589155716243137e-06,1.4590040439449149e-06
P0AFG8,2.3157646437395878e-06,2.3124236214074264e-06,2.9530678507234454e-05
P0AFI0,0.0,0.0,0.0
P0AFI5,0.0,0.0,0.0
P0AFI7,0.0,0.0,0.0
P0AFK4,0.0,0.0,0.0
P0AFK6,0.0,0.0,0.0
P0AFK9,0.0,0.0,0.0
P0AFL1,0.0,0.0,0.0
P0AFL6,0.0,0.0,0.0
P0AFM2,0.0,0.0,0.0
P0AFP4,0.0,0.0,0.0
P0AFQ5,0.0,0.0,0.0
P0AFR9,0.0,0.0,0.0
P0AFS1,0.0,0.0,0.0
P0AFS3,7.700766718842335e-08,7.694805478378846e-08,5.542369853444383e-08
P0AFS9,0.0,0.0,0.0
P0AFT2,0.0,0.0,0.0
P0AFU8,2.377496555638301e-07,2.375656111800627e-07,1.711123803348055e-07
P0AFV4,0.0,0.0,0.0
P0AG00,0.0,0.0,0.0
P0AG07,4.24625966949558e-08,4.244192451827543e-08,3.056103689587765e-08
P0AG16,4.965289799852918e-07,4.961446119405082e-07,3.573601630209574e-07
P0AG18,2.0427643501386955e-06,2.041183025843707e-06,1.4702114692290239e-06
P0AG20,0.0,0.0,0.0
P0AG24,0.0,0.0,0.0
P0AG40,4.667695213043221e-09,4.664081903547212e-09,3.3594178577769235e-09
P0AG78,0.0,0.0,0.0
P0AG80,0.0,0.0,0.0
P0AG82,0.0,0.0,0.0
P0AG84,0.0,0.0,0.0
P0AGB0,0.0007893093275308538,0.0007370669274765741,0.0005680790474077739
P0AGC3,0.0,0.0,0.0
P0AGC5,0.0,0.0,0.0
P0AGD1,0.0,0.0,0.0
P0AGD3,1.1571697854616982e-12,1.156274008768563e-12,0.0
P0AGE6,0.0,0.0,0.0
P0AGE9,7.257958769700937e-06,7.263172681543391e-06,3.5391848274748027e-06
P0AGF6,0.0,0.0,0.0
P0AGG0,2.519069979604003e-07,2.5171199423621367e-07,1.8130165506134073e-07
P0AGG2,2.5326788637778384e-07,2.5307182917627533e-07,1.8228110908375042e-07
P0AGG4,0.0,0.0,0.0
P0AGH8,0.0,0.0,0.0
P0AGI1,0.0,0.0,0.0
P0AGI4,0.0,0.0,0.0
P0AGK1,7.9350818621795e-06,7.928939236022266e-06,5.711010358221343e-06
P0C066,0.0,0.0,0.0
P0C0T5,0.0,0.0,0.0
P0C7L2,0.0,0.0,0.0
P0C8J6,0.0,0.0,0.0
P0C8J8,0.0,0.0,0.0
P0C8K0,0.0,0.0,0.0
P0C960,0.0,0.0,0.0
P0CI31,0.0,0.0,0.0
P0DP69,0.0,0.0,0.0
P10346,0.0,0.0,0.0
P10371,4.714773242994e-07,4.711123489916383e-07,3.3933006987289445e-07
P10378,0.0,0.0,0.0
P10441,1.2610505131248364e-09,1.2600743213221558e-09,9.075990226417867e-10
P10902,2.921012208346838e-08,2.9187510236089717e-08,2.1023010560065503e-08
P10905,0.0,0.0,0.0
P10906,0.0,0.0,0.0
P10907,0.0,0.0,0.0
P10908,0.0,0.0,0.0
P11349,0.0,0.0,0.0
P11350,0.0,0.0,0.0
P11446,1.4250671603269341e-05,1.4239640015987931e-05,1.0256445308496488e-05
P11447,7.184445207912523e-09,7.178883657089794e-09,5.170764676798775e-09
P11454,0.0,0.0,0.0
P11458,2.0264412766876908e-07,2.024872588246768e-07,1.4584634818513375e-07
P11553,0.0,0.0,0.0
P11868,0.0,0.0,0.0
P11880,4.2165759608061495e-08,4.213311867222682e-08,3.034739830872792e-08
P11988,0.0,0.0,0.0
P12008,5.787234735073454e-07,5.782754778838734e-07,4.1651690671262573e-07
P12281,0.0,0.0,0.0
P12282,0.0,0.0,0.0
P12758,0.0,0.0,0.0
P12995,0.0,0.0,0.0
P12996,0.0,0.0,0.0
P12998,0.0,0.0,0.0
P12999,0.0,0.0,0.0
P13000,0.0,0.0,0.0
P13001,0.0,0.0,0.0
P13009,7.741936227065393e-07,7.741936227065393e-07,7.741936227065393e-07
P13016,0.0,0.0,0.0
P13029,0.0,0.0,0.0
P13033,0.0,0.0,0.0
P13035,0.0,0.0,0.0
P13482,0.0,0.0,0.0
P14081,0.0,0.0,0.0
P14175,0.0,0.0,0.0
P14176,0.0,0.0,0.0
P14407,1.5487785694154108e-06,1.5561246885221973e-06,8.202618154031728e-07
P14900,1.1884126175750835e-06,1.1874926554931491e-06,8.553203214148632e-07
P15028,0.0,0.0,0.0
P15029,0.0,0.0,0.0
P15030,0.0,0.0,0.0
P15031,0.0,0.0,0.0
P15042,0.0,0.0,0.0
P15047,0.0,0.0,0.0
P15067,0.0,0.0,0.0
P15254,0.0006376745651092921,0.0006371809348567204,0.00045894498755848055
P15288,0.0,0.0,0.0
P15639,8.97908011823581e-06,8.97212932259636e-06,6.462393262375265e-06
P15640,2.0548005732209927e-06,2.053209931565449e-06,1.4788741391158324e-06
P15723,0.0,0.0,0.0
P15770,8.244002293183512e-08,8.237620528633931e-08,5.9333455290456725e-08
P15877,0.0,0.0,0.0
P15977,0.0,0.0,0.0
P16095,0.0,0.0,0.0
P16429,0.0,0.0,0.0
P16430,0.0,0.0,0.0
P16431,0.0,0.0,0.0
P16432,0.0,0.0,0.0
P16433,0.0,0.0,0.0
P16456,0.0,0.0,0.0
P16676,0.0,0.0,0.0
P16677,0.0,0.0,0.0
P16679,0.0,0.0,0.0
P16682,0.0,0.0,0.0
P16685,0.0,0.0,0.0
P16686,0.0,0.0,0.0
P16687,0.0,0.0,0.0
P16688,0.0,0.0,0.0
P16689,0.0,0.0,0.0
P16690,1.7226328109737995e-05,1.7210522629800273e-05,1.1503610067876565e-05
P16691,0.0,0.0,0.0
P16692,0.0,0.0,0.0
P16700,0.0,0.0,0.0
P16701,0.0,0.0,0.0
P16703,7.338303106115941e-07,7.332622452356993e-07,5.281498764435931e-07
P17109,0.0,0.0,0.0
P17115,1.0859419929221592e-08,1.0851013543746587e-08,7.815705090032795e-09
P17169,3.9095318333172213e-07,3.9065054256608416e-07,2.813755066887161e-07
P17334,0.0,0.0,0.0
P17411,0.0,0.0,0.0
P17443,1.41252589380622e-07,1.4114324433978056e-07,1.01661837280251e-07
P17444,0.0,0.0,0.0
P17445,0.0,0.0,0.0
P17846,4.4529052382872097e-07,4.449458199848653e-07,3.19898893221083e-07
P17854,5.2573419324004474e-05,5.2532721714790874e-05,3.783796406153992e-05
P17952,1.977578966692666e-06,1.9760481030544955e-06,1.4232964648812117e-06
P17993,0.0,0.0,0.0
P18133,0.0,0.0,0.0
P18200,0.0,0.0,0.0
P18335,0.0,0.0,0.0
P18775,0.0,0.0,0.0
P18776,0.0,0.0,0.0
P18777,0.0,0.0,0.0
P18843,4.027728582110696e-08,4.02461067716935e-08,2.8988232323312697e-08
P18956,0.0,0.0,0.0
P19317,0.0,0.0,0.0
P19318,0.0,0.0,0.0
P19319,0.0,0.0,0.0
P19624,1.133558637968861e-08,1.132681138900643e-08,8.158410001977823e-09
P19636,0.0,0.0,0.0
P19642,0.0,0.0,0.0
P19925,0.0,0.0,0.0
P19926,0.0,0.0,0.0
P20099,0.0,0.0,0.0
P20966,0.0,0.0,0.0
P21151,0.00010062910105827677,0.00010019857152380795,7.207180571839892e-05
P21156,7.591282451142748e-07,7.585405963545039e-07,5.463572205511613e-07
P21169,0.0,0.0,0.0
P21170,0.0,0.0,0.0
P21177,1.7048427743495584e-07,1.7035230385230724e-07,1.227003692281434e-07
P21179,0.0,0.0,0.0
P21369,0.0,0.0,0.0
P21437,0.0,0.0,0.0
P21514,0.0,0.0,0.0
P21515,0.0,0.0,0.0
P21517,0.0,0.0,0.0
P21599,0.0,0.0,0.0
P21645,1.2039769988543934e-07,1.2030449882293907e-07,8.665222654211517e-08
P21829,0.0,0.0,0.0
P22106,0.0,0.0,0.0
P22188,1.5212364950784391e-06,1.520058890707339e-06,1.0948592001433412e-06
P22255,1.5448858949682134e-06,1.543689983360381e-06,1.11188006647871e-06
P22256,0.0,0.0,0.0
P22259,0.0,0.0,0.0
P22333,0.0,0.0,0.0
P22525,0.0,0.0,0.0
P22564,0.0,0.0,0.0
P22634,1.626316290414258e-07,1.6250573427236265e-07,1.1704868760798619e-07
P22939,8.075123222684843e-08,8.068872189111112e-08,5.811800453940164e-08
P23200,0.0,0.0,0.0
P23256,0.0,0.0,0.0
P23331,0.0,0.0,0.0
P23522,0.0,0.0,0.0
P23524,0.0,0.0,0.0
P23538,2.2201525886257055e-07,2.1695094875794596e-07,1.597880734023244e-07
P23721,4.7566789134629575e-05,4.440789495890335e-05,3.423460906559545e-05
P23830,3.0443287545427046e-08,3.04197210923475e-08,2.19105402477222e-08
P23845,7.591282451142748e-07,7.585405963545039e-07,5.463572205511613e-07
P23857,0.0,0.0,0.0
P23871,0.0,0.0,0.0
P23876,0.0,0.0,0.0
P23877,0.0,0.0,0.0
P23878,0.0,0.0,0.0
P23883,0.0,0.0,0.0
P23893,2.6728696798919e-07,2.670800584765268e-07,1.923708752242984e-07
P23908,5.5395365250060395e-09,5.535248314430746e-09,3.986896546693884e-09
P23917,0.0,0.0,0.0
P23930,0.0,0.0,0.0
P24169,0.0,0.0,0.0
P24173,0.0,0.0,0.0
P24174,0.0,0.0,0.0
P24175,0.0,0.0,0.0
P24182,1.8400102233878905e-07,1.838585853088503e-07,1.324285952875564e-07
P24183,0.0,0.0,0.0
P24186,3.462823464536893e-06,3.0318747292046786e-06,2.4922516261515676e-06
P24203,0.0,0.0,0.0
P24205,0.0,0.0,0.0
P24215,0.0,0.0,0.0
P24224,0.0,0.0,0.0
P24228,0.0,0.0,0.0
P24232,0.0,0.0,0.0
P24240,0.0,0.0,0.0
P24241,0.0,0.0,0.0
P25397,0.0,0.0,0.0
P25437,0.0,0.0,0.0
P25516,0.000679443004843366,0.0006492039305269531,0.000360012616418051
P25519,0.0,0.0,0.0
P25524,0.0,0.0,0.0
P25526,0.0,0.0,0.0
P25534,0.0,0.0,0.0
P25535,0.0,0.0,0.0
P25536,0.0,0.0,0.0
P25539,1.2984453998602633e-09,1.2974402603032526e-09,9.345127444158083e-10
P25552,0.0,0.0,0.0
P25553,0.0,6.247357882891146e-11,0.0
P25665,1.0079649874121091e-05,1.0060753383691326e-05,3.237764202720577e-06
P25718,0.0,0.0,0.0
P25740,0.0,0.0,0.0
P25741,0.0,0.0,0.0
P25742,0.0,0.0,0.0
P25889,0.0,0.0,0.0
P26281,9.068583368016528e-09,9.061563287016024e-09,6.526810239473065e-09
P26365,0.0,0.0,0.0
P26458,0.0,0.0,0.0
P26459,0.0,0.0,0.0
P26602,9.335390426093529e-09,9.328163807085017e-09,6.71883571555452e-09
P26612,0.0,0.0,0.0
P26616,0.0,0.0,0.0
P26646,0.0,0.0,0.0
P26647,6.26212049065348e-09,6.257272920610289e-09,4.506952241666129e-09
P27126,0.0,0.0,0.0
P27127,0.0,0.0,0.0
P27128,0.0,0.0,0.0
P27129,0.0,0.0,0.0
P27240,0.0,0.0,0.0
P27241,0.0,0.0,0.0
P27242,0.0,0.0,0.0
P27243,0.0,0.0,0.0
P27247,0.0,0.0,0.0
P27248,0.0,0.0,0.0
P27250,0.0,0.0,0.0
P27253,0.0,0.0,0.0
P27254,0.0,0.0,0.0
P27278,0.0,0.0,0.0
P27300,5.769160298393951e-07,5.764694333761268e-07,4.1521605945120517e-07
P27302,1.1539023752428653e-07,3.3781062341133377e-07,8.30482726183031e-08
P27306,2.7995503518273948e-06,2.672542230462698e-06,0.0
P27550,0.0,0.0,0.0
P27828,0.0,0.0,0.0
P27829,0.0,0.0,0.0
P27830,0.0,0.0,0.0
P27832,0.0,0.0,0.0
P27833,0.0,0.0,0.0
P27835,0.0,0.0,0.0
P27836,0.0,0.0,0.0
P27848,0.0,0.0,0.0
P28248,0.0,0.0,0.0
P28305,1.3284077753508241e-10,1.327379441618176e-10,9.560771642607445e-11
P28306,0.0,0.0,0.0
P28629,0.0,0.0,0.0
P28635,0.0,0.0,0.0
P28861,0.0,0.0,0.0
P28903,1.2047282361800153e-08,1.2037956440146924e-08,8.670629434157363e-09
P28904,0.0,0.0,0.0
P29012,4.1826884387330846e-08,4.179450577819056e-08,0.0
P29208,0.0,0.0,0.0
P29680,5.006317361488704e-08,5.0024419211958384e-08,3.6031298485122254e-08
P30011,1.1579581064097825e-06,1.157061719469043e-06,8.334017033411781e-07
P30125,4.6467835711042755e-07,4.6431864495110235e-07,3.3443674013593243e-07
P30126,8.050900543606817e-10,8.044668261051068e-10,5.794366989041008e-10
P30136,3.606808647427658e-10,3.604016580814298e-10,2.595880156417831e-10
P30137,8.001926457029316e-08,7.995732085803338e-08,5.759119524605684e-08
P30138,1.3224945996523962e-06,1.3214708433683827e-06,9.518213533883505e-07
P30139,6.10399702034137e-11,6.099271855256524e-11,4.393148150855857e-11
P30140,1.3224945996523962e-06,1.3214708433683827e-06,9.518213533883505e-07
P30147,0.0,0.0,0.0
P30235,0.0,0.0,0.0
P30744,0.0,0.0,0.0
P30745,0.0,0.0,0.0
P30748,0.0,0.0,0.0
P30749,0.0,0.0,0.0
P30750,0.0,0.0,0.0
P30859,0.0,0.0,0.0
P30860,0.0,0.0,0.0
P30863,0.0,0.0,0.0
P31057,6.125902965800066e-08,6.121160843145244e-08,4.4089142240727377e-08
P31119,1.4282674922989362e-05,1.4271618561618379e-05,1.0279478629839983e-05
P31120,8.511885964278646e-07,8.505296828302571e-07,6.126145861417112e-07
P31129,0.0,0.0,0.0
P31133,0.0,0.0,0.0
P31134,0.0,0.0,0.0
P31135,0.0,0.0,0.0
P31142,0.0,0.0,0.0
P31434,0.0,0.0,0.0
P31441,0.0,0.0,0.0
P31459,0.0,0.0,0.0
P31467,0.0,0.0,0.0
P31545,6.103997020341369e-13,6.099271855256524e-13,4.3931481508558567e-13
P31547,0.0,0.0,0.0
P31548,0.0,0.0,0.0
P31549,0.0,0.0,0.0
P31550,0.0,0.0,0.0
P31551,0.0,0.0,0.0
P31552,0.0,0.0,0.0
P31554,4.8582769798104785e-09,4.854516139056296e-09,3.4965827242501434e-09
P31572,0.0,0.0,0.0
P31658,0.0,0.0,0.0
P31660,0.0,0.0,0.0
P31663,3.4260920268474206e-08,3.4234398547988715e-08,2.4658153997022478e-08
P31677,0.0,0.0,0.0
P31678,0.0,0.0,0.0
P31806,0.0,0.0,0.0
P31979,2.5922630970874553e-06,2.5893982260859004e-06,1.8925741382839382e-06
P32055,0.0,0.0,0.0
P32056,0.0,0.0,0.0
P32099,0.0,0.0,0.0
P32125,0.0,0.0,0.0
P32131,0.0,0.0,0.0
P32138,0.0,0.0,0.0
P32140,0.0,0.0,0.0
P32141,0.0,0.0,0.0
P32143,0.0,0.0,0.0
P32166,0.0,0.0,0.0
P32169,0.0,0.0,0.0
P32170,0.0,0.0,0.0
P32171,0.0,0.0,0.0
P32173,0.0,0.0,0.0
P32176,0.0,0.0,0.0
P32662,0.0,0.0,0.0
P32664,0.0,0.0,0.0
P32669,1.1885636106786014e-07,0.0,0.0
P32674,0.00016652757491930948,0.00016717131171332445,9.312032111605828e-05
P32675,0.00016652757491930948,0.00016717131171332445,9.312032111605828e-05
P32709,0.0,0.0,0.0
P32718,0.0,0.0,0.0
P32719,0.0,0.0,0.0
P32720,0.0,0.0,0.0
P32721,0.0,0.0,0.0
P33013,0.0,0.0,0.0
P33018,0.0,0.0,0.0
P33022,0.0,0.0,0.0
P33025,0.0,0.0,0.0
P33030,0.0,0.0,0.0
P33195,0.0,0.0,0.0
P33221,7.706503513085736e-08,8.909881383515383e-08,8.872528432028127e-09
P33225,0.0,0.0,0.0
P33226,0.0,0.0,0.0
P33232,0.0,0.0,0.0
P33359,0.0,0.0,0.0
P33360,0.0,0.0,0.0
P33361,0.0,0.0,0.0
P33362,0.0,0.0,0.0
P33363,0.0,0.0,0.0
P33570,3.3781173749684886e-07,1.1517071811046955e-07,2.431287245023379e-07
P33590,0.0,0.0,0.0
P33591,0.0,0.0,0.0
P33593,0.0,0.0,0.0
P33594,0.0,0.0,0.0
P33599,2.5922630970874553e-06,2.5893982260859004e-06,1.8925741382839382e-06
P33602,2.5922630970874553e-06,2.5893982260859004e-06,1.8925741382839382e-06
P33607,2.5922630970874553e-06,2.5893982260859004e-06,1.8925741382839382e-06
P33931,0.0,0.0,0.0
P33934,0.0,0.0,0.0
P33937,0.0,0.0,0.0
P33940,0.0,0.0,0.0
P35340,0.0,0.0,0.0
P36548,0.0,0.0,0.0
P36553,9.335390426093034e-07,9.328163807084575e-07,6.71883571555454e-07
P36561,0.0,0.0,0.0
P36562,0.0,0.0,0.0
P36649,0.0,0.0,0.0
P36655,0.0,0.0,0.0
P36672,0.0,0.0,0.0
P36683,0.0,3.345694019114399e-05,0.0
P36937,0.0,0.0,0.0
P36938,0.0,0.0,0.0
P37001,0.0,0.0,0.0
P37028,0.0,0.0,0.0
P37051,0.0,0.0,0.0
P37095,0.0,0.0,0.0
P37128,0.0,0.0,0.0
P37146,0.0,0.0,0.0
P37180,0.0,0.0,0.0
P37188,0.0,0.0,0.0
P37306,1.3978655320884677e-07,1.3967834304125465e-07,1.0060670667064239e-07
P37329,1.7479409364038523e-12,1.7465878378594816e-12,1.258022156134406e-12
P37330,0.0,5.715091368557247e-07,0.0
P37339,0.0,0.0,0.0
P37349,0.0,0.0,0.0
P37351,1.3247497146544e-09,0.0,0.0
P37353,0.0,0.0,0.0
P37355,0.0,0.0,0.0
P37387,0.0,0.0,0.0
P37388,0.0,0.0,0.0
P37595,0.0,0.0,0.0
P37596,0.0,0.0,0.0
P37610,0.0,0.0,0.0
P37617,0.0,0.0,0.0
P37623,0.0,0.0,0.0
P37646,0.0,0.0,0.0
P37647,0.0,0.0,0.0
P37661,0.0,0.0,0.0
P37666,0.0,0.0,0.0
P37672,0.0,0.0,0.0
P37677,0.0,0.0,0.0
P37678,0.0,0.0,0.0
P37679,0.0,0.0,0.0
P37680,0.0,0.0,0.0
P37685,0.0,0.0,0.0
P37686,0.0,2.4120032710916743e-09,0.0
P37689,0.0,0.0,0.0
P37691,0.0,0.0,0.0
P37692,0.0,0.0,0.0
P37744,0.0,0.0,0.0
P37745,0.0,0.0,0.0
P37747,0.0,0.0,0.0
P37748,0.0,0.0,0.0
P37749,0.0,0.0,0.0
P37750,0.0,0.0,0.0
P37759,0.0,0.0,0.0
P37760,0.0,0.0,0.0
P37766,0.0,0.0,0.0
P37769,0.0,0.0,0.0
P37772,0.0,0.0,0.0
P37773,0.0,0.0,0.0
P37774,0.0,0.0,0.0
P37794,0.0,0.0,0.0
P37902,0.0,0.0,0.0
P37906,0.0,0.0,0.0
P38038,4.4529052382872097e-07,4.449458199848653e-07,3.19898893221083e-07
P38051,0.0,0.0,0.0
P38135,0.0,0.0,0.0
P38489,0.0,0.0,0.0
P39160,0.0,0.0,0.0
P39172,0.0,0.0,0.0
P39176,0.0,0.0,0.0
P39208,0.0,0.0,0.0
P39265,0.0,0.0,0.0
P39280,0.0,0.0,0.0
P39286,0.0,0.0,0.0
P39300,0.0,0.0,0.0
P39301,0.0,0.0,0.0
P39304,0.0,0.0,0.0
P39305,0.0,0.0,0.0
P39306,0.0,0.0,0.0
P39325,0.0,0.0,0.0
P39328,0.0,0.0,0.0
P39346,0.0,0.0,0.0
P39358,0.0,0.0,0.0
P39359,0.0,0.0,0.0
P39400,0.0,0.0,0.0
P39411,0.0,0.0,0.0
P39451,0.0,0.0,0.0
P39452,0.0,0.0,0.0
P39829,0.0,0.0,0.0
P39831,0.0,0.0,0.0
P39832,0.0,0.0,0.0
P40191,0.0,0.0,0.0
P40874,0.0,0.0,0.0
P41052,0.0,0.0,0.0
P41409,0.0,0.0,0.0
P42588,0.0,0.0,0.0
P42604,0.0,0.0,0.0
P42630,0.0,0.0,0.0
P42632,0.0,0.0,0.0
P43337,0.0,0.0,0.0
P43341,4.8878854230215214e-08,4.8841016620756e-08,3.517892413148884e-08
P45395,0.0,0.0,0.0
P45425,0.0,0.0,0.0
P45541,0.0,0.0,0.0
P45543,0.0,0.0,0.0
P45563,0.0,0.0,0.0
P45568,4.474073929734408e-09,4.4706105044002045e-09,3.2200654007044235e-09
P45578,7.93496759791504e-08,7.928825060210861e-08,5.7109281203300804e-08
P45799,0.0,0.0,0.0
P46022,0.0,0.0,0.0
P46859,0.0,0.0,0.0
P46883,0.0,0.0,0.0
P46891,0.0,0.0,0.0
P46923,0.0,0.0,0.0
P50457,1.0010426507905131e-06,1.0002677336720755e-06,7.204670407919437e-07
P51020,0.0,0.0,0.0
P51025,0.0,0.0,0.0
P51981,0.0,0.0,0.0
P52005,0.0,0.0,0.0
P52006,1.2480900863391178e-09,1.247123927332312e-09,8.982711879822601e-10
P52043,0.0,0.0,0.0
P52045,0.0,0.0,0.0
P52061,0.0,0.0,0.0
P52073,0.0,1.0122028225084502e-08,0.0
P52074,0.0,1.0122028225084502e-08,0.0
P52086,0.0,0.0,0.0
P52094,0.0,0.0,0.0
P52095,0.0,0.0,0.0
P52643,0.0,0.0,0.0
P52647,8.233736894378117e-08,8.227363076376324e-08,5.9259573508356474e-08
P52697,0.0,0.0,0.0
P54745,0.0,0.0,0.0
P54746,0.0,0.0,0.0
P55734,0.0,0.0,0.0
P56100,0.0,0.0,0.0
P56258,0.0,0.0,0.0
P56579,0.0,0.0,0.0
P56580,0.0,0.0,0.0
P60472,1.5656381946247627e-09,1.5644262184543424e-09,1.1268158416041105e-09
P60546,1.923274836976101e-07,1.921786010707357e-07,1.3842128797724465e-07
P60560,0.0,0.0,0.0
P60595,4.885645848557334e-08,4.8818638212883843e-08,3.516280554168078e-08
P60651,0.0,0.0,0.0
P60664,4.885645848557334e-08,4.8818638212883843e-08,3.516280554168078e-08
P60716,0.0,0.0,0.0
P60720,0.0,0.0,0.0
P60752,3.957438162357545e-08,3.954374669933173e-08,2.8482340484686456e-08
P60757,2.4970701222096407e-06,2.4951371152772073e-06,1.797182887440071e-06
P60782,0.0,0.0,0.0
P60932,0.0,0.0,0.0
P61517,8.50132885213633e-12,8.494747888525689e-12,0.0
P61714,3.303836949571098e-10,3.3012794163792634e-10,2.3778263877543934e-10
P61887,0.0,0.0,0.0
P61889,6.22419565987992e-06,6.274138875677785e-06,3.4215982592764653e-06
P61949,1.3149488423696486e-06,1.3140272391318397e-06,9.464599173081593e-07
P62601,0.0,0.0,0.0
P62615,2.266874733383128e-07,2.2651199230012774e-07,1.6315074384860223e-07
P62617,6.296840256242575e-08,6.291965809281837e-08,4.5319406342695674e-08
P62620,1.2266842186587642e-06,1.2257346301480031e-06,8.828650290827241e-07
P62623,2.0240105990832533e-07,2.022443792254482e-07,1.456714082763028e-07
P62707,2.4887393418665997e-06,2.420796702483918e-06,1.7911870863056026e-06
P63224,0.0,0.0,0.0
P63228,0.0,0.0,0.0
P63883,0.0,0.0,0.0
P64461,3.5266522657400174e-12,3.523922248982605e-12,2.5381902757022576e-12
P64636,0.0,0.0,0.0
P65870,0.0,0.0,0.0
P66899,0.0,0.0,0.0
P67910,0.0,0.0,0.0
P68066,0.0,0.0,0.0
P68183,0.0,0.0,0.0
P68187,0.0,0.0,0.0
P68688,0.0,0.0,0.0
P68699,0.00039077688079272387,0.00039082863777018185,0.00027207971856309894
P68767,0.0,0.0,0.0
P69054,1.0220679881783075e-05,1.0271608654347453e-05,5.328634218578288e-06
P69330,0.0,0.0,0.0
P69432,0.0,0.0,0.0
P69441,1.78628337709697e-06,1.7612912519407638e-06,1.2660390803008792e-06
P69451,0.0,0.0,0.0
P69490,0.0,0.0,0.0
P69503,0.0,0.0,0.0
P69739,0.0,0.0,0.0
P69741,0.0,0.0,0.0
P69776,0.0,0.0,0.0
P69783,0.0,0.0,0.0
P69786,0.0,0.0,0.0
P69791,0.0,0.0,0.0
P69795,0.0,0.0,0.0
P69797,0.0,0.0,0.0
P69801,0.0,0.0,0.0
P69805,0.0,0.0,0.0
P69811,0.0,0.0,0.0
P69820,0.0,0.0,0.0
P69822,0.0,0.0,0.0
P69824,0.0,0.0,0.0
P69826,0.0,0.0,0.0
P69828,0.0,0.0,0.0
P69831,0.0,0.0,0.0
P69874,0.0,0.0,0.0
P69902,0.0,0.0,0.0
P69908,0.0,0.0,0.0
P69910,0.0,0.0,0.0
P69922,0.0,0.0,0.0
P69924,0.0,0.0,0.0
P71241,0.0,0.0,0.0
P75682,0.0,0.0,0.0
P75691,0.0,0.0,0.0
P75713,0.0,0.0,0.0
P75726,0.0,0.0,0.0
P75728,0.0,0.0,0.0
P75792,0.0,0.0,0.0
P75796,0.0,0.0,0.0
P75797,0.0,0.0,0.0
P75798,0.0,0.0,0.0
P75799,0.0,0.0,0.0
P75804,0.0,0.0,0.0
P75806,0.0,0.0,0.0
P75809,0.0,0.0,0.0
P75820,0.0,0.0,0.0
P75823,1.3411253880120759e-08,0.0,9.65230241557454e-09
P75838,0.0,0.0,0.0
P75851,0.0,0.0,0.0
P75853,0.0,0.0,0.0
P75893,0.0,0.0,0.0
P75894,0.0,0.0,0.0
P75895,0.0,0.0,0.0
P75897,0.0,0.0,0.0
P75898,0.0,0.0,0.0
P75905,0.0,0.0,0.0
P75908,0.0,0.0,0.0
P75913,0.0,0.0,0.0
P75948,0.0,0.0,0.0
P75949,0.0,0.0,0.0
P75954,0.0,0.0,0.0
P75959,0.0,0.0,0.0
P76008,0.0,0.0,0.0
P76014,0.0,0.0,0.0
P76015,0.0,0.0,0.0
P76038,0.0,0.0,0.0
P76052,0.0,0.0,0.0
P76077,0.0,0.0,0.0
P76078,0.0,0.0,0.0
P76079,0.0,0.0,0.0
P76080,0.0,0.0,0.0
P76081,0.0,0.0,0.0
P76082,0.0,0.0,0.0
P76083,0.0,0.0,0.0
P76084,0.0,0.0,0.0
P76085,0.0,0.0,0.0
P76108,0.0,0.0,0.0
P76112,0.0,0.0,0.0
P76113,0.0,0.0,0.0
P76129,0.0,0.0,0.0
P76142,0.0,0.0,0.0
P76143,6.0688036268138874e-09,6.064105705286551e-09,4.3678188803492194e-09
P76145,0.0,0.0,0.0
P76149,0.0,0.0,0.0
P76173,0.0,0.0,0.0
P76190,0.0,0.0,0.0
P76193,0.0,0.0,0.0
P76194,0.0,0.0,0.0
P76215,0.0,0.0,0.0
P76216,0.0,0.0,0.0
P76217,0.0,0.0,0.0
P76234,0.0,0.0,0.0
P76245,0.0,0.0,0.0
P76251,0.0,0.0,0.0
P76270,0.0,0.0,0.0
P76290,0.0,0.0,0.0
P76316,0.0,0.0,0.0
P76372,0.0,0.0,0.0
P76373,0.0,0.0,0.0
P76422,3.690678617718384e-08,3.6878216265229895e-08,2.6562427685991904e-08
P76423,0.0,0.0,0.0
P76440,0.0,0.0,0.0
P76445,0.0,0.0,0.0
P76458,0.0,0.0,0.0
P76459,0.0,0.0,0.0
P76461,8.49183207342777e-09,8.48525846136898e-09,6.111712742722032e-09
P76469,0.0,0.0,0.0
P76472,0.0,0.0,0.0
P76473,0.0,0.0,0.0
P76491,0.0,0.0,0.0
P76503,0.0,3.5263154184932733e-07,3.5263154184932733e-07
P76514,0.0,0.0,0.0
P76518,0.0,0.0,0.0
P76535,0.0,0.0,0.0
P76536,0.0,0.0,0.0
P76558,0.0,0.0,0.0
P76577,1.4125614899428514e-08,1.411468011979112e-08,1.0166439919339247e-08
P76641,0.0,0.0,0.0
P76658,0.0,0.0,0.0
P77044,0.0,0.0,0.0
P77150,0.0,0.0,0.0
P77156,0.0,0.0,0.0
P77161,0.0,0.0,0.0
P77172,0.0,0.0,0.0
P77202,0.0,0.0,0.0
P77215,0.0,0.0,0.0
P77218,9.983460953945337e-08,0.0,0.0
P77231,0.0,0.0,0.0
P77243,0.0,0.0,0.0
P77247,0.0,0.0,0.0
P77252,0.0,0.0,0.0
P77256,0.0,0.0,0.0
P77257,0.0,0.0,0.0
P77272,0.0,0.0,0.0
P77302,0.0,0.0,0.0
P77319,0.0,0.0,0.0
P77334,0.0,0.0,0.0
P77357,0.0,0.0,0.0
P77364,0.0,0.0,0.0
P77366,0.0,0.0,0.0
P77374,0.0,0.0,0.0
P77397,0.0,0.0,0.0
P77398,0.0,0.0,0.0
P77399,3.884161010552153e-08,3.88115424270318e-08,2.7954952638851882e-08
P77425,0.0,0.0,0.0
P77432,4.176358874831442e-09,4.173125913696028e-09,3.00579492537965e-09
P77433,0.0,0.0,0.0
P77434,0.0,0.0,0.0
P77444,0.0,0.0,0.0
P77454,0.0,0.0,0.0
P77455,0.0,0.0,0.0
P77467,0.0,0.0,0.0
P77475,8.93451353979612e-09,8.929885212679186e-09,6.430317954833505e-09
P77488,7.760014149178651e-08,7.754007044687303e-08,5.585011214204614e-08
P77495,0.0,0.0,0.0
P77499,0.0,0.0,0.0
P77522,0.0,0.0,0.0
P77526,0.0,0.0,0.0
P77536,0.0,0.0,0.0
P77541,0.0,0.0,0.0
P77555,0.0,0.0,0.0
P77567,0.0,0.0,0.0
P77570,0.0,0.0,0.0
P77580,0.0,4.2218067043038213e-07,0.0
P77581,0.0,0.0,0.0
P77596,0.0,0.0,0.0
P77608,0.0,0.0,0.0
P77619,0.0,0.0,0.0
P77625,0.0,0.0,0.0
P77650,0.0,0.0,0.0
P77671,0.0,0.0,0.0
P77672,0.0,0.0,0.0
P77674,0.0,0.0,0.0
P77689,0.0,0.0,0.0
P77690,0.0,0.0,0.0
P77718,1.3224945996523962e-06,1.3214708433683827e-06,9.518213533883505e-07
P77731,0.0,0.0,0.0
P77756,0.0,0.0,0.0
P77757,0.0,0.0,0.0
P77781,0.0,0.0,0.0
P77783,0.0,0.0,0.0
P77788,0.0,0.0,0.0
P77790,0.0,0.0,0.0
P77791,0.0,0.0,0.0
P77795,0.0,0.0,0.0
P78055,0.0,1.1879479015899082e-07,8.554289936621167e-08
P78061,0.0,0.0,0.0
P80644,0.0,0.0,0.0
P80645,0.0,0.0,0.0
P80668,0.0,0.0,0.0
Q46799,0.0,0.0,0.0
Q46800,0.0,0.0,0.0
Q46801,0.0,0.0,0.0
Q46806,0.0,0.0,0.0
Q46810,0.0,0.0,0.0
Q46822,0.0,0.0,0.0
Q46829,0.0,0.0,0.0
Q46845,0.0,0.0,0.0
Q46851,0.0,0.0,0.0
Q46856,0.0,0.0,0.0
Q46857,0.0,0.0,0.0
Q46871,0.0,0.0,0.0
Q46877,0.0,0.0,0.0
Q46890,0.0,0.0,0.0
Q46893,3.1426055886156195e-09,3.140172866228382e-09,2.261785496370246e-09
Q46915,0.0,0.0,0.0
Q46920,0.0,0.0,0.0
Q46925,0.0,0.0,0.0
Q46938,0.0,0.0,0.0
Q47140,0.0,0.0,0.0
Q47146,3.6464271945363134e-06,3.6436044588097665e-06,2.6243942835364996e-06
Q47537,0.0,0.0,0.0
Q47538,0.0,0.0,0.0
Q47539,0.0,0.0,0.0
Q47690,0.0,0.0,0.0
Q59385,0.0,0.0,0.0
Q6BEX0,0.0,0.0,0.0
Q6BF16,0.0,0.0,0.0
Q6BF17,0.0,0.0,0.0
Q93K97,0.0,0.0,0.0
